[2026-01-16T05:47:22.076+0000] {processor.py:161} INFO - Started process (PID=163) to work on /opt/airflow/dags/monitoring_retraining_dag.py
[2026-01-16T05:47:22.077+0000] {processor.py:830} INFO - Processing file /opt/airflow/dags/monitoring_retraining_dag.py for tasks to queue
[2026-01-16T05:47:22.081+0000] {logging_mixin.py:188} INFO - [2026-01-16T05:47:22.081+0000] {dagbag.py:545} INFO - Filling up the DagBag from /opt/airflow/dags/monitoring_retraining_dag.py
[2026-01-16T05:47:22.832+0000] {processor.py:840} INFO - DAG(s) 'monitoring_retraining_pipeline' retrieved from /opt/airflow/dags/monitoring_retraining_dag.py
[2026-01-16T05:47:22.869+0000] {logging_mixin.py:188} INFO - [2026-01-16T05:47:22.869+0000] {dag.py:3089} INFO - Sync 1 DAGs
[2026-01-16T05:47:22.905+0000] {logging_mixin.py:188} INFO - [2026-01-16T05:47:22.904+0000] {dag.py:3947} INFO - Setting next_dagrun for monitoring_retraining_pipeline to 2026-01-16 00:00:00+00:00, run_after=2026-01-17 00:00:00+00:00
[2026-01-16T05:47:22.933+0000] {processor.py:183} INFO - Processing /opt/airflow/dags/monitoring_retraining_dag.py took 0.867 seconds
[2026-01-16T05:47:53.222+0000] {processor.py:161} INFO - Started process (PID=343) to work on /opt/airflow/dags/monitoring_retraining_dag.py
[2026-01-16T05:47:53.224+0000] {processor.py:830} INFO - Processing file /opt/airflow/dags/monitoring_retraining_dag.py for tasks to queue
[2026-01-16T05:47:53.228+0000] {logging_mixin.py:188} INFO - [2026-01-16T05:47:53.227+0000] {dagbag.py:545} INFO - Filling up the DagBag from /opt/airflow/dags/monitoring_retraining_dag.py
[2026-01-16T05:47:53.766+0000] {processor.py:840} INFO - DAG(s) 'monitoring_retraining_pipeline' retrieved from /opt/airflow/dags/monitoring_retraining_dag.py
[2026-01-16T05:47:53.968+0000] {logging_mixin.py:188} INFO - [2026-01-16T05:47:53.968+0000] {dag.py:3089} INFO - Sync 1 DAGs
[2026-01-16T05:47:53.997+0000] {logging_mixin.py:188} INFO - [2026-01-16T05:47:53.996+0000] {dag.py:3947} INFO - Setting next_dagrun for monitoring_retraining_pipeline to 2026-01-16 00:00:00+00:00, run_after=2026-01-17 00:00:00+00:00
[2026-01-16T05:47:54.020+0000] {processor.py:183} INFO - Processing /opt/airflow/dags/monitoring_retraining_dag.py took 0.810 seconds
[2026-01-16T05:48:24.290+0000] {processor.py:161} INFO - Started process (PID=484) to work on /opt/airflow/dags/monitoring_retraining_dag.py
[2026-01-16T05:48:24.291+0000] {processor.py:830} INFO - Processing file /opt/airflow/dags/monitoring_retraining_dag.py for tasks to queue
[2026-01-16T05:48:24.293+0000] {logging_mixin.py:188} INFO - [2026-01-16T05:48:24.293+0000] {dagbag.py:545} INFO - Filling up the DagBag from /opt/airflow/dags/monitoring_retraining_dag.py
[2026-01-16T05:48:24.583+0000] {processor.py:840} INFO - DAG(s) 'monitoring_retraining_pipeline' retrieved from /opt/airflow/dags/monitoring_retraining_dag.py
[2026-01-16T05:48:24.616+0000] {logging_mixin.py:188} INFO - [2026-01-16T05:48:24.615+0000] {dag.py:3089} INFO - Sync 1 DAGs
[2026-01-16T05:48:24.635+0000] {logging_mixin.py:188} INFO - [2026-01-16T05:48:24.635+0000] {dag.py:3947} INFO - Setting next_dagrun for monitoring_retraining_pipeline to 2026-01-16 00:00:00+00:00, run_after=2026-01-17 00:00:00+00:00
[2026-01-16T05:48:24.654+0000] {processor.py:183} INFO - Processing /opt/airflow/dags/monitoring_retraining_dag.py took 0.370 seconds
[2026-01-16T05:48:54.921+0000] {processor.py:161} INFO - Started process (PID=490) to work on /opt/airflow/dags/monitoring_retraining_dag.py
[2026-01-16T05:48:54.922+0000] {processor.py:830} INFO - Processing file /opt/airflow/dags/monitoring_retraining_dag.py for tasks to queue
[2026-01-16T05:48:54.924+0000] {logging_mixin.py:188} INFO - [2026-01-16T05:48:54.924+0000] {dagbag.py:545} INFO - Filling up the DagBag from /opt/airflow/dags/monitoring_retraining_dag.py
[2026-01-16T05:48:55.248+0000] {processor.py:840} INFO - DAG(s) 'monitoring_retraining_pipeline' retrieved from /opt/airflow/dags/monitoring_retraining_dag.py
[2026-01-16T05:48:55.283+0000] {logging_mixin.py:188} INFO - [2026-01-16T05:48:55.283+0000] {dag.py:3089} INFO - Sync 1 DAGs
[2026-01-16T05:48:55.305+0000] {logging_mixin.py:188} INFO - [2026-01-16T05:48:55.305+0000] {dag.py:3947} INFO - Setting next_dagrun for monitoring_retraining_pipeline to 2026-01-16 00:00:00+00:00, run_after=2026-01-17 00:00:00+00:00
[2026-01-16T05:48:55.328+0000] {processor.py:183} INFO - Processing /opt/airflow/dags/monitoring_retraining_dag.py took 0.414 seconds
[2026-01-16T05:49:25.657+0000] {processor.py:161} INFO - Started process (PID=496) to work on /opt/airflow/dags/monitoring_retraining_dag.py
[2026-01-16T05:49:25.658+0000] {processor.py:830} INFO - Processing file /opt/airflow/dags/monitoring_retraining_dag.py for tasks to queue
[2026-01-16T05:49:25.660+0000] {logging_mixin.py:188} INFO - [2026-01-16T05:49:25.660+0000] {dagbag.py:545} INFO - Filling up the DagBag from /opt/airflow/dags/monitoring_retraining_dag.py
[2026-01-16T05:49:26.010+0000] {processor.py:840} INFO - DAG(s) 'monitoring_retraining_pipeline' retrieved from /opt/airflow/dags/monitoring_retraining_dag.py
[2026-01-16T05:49:26.046+0000] {logging_mixin.py:188} INFO - [2026-01-16T05:49:26.046+0000] {dag.py:3089} INFO - Sync 1 DAGs
[2026-01-16T05:49:26.069+0000] {logging_mixin.py:188} INFO - [2026-01-16T05:49:26.069+0000] {dag.py:3947} INFO - Setting next_dagrun for monitoring_retraining_pipeline to 2026-01-16 00:00:00+00:00, run_after=2026-01-17 00:00:00+00:00
[2026-01-16T05:49:26.091+0000] {processor.py:183} INFO - Processing /opt/airflow/dags/monitoring_retraining_dag.py took 0.440 seconds
[2026-01-16T05:49:56.382+0000] {processor.py:161} INFO - Started process (PID=502) to work on /opt/airflow/dags/monitoring_retraining_dag.py
[2026-01-16T05:49:56.384+0000] {processor.py:830} INFO - Processing file /opt/airflow/dags/monitoring_retraining_dag.py for tasks to queue
[2026-01-16T05:49:56.386+0000] {logging_mixin.py:188} INFO - [2026-01-16T05:49:56.386+0000] {dagbag.py:545} INFO - Filling up the DagBag from /opt/airflow/dags/monitoring_retraining_dag.py
[2026-01-16T05:49:56.711+0000] {processor.py:840} INFO - DAG(s) 'monitoring_retraining_pipeline' retrieved from /opt/airflow/dags/monitoring_retraining_dag.py
[2026-01-16T05:49:56.746+0000] {logging_mixin.py:188} INFO - [2026-01-16T05:49:56.745+0000] {dag.py:3089} INFO - Sync 1 DAGs
[2026-01-16T05:49:56.767+0000] {logging_mixin.py:188} INFO - [2026-01-16T05:49:56.766+0000] {dag.py:3947} INFO - Setting next_dagrun for monitoring_retraining_pipeline to 2026-01-16 00:00:00+00:00, run_after=2026-01-17 00:00:00+00:00
[2026-01-16T05:49:56.782+0000] {processor.py:183} INFO - Processing /opt/airflow/dags/monitoring_retraining_dag.py took 0.409 seconds
[2026-01-16T05:50:27.085+0000] {processor.py:161} INFO - Started process (PID=508) to work on /opt/airflow/dags/monitoring_retraining_dag.py
[2026-01-16T05:50:27.086+0000] {processor.py:830} INFO - Processing file /opt/airflow/dags/monitoring_retraining_dag.py for tasks to queue
[2026-01-16T05:50:27.089+0000] {logging_mixin.py:188} INFO - [2026-01-16T05:50:27.088+0000] {dagbag.py:545} INFO - Filling up the DagBag from /opt/airflow/dags/monitoring_retraining_dag.py
[2026-01-16T05:50:27.404+0000] {processor.py:840} INFO - DAG(s) 'monitoring_retraining_pipeline' retrieved from /opt/airflow/dags/monitoring_retraining_dag.py
[2026-01-16T05:50:27.439+0000] {logging_mixin.py:188} INFO - [2026-01-16T05:50:27.438+0000] {dag.py:3089} INFO - Sync 1 DAGs
[2026-01-16T05:50:27.460+0000] {logging_mixin.py:188} INFO - [2026-01-16T05:50:27.459+0000] {dag.py:3947} INFO - Setting next_dagrun for monitoring_retraining_pipeline to 2026-01-16 00:00:00+00:00, run_after=2026-01-17 00:00:00+00:00
[2026-01-16T05:50:27.481+0000] {processor.py:183} INFO - Processing /opt/airflow/dags/monitoring_retraining_dag.py took 0.402 seconds
[2026-01-16T05:50:57.794+0000] {processor.py:161} INFO - Started process (PID=514) to work on /opt/airflow/dags/monitoring_retraining_dag.py
[2026-01-16T05:50:57.795+0000] {processor.py:830} INFO - Processing file /opt/airflow/dags/monitoring_retraining_dag.py for tasks to queue
[2026-01-16T05:50:57.797+0000] {logging_mixin.py:188} INFO - [2026-01-16T05:50:57.797+0000] {dagbag.py:545} INFO - Filling up the DagBag from /opt/airflow/dags/monitoring_retraining_dag.py
[2026-01-16T05:50:58.098+0000] {processor.py:840} INFO - DAG(s) 'monitoring_retraining_pipeline' retrieved from /opt/airflow/dags/monitoring_retraining_dag.py
[2026-01-16T05:50:58.132+0000] {logging_mixin.py:188} INFO - [2026-01-16T05:50:58.132+0000] {dag.py:3089} INFO - Sync 1 DAGs
[2026-01-16T05:50:58.153+0000] {logging_mixin.py:188} INFO - [2026-01-16T05:50:58.153+0000] {dag.py:3947} INFO - Setting next_dagrun for monitoring_retraining_pipeline to 2026-01-16 00:00:00+00:00, run_after=2026-01-17 00:00:00+00:00
[2026-01-16T05:50:58.175+0000] {processor.py:183} INFO - Processing /opt/airflow/dags/monitoring_retraining_dag.py took 0.387 seconds
[2026-01-16T05:51:28.606+0000] {processor.py:161} INFO - Started process (PID=520) to work on /opt/airflow/dags/monitoring_retraining_dag.py
[2026-01-16T05:51:28.607+0000] {processor.py:830} INFO - Processing file /opt/airflow/dags/monitoring_retraining_dag.py for tasks to queue
[2026-01-16T05:51:28.610+0000] {logging_mixin.py:188} INFO - [2026-01-16T05:51:28.609+0000] {dagbag.py:545} INFO - Filling up the DagBag from /opt/airflow/dags/monitoring_retraining_dag.py
[2026-01-16T05:51:28.920+0000] {processor.py:840} INFO - DAG(s) 'monitoring_retraining_pipeline' retrieved from /opt/airflow/dags/monitoring_retraining_dag.py
[2026-01-16T05:51:28.955+0000] {logging_mixin.py:188} INFO - [2026-01-16T05:51:28.954+0000] {dag.py:3089} INFO - Sync 1 DAGs
[2026-01-16T05:51:28.976+0000] {logging_mixin.py:188} INFO - [2026-01-16T05:51:28.976+0000] {dag.py:3947} INFO - Setting next_dagrun for monitoring_retraining_pipeline to 2026-01-16 00:00:00+00:00, run_after=2026-01-17 00:00:00+00:00
[2026-01-16T05:51:28.997+0000] {processor.py:183} INFO - Processing /opt/airflow/dags/monitoring_retraining_dag.py took 0.397 seconds
[2026-01-16T05:51:59.372+0000] {processor.py:161} INFO - Started process (PID=526) to work on /opt/airflow/dags/monitoring_retraining_dag.py
[2026-01-16T05:51:59.373+0000] {processor.py:830} INFO - Processing file /opt/airflow/dags/monitoring_retraining_dag.py for tasks to queue
[2026-01-16T05:51:59.375+0000] {logging_mixin.py:188} INFO - [2026-01-16T05:51:59.375+0000] {dagbag.py:545} INFO - Filling up the DagBag from /opt/airflow/dags/monitoring_retraining_dag.py
[2026-01-16T05:52:00.216+0000] {processor.py:840} INFO - DAG(s) 'monitoring_retraining_pipeline' retrieved from /opt/airflow/dags/monitoring_retraining_dag.py
[2026-01-16T05:52:00.254+0000] {logging_mixin.py:188} INFO - [2026-01-16T05:52:00.253+0000] {dag.py:3089} INFO - Sync 1 DAGs
[2026-01-16T05:52:00.275+0000] {logging_mixin.py:188} INFO - [2026-01-16T05:52:00.275+0000] {dag.py:3947} INFO - Setting next_dagrun for monitoring_retraining_pipeline to 2026-01-16 00:00:00+00:00, run_after=2026-01-17 00:00:00+00:00
[2026-01-16T05:52:00.295+0000] {processor.py:183} INFO - Processing /opt/airflow/dags/monitoring_retraining_dag.py took 0.929 seconds
[2026-01-16T05:52:30.681+0000] {processor.py:161} INFO - Started process (PID=532) to work on /opt/airflow/dags/monitoring_retraining_dag.py
[2026-01-16T05:52:30.683+0000] {processor.py:830} INFO - Processing file /opt/airflow/dags/monitoring_retraining_dag.py for tasks to queue
[2026-01-16T05:52:30.685+0000] {logging_mixin.py:188} INFO - [2026-01-16T05:52:30.684+0000] {dagbag.py:545} INFO - Filling up the DagBag from /opt/airflow/dags/monitoring_retraining_dag.py
[2026-01-16T05:52:31.006+0000] {processor.py:840} INFO - DAG(s) 'monitoring_retraining_pipeline' retrieved from /opt/airflow/dags/monitoring_retraining_dag.py
[2026-01-16T05:52:31.042+0000] {logging_mixin.py:188} INFO - [2026-01-16T05:52:31.042+0000] {dag.py:3089} INFO - Sync 1 DAGs
[2026-01-16T05:52:31.064+0000] {logging_mixin.py:188} INFO - [2026-01-16T05:52:31.063+0000] {dag.py:3947} INFO - Setting next_dagrun for monitoring_retraining_pipeline to 2026-01-16 00:00:00+00:00, run_after=2026-01-17 00:00:00+00:00
[2026-01-16T05:52:31.085+0000] {processor.py:183} INFO - Processing /opt/airflow/dags/monitoring_retraining_dag.py took 0.410 seconds
[2026-01-16T05:53:01.420+0000] {processor.py:161} INFO - Started process (PID=538) to work on /opt/airflow/dags/monitoring_retraining_dag.py
[2026-01-16T05:53:01.421+0000] {processor.py:830} INFO - Processing file /opt/airflow/dags/monitoring_retraining_dag.py for tasks to queue
[2026-01-16T05:53:01.424+0000] {logging_mixin.py:188} INFO - [2026-01-16T05:53:01.423+0000] {dagbag.py:545} INFO - Filling up the DagBag from /opt/airflow/dags/monitoring_retraining_dag.py
[2026-01-16T05:53:01.742+0000] {processor.py:840} INFO - DAG(s) 'monitoring_retraining_pipeline' retrieved from /opt/airflow/dags/monitoring_retraining_dag.py
[2026-01-16T05:53:01.777+0000] {logging_mixin.py:188} INFO - [2026-01-16T05:53:01.776+0000] {dag.py:3089} INFO - Sync 1 DAGs
[2026-01-16T05:53:01.799+0000] {logging_mixin.py:188} INFO - [2026-01-16T05:53:01.799+0000] {dag.py:3947} INFO - Setting next_dagrun for monitoring_retraining_pipeline to 2026-01-16 00:00:00+00:00, run_after=2026-01-17 00:00:00+00:00
[2026-01-16T05:53:01.821+0000] {processor.py:183} INFO - Processing /opt/airflow/dags/monitoring_retraining_dag.py took 0.408 seconds
[2026-01-16T05:53:32.072+0000] {processor.py:161} INFO - Started process (PID=544) to work on /opt/airflow/dags/monitoring_retraining_dag.py
[2026-01-16T05:53:32.073+0000] {processor.py:830} INFO - Processing file /opt/airflow/dags/monitoring_retraining_dag.py for tasks to queue
[2026-01-16T05:53:32.076+0000] {logging_mixin.py:188} INFO - [2026-01-16T05:53:32.075+0000] {dagbag.py:545} INFO - Filling up the DagBag from /opt/airflow/dags/monitoring_retraining_dag.py
[2026-01-16T05:53:32.446+0000] {processor.py:840} INFO - DAG(s) 'monitoring_retraining_pipeline' retrieved from /opt/airflow/dags/monitoring_retraining_dag.py
[2026-01-16T05:53:32.484+0000] {logging_mixin.py:188} INFO - [2026-01-16T05:53:32.484+0000] {dag.py:3089} INFO - Sync 1 DAGs
[2026-01-16T05:53:32.513+0000] {logging_mixin.py:188} INFO - [2026-01-16T05:53:32.513+0000] {dag.py:3947} INFO - Setting next_dagrun for monitoring_retraining_pipeline to 2026-01-16 00:00:00+00:00, run_after=2026-01-17 00:00:00+00:00
[2026-01-16T05:53:32.536+0000] {processor.py:183} INFO - Processing /opt/airflow/dags/monitoring_retraining_dag.py took 0.472 seconds
[2026-01-16T05:54:02.797+0000] {processor.py:161} INFO - Started process (PID=550) to work on /opt/airflow/dags/monitoring_retraining_dag.py
[2026-01-16T05:54:02.799+0000] {processor.py:830} INFO - Processing file /opt/airflow/dags/monitoring_retraining_dag.py for tasks to queue
[2026-01-16T05:54:02.801+0000] {logging_mixin.py:188} INFO - [2026-01-16T05:54:02.801+0000] {dagbag.py:545} INFO - Filling up the DagBag from /opt/airflow/dags/monitoring_retraining_dag.py
[2026-01-16T05:54:03.295+0000] {processor.py:840} INFO - DAG(s) 'monitoring_retraining_pipeline' retrieved from /opt/airflow/dags/monitoring_retraining_dag.py
[2026-01-16T05:54:03.382+0000] {logging_mixin.py:188} INFO - [2026-01-16T05:54:03.381+0000] {dag.py:3089} INFO - Sync 1 DAGs
[2026-01-16T05:54:03.447+0000] {logging_mixin.py:188} INFO - [2026-01-16T05:54:03.446+0000] {dag.py:3947} INFO - Setting next_dagrun for monitoring_retraining_pipeline to 2026-01-16 00:00:00+00:00, run_after=2026-01-17 00:00:00+00:00
[2026-01-16T05:54:03.470+0000] {processor.py:183} INFO - Processing /opt/airflow/dags/monitoring_retraining_dag.py took 0.680 seconds
[2026-01-16T05:54:33.545+0000] {processor.py:161} INFO - Started process (PID=556) to work on /opt/airflow/dags/monitoring_retraining_dag.py
[2026-01-16T05:54:33.546+0000] {processor.py:830} INFO - Processing file /opt/airflow/dags/monitoring_retraining_dag.py for tasks to queue
[2026-01-16T05:54:33.549+0000] {logging_mixin.py:188} INFO - [2026-01-16T05:54:33.549+0000] {dagbag.py:545} INFO - Filling up the DagBag from /opt/airflow/dags/monitoring_retraining_dag.py
[2026-01-16T05:54:33.896+0000] {processor.py:840} INFO - DAG(s) 'monitoring_retraining_pipeline' retrieved from /opt/airflow/dags/monitoring_retraining_dag.py
[2026-01-16T05:54:33.932+0000] {logging_mixin.py:188} INFO - [2026-01-16T05:54:33.932+0000] {dag.py:3089} INFO - Sync 1 DAGs
[2026-01-16T05:54:33.954+0000] {logging_mixin.py:188} INFO - [2026-01-16T05:54:33.954+0000] {dag.py:3947} INFO - Setting next_dagrun for monitoring_retraining_pipeline to 2026-01-16 00:00:00+00:00, run_after=2026-01-17 00:00:00+00:00
[2026-01-16T05:54:33.979+0000] {processor.py:183} INFO - Processing /opt/airflow/dags/monitoring_retraining_dag.py took 0.443 seconds
[2026-01-16T05:55:04.275+0000] {processor.py:161} INFO - Started process (PID=562) to work on /opt/airflow/dags/monitoring_retraining_dag.py
[2026-01-16T05:55:04.278+0000] {processor.py:830} INFO - Processing file /opt/airflow/dags/monitoring_retraining_dag.py for tasks to queue
[2026-01-16T05:55:04.282+0000] {logging_mixin.py:188} INFO - [2026-01-16T05:55:04.281+0000] {dagbag.py:545} INFO - Filling up the DagBag from /opt/airflow/dags/monitoring_retraining_dag.py
[2026-01-16T05:55:04.652+0000] {processor.py:840} INFO - DAG(s) 'monitoring_retraining_pipeline' retrieved from /opt/airflow/dags/monitoring_retraining_dag.py
[2026-01-16T05:55:04.694+0000] {logging_mixin.py:188} INFO - [2026-01-16T05:55:04.693+0000] {dag.py:3089} INFO - Sync 1 DAGs
[2026-01-16T05:55:04.720+0000] {logging_mixin.py:188} INFO - [2026-01-16T05:55:04.719+0000] {dag.py:3947} INFO - Setting next_dagrun for monitoring_retraining_pipeline to 2026-01-16 00:00:00+00:00, run_after=2026-01-17 00:00:00+00:00
[2026-01-16T05:55:04.742+0000] {processor.py:183} INFO - Processing /opt/airflow/dags/monitoring_retraining_dag.py took 0.481 seconds
[2026-01-16T05:55:35.015+0000] {processor.py:161} INFO - Started process (PID=568) to work on /opt/airflow/dags/monitoring_retraining_dag.py
[2026-01-16T05:55:35.016+0000] {processor.py:830} INFO - Processing file /opt/airflow/dags/monitoring_retraining_dag.py for tasks to queue
[2026-01-16T05:55:35.019+0000] {logging_mixin.py:188} INFO - [2026-01-16T05:55:35.018+0000] {dagbag.py:545} INFO - Filling up the DagBag from /opt/airflow/dags/monitoring_retraining_dag.py
[2026-01-16T05:55:35.353+0000] {processor.py:840} INFO - DAG(s) 'monitoring_retraining_pipeline' retrieved from /opt/airflow/dags/monitoring_retraining_dag.py
[2026-01-16T05:55:35.389+0000] {logging_mixin.py:188} INFO - [2026-01-16T05:55:35.389+0000] {dag.py:3089} INFO - Sync 1 DAGs
[2026-01-16T05:55:35.413+0000] {logging_mixin.py:188} INFO - [2026-01-16T05:55:35.413+0000] {dag.py:3947} INFO - Setting next_dagrun for monitoring_retraining_pipeline to 2026-01-16 00:00:00+00:00, run_after=2026-01-17 00:00:00+00:00
[2026-01-16T05:55:35.435+0000] {processor.py:183} INFO - Processing /opt/airflow/dags/monitoring_retraining_dag.py took 0.428 seconds
[2026-01-16T05:56:05.728+0000] {processor.py:161} INFO - Started process (PID=574) to work on /opt/airflow/dags/monitoring_retraining_dag.py
[2026-01-16T05:56:05.730+0000] {processor.py:830} INFO - Processing file /opt/airflow/dags/monitoring_retraining_dag.py for tasks to queue
[2026-01-16T05:56:05.733+0000] {logging_mixin.py:188} INFO - [2026-01-16T05:56:05.733+0000] {dagbag.py:545} INFO - Filling up the DagBag from /opt/airflow/dags/monitoring_retraining_dag.py
[2026-01-16T05:56:06.067+0000] {processor.py:840} INFO - DAG(s) 'monitoring_retraining_pipeline' retrieved from /opt/airflow/dags/monitoring_retraining_dag.py
[2026-01-16T05:56:06.103+0000] {logging_mixin.py:188} INFO - [2026-01-16T05:56:06.102+0000] {dag.py:3089} INFO - Sync 1 DAGs
[2026-01-16T05:56:06.126+0000] {logging_mixin.py:188} INFO - [2026-01-16T05:56:06.126+0000] {dag.py:3947} INFO - Setting next_dagrun for monitoring_retraining_pipeline to 2026-01-16 00:00:00+00:00, run_after=2026-01-17 00:00:00+00:00
[2026-01-16T05:56:06.149+0000] {processor.py:183} INFO - Processing /opt/airflow/dags/monitoring_retraining_dag.py took 0.431 seconds
[2026-01-16T05:56:36.391+0000] {processor.py:161} INFO - Started process (PID=580) to work on /opt/airflow/dags/monitoring_retraining_dag.py
[2026-01-16T05:56:36.393+0000] {processor.py:830} INFO - Processing file /opt/airflow/dags/monitoring_retraining_dag.py for tasks to queue
[2026-01-16T05:56:36.395+0000] {logging_mixin.py:188} INFO - [2026-01-16T05:56:36.395+0000] {dagbag.py:545} INFO - Filling up the DagBag from /opt/airflow/dags/monitoring_retraining_dag.py
[2026-01-16T05:56:36.774+0000] {processor.py:840} INFO - DAG(s) 'monitoring_retraining_pipeline' retrieved from /opt/airflow/dags/monitoring_retraining_dag.py
[2026-01-16T05:56:36.809+0000] {logging_mixin.py:188} INFO - [2026-01-16T05:56:36.809+0000] {dag.py:3089} INFO - Sync 1 DAGs
[2026-01-16T05:56:36.831+0000] {logging_mixin.py:188} INFO - [2026-01-16T05:56:36.831+0000] {dag.py:3947} INFO - Setting next_dagrun for monitoring_retraining_pipeline to 2026-01-16 00:00:00+00:00, run_after=2026-01-17 00:00:00+00:00
[2026-01-16T05:56:36.852+0000] {processor.py:183} INFO - Processing /opt/airflow/dags/monitoring_retraining_dag.py took 0.469 seconds
[2026-01-16T05:57:07.115+0000] {processor.py:161} INFO - Started process (PID=586) to work on /opt/airflow/dags/monitoring_retraining_dag.py
[2026-01-16T05:57:07.116+0000] {processor.py:830} INFO - Processing file /opt/airflow/dags/monitoring_retraining_dag.py for tasks to queue
[2026-01-16T05:57:07.119+0000] {logging_mixin.py:188} INFO - [2026-01-16T05:57:07.119+0000] {dagbag.py:545} INFO - Filling up the DagBag from /opt/airflow/dags/monitoring_retraining_dag.py
[2026-01-16T05:57:07.451+0000] {processor.py:840} INFO - DAG(s) 'monitoring_retraining_pipeline' retrieved from /opt/airflow/dags/monitoring_retraining_dag.py
[2026-01-16T05:57:07.489+0000] {logging_mixin.py:188} INFO - [2026-01-16T05:57:07.489+0000] {dag.py:3089} INFO - Sync 1 DAGs
[2026-01-16T05:57:07.513+0000] {logging_mixin.py:188} INFO - [2026-01-16T05:57:07.512+0000] {dag.py:3947} INFO - Setting next_dagrun for monitoring_retraining_pipeline to 2026-01-16 00:00:00+00:00, run_after=2026-01-17 00:00:00+00:00
[2026-01-16T05:57:07.536+0000] {processor.py:183} INFO - Processing /opt/airflow/dags/monitoring_retraining_dag.py took 0.427 seconds
[2026-01-16T05:57:37.803+0000] {processor.py:161} INFO - Started process (PID=592) to work on /opt/airflow/dags/monitoring_retraining_dag.py
[2026-01-16T05:57:37.805+0000] {processor.py:830} INFO - Processing file /opt/airflow/dags/monitoring_retraining_dag.py for tasks to queue
[2026-01-16T05:57:37.807+0000] {logging_mixin.py:188} INFO - [2026-01-16T05:57:37.807+0000] {dagbag.py:545} INFO - Filling up the DagBag from /opt/airflow/dags/monitoring_retraining_dag.py
[2026-01-16T05:57:38.147+0000] {processor.py:840} INFO - DAG(s) 'monitoring_retraining_pipeline' retrieved from /opt/airflow/dags/monitoring_retraining_dag.py
[2026-01-16T05:57:38.184+0000] {logging_mixin.py:188} INFO - [2026-01-16T05:57:38.183+0000] {dag.py:3089} INFO - Sync 1 DAGs
[2026-01-16T05:57:38.208+0000] {logging_mixin.py:188} INFO - [2026-01-16T05:57:38.207+0000] {dag.py:3947} INFO - Setting next_dagrun for monitoring_retraining_pipeline to 2026-01-16 00:00:00+00:00, run_after=2026-01-17 00:00:00+00:00
[2026-01-16T05:57:38.228+0000] {processor.py:183} INFO - Processing /opt/airflow/dags/monitoring_retraining_dag.py took 0.432 seconds
[2026-01-16T05:58:08.550+0000] {processor.py:161} INFO - Started process (PID=598) to work on /opt/airflow/dags/monitoring_retraining_dag.py
[2026-01-16T05:58:08.552+0000] {processor.py:830} INFO - Processing file /opt/airflow/dags/monitoring_retraining_dag.py for tasks to queue
[2026-01-16T05:58:08.554+0000] {logging_mixin.py:188} INFO - [2026-01-16T05:58:08.554+0000] {dagbag.py:545} INFO - Filling up the DagBag from /opt/airflow/dags/monitoring_retraining_dag.py
[2026-01-16T05:58:08.874+0000] {processor.py:840} INFO - DAG(s) 'monitoring_retraining_pipeline' retrieved from /opt/airflow/dags/monitoring_retraining_dag.py
[2026-01-16T05:58:08.909+0000] {logging_mixin.py:188} INFO - [2026-01-16T05:58:08.909+0000] {dag.py:3089} INFO - Sync 1 DAGs
[2026-01-16T05:58:08.931+0000] {logging_mixin.py:188} INFO - [2026-01-16T05:58:08.930+0000] {dag.py:3947} INFO - Setting next_dagrun for monitoring_retraining_pipeline to 2026-01-16 00:00:00+00:00, run_after=2026-01-17 00:00:00+00:00
[2026-01-16T05:58:08.949+0000] {processor.py:183} INFO - Processing /opt/airflow/dags/monitoring_retraining_dag.py took 0.405 seconds
[2026-01-16T05:58:39.271+0000] {processor.py:161} INFO - Started process (PID=604) to work on /opt/airflow/dags/monitoring_retraining_dag.py
[2026-01-16T05:58:39.273+0000] {processor.py:830} INFO - Processing file /opt/airflow/dags/monitoring_retraining_dag.py for tasks to queue
[2026-01-16T05:58:39.275+0000] {logging_mixin.py:188} INFO - [2026-01-16T05:58:39.275+0000] {dagbag.py:545} INFO - Filling up the DagBag from /opt/airflow/dags/monitoring_retraining_dag.py
[2026-01-16T05:58:39.650+0000] {processor.py:840} INFO - DAG(s) 'monitoring_retraining_pipeline' retrieved from /opt/airflow/dags/monitoring_retraining_dag.py
[2026-01-16T05:58:39.690+0000] {logging_mixin.py:188} INFO - [2026-01-16T05:58:39.690+0000] {dag.py:3089} INFO - Sync 1 DAGs
[2026-01-16T05:58:39.713+0000] {logging_mixin.py:188} INFO - [2026-01-16T05:58:39.713+0000] {dag.py:3947} INFO - Setting next_dagrun for monitoring_retraining_pipeline to 2026-01-16 00:00:00+00:00, run_after=2026-01-17 00:00:00+00:00
[2026-01-16T05:58:39.741+0000] {processor.py:183} INFO - Processing /opt/airflow/dags/monitoring_retraining_dag.py took 0.477 seconds
[2026-01-16T05:59:10.113+0000] {processor.py:161} INFO - Started process (PID=610) to work on /opt/airflow/dags/monitoring_retraining_dag.py
[2026-01-16T05:59:10.117+0000] {processor.py:830} INFO - Processing file /opt/airflow/dags/monitoring_retraining_dag.py for tasks to queue
[2026-01-16T05:59:10.122+0000] {logging_mixin.py:188} INFO - [2026-01-16T05:59:10.121+0000] {dagbag.py:545} INFO - Filling up the DagBag from /opt/airflow/dags/monitoring_retraining_dag.py
[2026-01-16T05:59:10.675+0000] {processor.py:840} INFO - DAG(s) 'monitoring_retraining_pipeline' retrieved from /opt/airflow/dags/monitoring_retraining_dag.py
[2026-01-16T05:59:10.711+0000] {logging_mixin.py:188} INFO - [2026-01-16T05:59:10.710+0000] {dag.py:3089} INFO - Sync 1 DAGs
[2026-01-16T05:59:10.734+0000] {logging_mixin.py:188} INFO - [2026-01-16T05:59:10.734+0000] {dag.py:3947} INFO - Setting next_dagrun for monitoring_retraining_pipeline to 2026-01-16 00:00:00+00:00, run_after=2026-01-17 00:00:00+00:00
[2026-01-16T05:59:10.757+0000] {processor.py:183} INFO - Processing /opt/airflow/dags/monitoring_retraining_dag.py took 0.662 seconds
[2026-01-16T05:59:41.114+0000] {processor.py:161} INFO - Started process (PID=616) to work on /opt/airflow/dags/monitoring_retraining_dag.py
[2026-01-16T05:59:41.116+0000] {processor.py:830} INFO - Processing file /opt/airflow/dags/monitoring_retraining_dag.py for tasks to queue
[2026-01-16T05:59:41.118+0000] {logging_mixin.py:188} INFO - [2026-01-16T05:59:41.118+0000] {dagbag.py:545} INFO - Filling up the DagBag from /opt/airflow/dags/monitoring_retraining_dag.py
[2026-01-16T05:59:41.432+0000] {processor.py:840} INFO - DAG(s) 'monitoring_retraining_pipeline' retrieved from /opt/airflow/dags/monitoring_retraining_dag.py
[2026-01-16T05:59:41.472+0000] {logging_mixin.py:188} INFO - [2026-01-16T05:59:41.471+0000] {dag.py:3089} INFO - Sync 1 DAGs
[2026-01-16T05:59:41.494+0000] {logging_mixin.py:188} INFO - [2026-01-16T05:59:41.493+0000] {dag.py:3947} INFO - Setting next_dagrun for monitoring_retraining_pipeline to 2026-01-16 00:00:00+00:00, run_after=2026-01-17 00:00:00+00:00
[2026-01-16T05:59:41.512+0000] {processor.py:183} INFO - Processing /opt/airflow/dags/monitoring_retraining_dag.py took 0.405 seconds
[2026-01-16T06:00:11.595+0000] {processor.py:161} INFO - Started process (PID=622) to work on /opt/airflow/dags/monitoring_retraining_dag.py
[2026-01-16T06:00:11.596+0000] {processor.py:830} INFO - Processing file /opt/airflow/dags/monitoring_retraining_dag.py for tasks to queue
[2026-01-16T06:00:11.598+0000] {logging_mixin.py:188} INFO - [2026-01-16T06:00:11.598+0000] {dagbag.py:545} INFO - Filling up the DagBag from /opt/airflow/dags/monitoring_retraining_dag.py
[2026-01-16T06:00:11.906+0000] {processor.py:840} INFO - DAG(s) 'monitoring_retraining_pipeline' retrieved from /opt/airflow/dags/monitoring_retraining_dag.py
[2026-01-16T06:00:11.939+0000] {logging_mixin.py:188} INFO - [2026-01-16T06:00:11.938+0000] {dag.py:3089} INFO - Sync 1 DAGs
[2026-01-16T06:00:11.961+0000] {logging_mixin.py:188} INFO - [2026-01-16T06:00:11.961+0000] {dag.py:3947} INFO - Setting next_dagrun for monitoring_retraining_pipeline to 2026-01-16 00:00:00+00:00, run_after=2026-01-17 00:00:00+00:00
[2026-01-16T06:00:11.980+0000] {processor.py:183} INFO - Processing /opt/airflow/dags/monitoring_retraining_dag.py took 0.392 seconds
[2026-01-16T06:00:42.381+0000] {processor.py:161} INFO - Started process (PID=628) to work on /opt/airflow/dags/monitoring_retraining_dag.py
[2026-01-16T06:00:42.382+0000] {processor.py:830} INFO - Processing file /opt/airflow/dags/monitoring_retraining_dag.py for tasks to queue
[2026-01-16T06:00:42.384+0000] {logging_mixin.py:188} INFO - [2026-01-16T06:00:42.384+0000] {dagbag.py:545} INFO - Filling up the DagBag from /opt/airflow/dags/monitoring_retraining_dag.py
[2026-01-16T06:00:42.709+0000] {processor.py:840} INFO - DAG(s) 'monitoring_retraining_pipeline' retrieved from /opt/airflow/dags/monitoring_retraining_dag.py
[2026-01-16T06:00:42.746+0000] {logging_mixin.py:188} INFO - [2026-01-16T06:00:42.746+0000] {dag.py:3089} INFO - Sync 1 DAGs
[2026-01-16T06:00:42.769+0000] {logging_mixin.py:188} INFO - [2026-01-16T06:00:42.769+0000] {dag.py:3947} INFO - Setting next_dagrun for monitoring_retraining_pipeline to 2026-01-16 00:00:00+00:00, run_after=2026-01-17 00:00:00+00:00
[2026-01-16T06:00:42.794+0000] {processor.py:183} INFO - Processing /opt/airflow/dags/monitoring_retraining_dag.py took 0.420 seconds
[2026-01-16T06:01:13.110+0000] {processor.py:161} INFO - Started process (PID=634) to work on /opt/airflow/dags/monitoring_retraining_dag.py
[2026-01-16T06:01:13.112+0000] {processor.py:830} INFO - Processing file /opt/airflow/dags/monitoring_retraining_dag.py for tasks to queue
[2026-01-16T06:01:13.114+0000] {logging_mixin.py:188} INFO - [2026-01-16T06:01:13.114+0000] {dagbag.py:545} INFO - Filling up the DagBag from /opt/airflow/dags/monitoring_retraining_dag.py
[2026-01-16T06:01:13.441+0000] {processor.py:840} INFO - DAG(s) 'monitoring_retraining_pipeline' retrieved from /opt/airflow/dags/monitoring_retraining_dag.py
[2026-01-16T06:01:13.476+0000] {logging_mixin.py:188} INFO - [2026-01-16T06:01:13.475+0000] {dag.py:3089} INFO - Sync 1 DAGs
[2026-01-16T06:01:13.497+0000] {logging_mixin.py:188} INFO - [2026-01-16T06:01:13.497+0000] {dag.py:3947} INFO - Setting next_dagrun for monitoring_retraining_pipeline to 2026-01-16 00:00:00+00:00, run_after=2026-01-17 00:00:00+00:00
[2026-01-16T06:01:13.517+0000] {processor.py:183} INFO - Processing /opt/airflow/dags/monitoring_retraining_dag.py took 0.413 seconds
[2026-01-16T06:01:43.860+0000] {processor.py:161} INFO - Started process (PID=640) to work on /opt/airflow/dags/monitoring_retraining_dag.py
[2026-01-16T06:01:43.862+0000] {processor.py:830} INFO - Processing file /opt/airflow/dags/monitoring_retraining_dag.py for tasks to queue
[2026-01-16T06:01:43.864+0000] {logging_mixin.py:188} INFO - [2026-01-16T06:01:43.864+0000] {dagbag.py:545} INFO - Filling up the DagBag from /opt/airflow/dags/monitoring_retraining_dag.py
[2026-01-16T06:01:44.205+0000] {processor.py:840} INFO - DAG(s) 'monitoring_retraining_pipeline' retrieved from /opt/airflow/dags/monitoring_retraining_dag.py
[2026-01-16T06:01:44.240+0000] {logging_mixin.py:188} INFO - [2026-01-16T06:01:44.240+0000] {dag.py:3089} INFO - Sync 1 DAGs
[2026-01-16T06:01:44.261+0000] {logging_mixin.py:188} INFO - [2026-01-16T06:01:44.261+0000] {dag.py:3947} INFO - Setting next_dagrun for monitoring_retraining_pipeline to 2026-01-16 00:00:00+00:00, run_after=2026-01-17 00:00:00+00:00
[2026-01-16T06:01:44.285+0000] {processor.py:183} INFO - Processing /opt/airflow/dags/monitoring_retraining_dag.py took 0.432 seconds
[2026-01-16T06:02:14.570+0000] {processor.py:161} INFO - Started process (PID=646) to work on /opt/airflow/dags/monitoring_retraining_dag.py
[2026-01-16T06:02:14.572+0000] {processor.py:830} INFO - Processing file /opt/airflow/dags/monitoring_retraining_dag.py for tasks to queue
[2026-01-16T06:02:14.574+0000] {logging_mixin.py:188} INFO - [2026-01-16T06:02:14.574+0000] {dagbag.py:545} INFO - Filling up the DagBag from /opt/airflow/dags/monitoring_retraining_dag.py
[2026-01-16T06:02:14.879+0000] {processor.py:840} INFO - DAG(s) 'monitoring_retraining_pipeline' retrieved from /opt/airflow/dags/monitoring_retraining_dag.py
[2026-01-16T06:02:14.913+0000] {logging_mixin.py:188} INFO - [2026-01-16T06:02:14.913+0000] {dag.py:3089} INFO - Sync 1 DAGs
[2026-01-16T06:02:14.935+0000] {logging_mixin.py:188} INFO - [2026-01-16T06:02:14.935+0000] {dag.py:3947} INFO - Setting next_dagrun for monitoring_retraining_pipeline to 2026-01-16 00:00:00+00:00, run_after=2026-01-17 00:00:00+00:00
[2026-01-16T06:02:14.954+0000] {processor.py:183} INFO - Processing /opt/airflow/dags/monitoring_retraining_dag.py took 0.391 seconds
[2026-01-16T06:02:45.284+0000] {processor.py:161} INFO - Started process (PID=652) to work on /opt/airflow/dags/monitoring_retraining_dag.py
[2026-01-16T06:02:45.286+0000] {processor.py:830} INFO - Processing file /opt/airflow/dags/monitoring_retraining_dag.py for tasks to queue
[2026-01-16T06:02:45.288+0000] {logging_mixin.py:188} INFO - [2026-01-16T06:02:45.288+0000] {dagbag.py:545} INFO - Filling up the DagBag from /opt/airflow/dags/monitoring_retraining_dag.py
[2026-01-16T06:02:45.912+0000] {processor.py:840} INFO - DAG(s) 'monitoring_retraining_pipeline' retrieved from /opt/airflow/dags/monitoring_retraining_dag.py
[2026-01-16T06:02:46.009+0000] {logging_mixin.py:188} INFO - [2026-01-16T06:02:46.008+0000] {dag.py:3089} INFO - Sync 1 DAGs
[2026-01-16T06:02:46.073+0000] {logging_mixin.py:188} INFO - [2026-01-16T06:02:46.073+0000] {dag.py:3947} INFO - Setting next_dagrun for monitoring_retraining_pipeline to 2026-01-16 00:00:00+00:00, run_after=2026-01-17 00:00:00+00:00
[2026-01-16T06:02:46.109+0000] {processor.py:183} INFO - Processing /opt/airflow/dags/monitoring_retraining_dag.py took 0.832 seconds
[2026-01-16T06:03:16.490+0000] {processor.py:161} INFO - Started process (PID=658) to work on /opt/airflow/dags/monitoring_retraining_dag.py
[2026-01-16T06:03:16.494+0000] {processor.py:830} INFO - Processing file /opt/airflow/dags/monitoring_retraining_dag.py for tasks to queue
[2026-01-16T06:03:16.498+0000] {logging_mixin.py:188} INFO - [2026-01-16T06:03:16.497+0000] {dagbag.py:545} INFO - Filling up the DagBag from /opt/airflow/dags/monitoring_retraining_dag.py
[2026-01-16T06:03:16.942+0000] {processor.py:840} INFO - DAG(s) 'monitoring_retraining_pipeline' retrieved from /opt/airflow/dags/monitoring_retraining_dag.py
[2026-01-16T06:03:17.011+0000] {logging_mixin.py:188} INFO - [2026-01-16T06:03:17.011+0000] {dag.py:3089} INFO - Sync 1 DAGs
[2026-01-16T06:03:17.054+0000] {logging_mixin.py:188} INFO - [2026-01-16T06:03:17.054+0000] {dag.py:3947} INFO - Setting next_dagrun for monitoring_retraining_pipeline to 2026-01-16 00:00:00+00:00, run_after=2026-01-17 00:00:00+00:00
[2026-01-16T06:03:17.080+0000] {processor.py:183} INFO - Processing /opt/airflow/dags/monitoring_retraining_dag.py took 0.609 seconds
[2026-01-16T06:03:47.373+0000] {processor.py:161} INFO - Started process (PID=664) to work on /opt/airflow/dags/monitoring_retraining_dag.py
[2026-01-16T06:03:47.374+0000] {processor.py:830} INFO - Processing file /opt/airflow/dags/monitoring_retraining_dag.py for tasks to queue
[2026-01-16T06:03:47.376+0000] {logging_mixin.py:188} INFO - [2026-01-16T06:03:47.376+0000] {dagbag.py:545} INFO - Filling up the DagBag from /opt/airflow/dags/monitoring_retraining_dag.py
[2026-01-16T06:03:47.696+0000] {processor.py:840} INFO - DAG(s) 'monitoring_retraining_pipeline' retrieved from /opt/airflow/dags/monitoring_retraining_dag.py
[2026-01-16T06:03:47.732+0000] {logging_mixin.py:188} INFO - [2026-01-16T06:03:47.731+0000] {dag.py:3089} INFO - Sync 1 DAGs
[2026-01-16T06:03:47.754+0000] {logging_mixin.py:188} INFO - [2026-01-16T06:03:47.753+0000] {dag.py:3947} INFO - Setting next_dagrun for monitoring_retraining_pipeline to 2026-01-16 00:00:00+00:00, run_after=2026-01-17 00:00:00+00:00
[2026-01-16T06:03:47.774+0000] {processor.py:183} INFO - Processing /opt/airflow/dags/monitoring_retraining_dag.py took 0.407 seconds
[2026-01-16T06:04:18.078+0000] {processor.py:161} INFO - Started process (PID=670) to work on /opt/airflow/dags/monitoring_retraining_dag.py
[2026-01-16T06:04:18.079+0000] {processor.py:830} INFO - Processing file /opt/airflow/dags/monitoring_retraining_dag.py for tasks to queue
[2026-01-16T06:04:18.082+0000] {logging_mixin.py:188} INFO - [2026-01-16T06:04:18.081+0000] {dagbag.py:545} INFO - Filling up the DagBag from /opt/airflow/dags/monitoring_retraining_dag.py
[2026-01-16T06:04:18.425+0000] {processor.py:840} INFO - DAG(s) 'monitoring_retraining_pipeline' retrieved from /opt/airflow/dags/monitoring_retraining_dag.py
[2026-01-16T06:04:18.461+0000] {logging_mixin.py:188} INFO - [2026-01-16T06:04:18.461+0000] {dag.py:3089} INFO - Sync 1 DAGs
[2026-01-16T06:04:18.484+0000] {logging_mixin.py:188} INFO - [2026-01-16T06:04:18.483+0000] {dag.py:3947} INFO - Setting next_dagrun for monitoring_retraining_pipeline to 2026-01-16 00:00:00+00:00, run_after=2026-01-17 00:00:00+00:00
[2026-01-16T06:04:18.504+0000] {processor.py:183} INFO - Processing /opt/airflow/dags/monitoring_retraining_dag.py took 0.435 seconds
[2026-01-16T06:04:48.851+0000] {processor.py:161} INFO - Started process (PID=676) to work on /opt/airflow/dags/monitoring_retraining_dag.py
[2026-01-16T06:04:48.852+0000] {processor.py:830} INFO - Processing file /opt/airflow/dags/monitoring_retraining_dag.py for tasks to queue
[2026-01-16T06:04:48.855+0000] {logging_mixin.py:188} INFO - [2026-01-16T06:04:48.855+0000] {dagbag.py:545} INFO - Filling up the DagBag from /opt/airflow/dags/monitoring_retraining_dag.py
[2026-01-16T06:04:49.234+0000] {processor.py:840} INFO - DAG(s) 'monitoring_retraining_pipeline' retrieved from /opt/airflow/dags/monitoring_retraining_dag.py
[2026-01-16T06:04:49.298+0000] {logging_mixin.py:188} INFO - [2026-01-16T06:04:49.297+0000] {dag.py:3089} INFO - Sync 1 DAGs
[2026-01-16T06:04:49.344+0000] {logging_mixin.py:188} INFO - [2026-01-16T06:04:49.343+0000] {dag.py:3947} INFO - Setting next_dagrun for monitoring_retraining_pipeline to 2026-01-16 00:00:00+00:00, run_after=2026-01-17 00:00:00+00:00
[2026-01-16T06:04:49.400+0000] {processor.py:183} INFO - Processing /opt/airflow/dags/monitoring_retraining_dag.py took 0.559 seconds
[2026-01-16T06:05:19.575+0000] {processor.py:161} INFO - Started process (PID=682) to work on /opt/airflow/dags/monitoring_retraining_dag.py
[2026-01-16T06:05:19.576+0000] {processor.py:830} INFO - Processing file /opt/airflow/dags/monitoring_retraining_dag.py for tasks to queue
[2026-01-16T06:05:19.580+0000] {logging_mixin.py:188} INFO - [2026-01-16T06:05:19.579+0000] {dagbag.py:545} INFO - Filling up the DagBag from /opt/airflow/dags/monitoring_retraining_dag.py
[2026-01-16T06:05:19.923+0000] {processor.py:840} INFO - DAG(s) 'monitoring_retraining_pipeline' retrieved from /opt/airflow/dags/monitoring_retraining_dag.py
[2026-01-16T06:05:19.958+0000] {logging_mixin.py:188} INFO - [2026-01-16T06:05:19.958+0000] {dag.py:3089} INFO - Sync 1 DAGs
[2026-01-16T06:05:19.982+0000] {logging_mixin.py:188} INFO - [2026-01-16T06:05:19.981+0000] {dag.py:3947} INFO - Setting next_dagrun for monitoring_retraining_pipeline to 2026-01-16 00:00:00+00:00, run_after=2026-01-17 00:00:00+00:00
[2026-01-16T06:05:20.003+0000] {processor.py:183} INFO - Processing /opt/airflow/dags/monitoring_retraining_dag.py took 0.438 seconds
[2026-01-16T06:05:50.290+0000] {processor.py:161} INFO - Started process (PID=688) to work on /opt/airflow/dags/monitoring_retraining_dag.py
[2026-01-16T06:05:50.291+0000] {processor.py:830} INFO - Processing file /opt/airflow/dags/monitoring_retraining_dag.py for tasks to queue
[2026-01-16T06:05:50.294+0000] {logging_mixin.py:188} INFO - [2026-01-16T06:05:50.293+0000] {dagbag.py:545} INFO - Filling up the DagBag from /opt/airflow/dags/monitoring_retraining_dag.py
[2026-01-16T06:05:50.624+0000] {processor.py:840} INFO - DAG(s) 'monitoring_retraining_pipeline' retrieved from /opt/airflow/dags/monitoring_retraining_dag.py
[2026-01-16T06:05:50.662+0000] {logging_mixin.py:188} INFO - [2026-01-16T06:05:50.661+0000] {dag.py:3089} INFO - Sync 1 DAGs
[2026-01-16T06:05:50.684+0000] {logging_mixin.py:188} INFO - [2026-01-16T06:05:50.684+0000] {dag.py:3947} INFO - Setting next_dagrun for monitoring_retraining_pipeline to 2026-01-16 00:00:00+00:00, run_after=2026-01-17 00:00:00+00:00
[2026-01-16T06:05:50.711+0000] {processor.py:183} INFO - Processing /opt/airflow/dags/monitoring_retraining_dag.py took 0.427 seconds
[2026-01-16T06:06:20.989+0000] {processor.py:161} INFO - Started process (PID=694) to work on /opt/airflow/dags/monitoring_retraining_dag.py
[2026-01-16T06:06:20.990+0000] {processor.py:830} INFO - Processing file /opt/airflow/dags/monitoring_retraining_dag.py for tasks to queue
[2026-01-16T06:06:20.993+0000] {logging_mixin.py:188} INFO - [2026-01-16T06:06:20.992+0000] {dagbag.py:545} INFO - Filling up the DagBag from /opt/airflow/dags/monitoring_retraining_dag.py
[2026-01-16T06:06:21.359+0000] {processor.py:840} INFO - DAG(s) 'monitoring_retraining_pipeline' retrieved from /opt/airflow/dags/monitoring_retraining_dag.py
[2026-01-16T06:06:21.415+0000] {logging_mixin.py:188} INFO - [2026-01-16T06:06:21.414+0000] {dag.py:3089} INFO - Sync 1 DAGs
[2026-01-16T06:06:21.439+0000] {logging_mixin.py:188} INFO - [2026-01-16T06:06:21.438+0000] {dag.py:3947} INFO - Setting next_dagrun for monitoring_retraining_pipeline to 2026-01-16 00:00:00+00:00, run_after=2026-01-17 00:00:00+00:00
[2026-01-16T06:06:21.461+0000] {processor.py:183} INFO - Processing /opt/airflow/dags/monitoring_retraining_dag.py took 0.479 seconds
[2026-01-16T06:06:51.733+0000] {processor.py:161} INFO - Started process (PID=700) to work on /opt/airflow/dags/monitoring_retraining_dag.py
[2026-01-16T06:06:51.734+0000] {processor.py:830} INFO - Processing file /opt/airflow/dags/monitoring_retraining_dag.py for tasks to queue
[2026-01-16T06:06:51.737+0000] {logging_mixin.py:188} INFO - [2026-01-16T06:06:51.737+0000] {dagbag.py:545} INFO - Filling up the DagBag from /opt/airflow/dags/monitoring_retraining_dag.py
[2026-01-16T06:06:52.066+0000] {processor.py:840} INFO - DAG(s) 'monitoring_retraining_pipeline' retrieved from /opt/airflow/dags/monitoring_retraining_dag.py
[2026-01-16T06:06:52.103+0000] {logging_mixin.py:188} INFO - [2026-01-16T06:06:52.103+0000] {dag.py:3089} INFO - Sync 1 DAGs
[2026-01-16T06:06:52.126+0000] {logging_mixin.py:188} INFO - [2026-01-16T06:06:52.125+0000] {dag.py:3947} INFO - Setting next_dagrun for monitoring_retraining_pipeline to 2026-01-16 00:00:00+00:00, run_after=2026-01-17 00:00:00+00:00
[2026-01-16T06:06:52.147+0000] {processor.py:183} INFO - Processing /opt/airflow/dags/monitoring_retraining_dag.py took 0.421 seconds
[2026-01-16T06:07:22.523+0000] {processor.py:161} INFO - Started process (PID=706) to work on /opt/airflow/dags/monitoring_retraining_dag.py
[2026-01-16T06:07:22.524+0000] {processor.py:830} INFO - Processing file /opt/airflow/dags/monitoring_retraining_dag.py for tasks to queue
[2026-01-16T06:07:22.526+0000] {logging_mixin.py:188} INFO - [2026-01-16T06:07:22.525+0000] {dagbag.py:545} INFO - Filling up the DagBag from /opt/airflow/dags/monitoring_retraining_dag.py
[2026-01-16T06:07:22.871+0000] {processor.py:840} INFO - DAG(s) 'monitoring_retraining_pipeline' retrieved from /opt/airflow/dags/monitoring_retraining_dag.py
[2026-01-16T06:07:22.905+0000] {logging_mixin.py:188} INFO - [2026-01-16T06:07:22.905+0000] {dag.py:3089} INFO - Sync 1 DAGs
[2026-01-16T06:07:22.927+0000] {logging_mixin.py:188} INFO - [2026-01-16T06:07:22.926+0000] {dag.py:3947} INFO - Setting next_dagrun for monitoring_retraining_pipeline to 2026-01-16 00:00:00+00:00, run_after=2026-01-17 00:00:00+00:00
[2026-01-16T06:07:22.946+0000] {processor.py:183} INFO - Processing /opt/airflow/dags/monitoring_retraining_dag.py took 0.430 seconds
[2026-01-16T06:07:53.365+0000] {processor.py:161} INFO - Started process (PID=712) to work on /opt/airflow/dags/monitoring_retraining_dag.py
[2026-01-16T06:07:53.366+0000] {processor.py:830} INFO - Processing file /opt/airflow/dags/monitoring_retraining_dag.py for tasks to queue
[2026-01-16T06:07:53.368+0000] {logging_mixin.py:188} INFO - [2026-01-16T06:07:53.367+0000] {dagbag.py:545} INFO - Filling up the DagBag from /opt/airflow/dags/monitoring_retraining_dag.py
[2026-01-16T06:07:53.688+0000] {processor.py:840} INFO - DAG(s) 'monitoring_retraining_pipeline' retrieved from /opt/airflow/dags/monitoring_retraining_dag.py
[2026-01-16T06:07:53.723+0000] {logging_mixin.py:188} INFO - [2026-01-16T06:07:53.722+0000] {dag.py:3089} INFO - Sync 1 DAGs
[2026-01-16T06:07:53.744+0000] {logging_mixin.py:188} INFO - [2026-01-16T06:07:53.744+0000] {dag.py:3947} INFO - Setting next_dagrun for monitoring_retraining_pipeline to 2026-01-16 00:00:00+00:00, run_after=2026-01-17 00:00:00+00:00
[2026-01-16T06:07:53.765+0000] {processor.py:183} INFO - Processing /opt/airflow/dags/monitoring_retraining_dag.py took 0.407 seconds
[2026-01-16T06:08:24.194+0000] {processor.py:161} INFO - Started process (PID=718) to work on /opt/airflow/dags/monitoring_retraining_dag.py
[2026-01-16T06:08:24.196+0000] {processor.py:830} INFO - Processing file /opt/airflow/dags/monitoring_retraining_dag.py for tasks to queue
[2026-01-16T06:08:24.198+0000] {logging_mixin.py:188} INFO - [2026-01-16T06:08:24.198+0000] {dagbag.py:545} INFO - Filling up the DagBag from /opt/airflow/dags/monitoring_retraining_dag.py
[2026-01-16T06:08:24.516+0000] {processor.py:840} INFO - DAG(s) 'monitoring_retraining_pipeline' retrieved from /opt/airflow/dags/monitoring_retraining_dag.py
[2026-01-16T06:08:24.553+0000] {logging_mixin.py:188} INFO - [2026-01-16T06:08:24.552+0000] {dag.py:3089} INFO - Sync 1 DAGs
[2026-01-16T06:08:24.576+0000] {logging_mixin.py:188} INFO - [2026-01-16T06:08:24.576+0000] {dag.py:3947} INFO - Setting next_dagrun for monitoring_retraining_pipeline to 2026-01-16 00:00:00+00:00, run_after=2026-01-17 00:00:00+00:00
[2026-01-16T06:08:24.597+0000] {processor.py:183} INFO - Processing /opt/airflow/dags/monitoring_retraining_dag.py took 0.409 seconds
[2026-01-16T06:08:54.982+0000] {processor.py:161} INFO - Started process (PID=724) to work on /opt/airflow/dags/monitoring_retraining_dag.py
[2026-01-16T06:08:54.984+0000] {processor.py:830} INFO - Processing file /opt/airflow/dags/monitoring_retraining_dag.py for tasks to queue
[2026-01-16T06:08:54.986+0000] {logging_mixin.py:188} INFO - [2026-01-16T06:08:54.986+0000] {dagbag.py:545} INFO - Filling up the DagBag from /opt/airflow/dags/monitoring_retraining_dag.py
[2026-01-16T06:08:55.307+0000] {processor.py:840} INFO - DAG(s) 'monitoring_retraining_pipeline' retrieved from /opt/airflow/dags/monitoring_retraining_dag.py
[2026-01-16T06:08:55.346+0000] {logging_mixin.py:188} INFO - [2026-01-16T06:08:55.346+0000] {dag.py:3089} INFO - Sync 1 DAGs
[2026-01-16T06:08:55.371+0000] {logging_mixin.py:188} INFO - [2026-01-16T06:08:55.371+0000] {dag.py:3947} INFO - Setting next_dagrun for monitoring_retraining_pipeline to 2026-01-16 00:00:00+00:00, run_after=2026-01-17 00:00:00+00:00
[2026-01-16T06:08:55.390+0000] {processor.py:183} INFO - Processing /opt/airflow/dags/monitoring_retraining_dag.py took 0.414 seconds
[2026-01-16T06:09:25.659+0000] {processor.py:161} INFO - Started process (PID=730) to work on /opt/airflow/dags/monitoring_retraining_dag.py
[2026-01-16T06:09:25.660+0000] {processor.py:830} INFO - Processing file /opt/airflow/dags/monitoring_retraining_dag.py for tasks to queue
[2026-01-16T06:09:25.667+0000] {logging_mixin.py:188} INFO - [2026-01-16T06:09:25.665+0000] {dagbag.py:545} INFO - Filling up the DagBag from /opt/airflow/dags/monitoring_retraining_dag.py
[2026-01-16T06:09:26.637+0000] {processor.py:840} INFO - DAG(s) 'monitoring_retraining_pipeline' retrieved from /opt/airflow/dags/monitoring_retraining_dag.py
[2026-01-16T06:09:26.724+0000] {logging_mixin.py:188} INFO - [2026-01-16T06:09:26.723+0000] {dag.py:3089} INFO - Sync 1 DAGs
[2026-01-16T06:09:26.770+0000] {logging_mixin.py:188} INFO - [2026-01-16T06:09:26.770+0000] {dag.py:3947} INFO - Setting next_dagrun for monitoring_retraining_pipeline to 2026-01-16 00:00:00+00:00, run_after=2026-01-17 00:00:00+00:00
[2026-01-16T06:09:26.796+0000] {processor.py:183} INFO - Processing /opt/airflow/dags/monitoring_retraining_dag.py took 1.145 seconds
[2026-01-16T06:09:57.064+0000] {processor.py:161} INFO - Started process (PID=736) to work on /opt/airflow/dags/monitoring_retraining_dag.py
[2026-01-16T06:09:57.065+0000] {processor.py:830} INFO - Processing file /opt/airflow/dags/monitoring_retraining_dag.py for tasks to queue
[2026-01-16T06:09:57.068+0000] {logging_mixin.py:188} INFO - [2026-01-16T06:09:57.067+0000] {dagbag.py:545} INFO - Filling up the DagBag from /opt/airflow/dags/monitoring_retraining_dag.py
[2026-01-16T06:09:57.373+0000] {processor.py:840} INFO - DAG(s) 'monitoring_retraining_pipeline' retrieved from /opt/airflow/dags/monitoring_retraining_dag.py
[2026-01-16T06:09:57.409+0000] {logging_mixin.py:188} INFO - [2026-01-16T06:09:57.409+0000] {dag.py:3089} INFO - Sync 1 DAGs
[2026-01-16T06:09:57.433+0000] {logging_mixin.py:188} INFO - [2026-01-16T06:09:57.432+0000] {dag.py:3947} INFO - Setting next_dagrun for monitoring_retraining_pipeline to 2026-01-16 00:00:00+00:00, run_after=2026-01-17 00:00:00+00:00
[2026-01-16T06:09:57.454+0000] {processor.py:183} INFO - Processing /opt/airflow/dags/monitoring_retraining_dag.py took 0.397 seconds
[2026-01-16T06:10:27.822+0000] {processor.py:161} INFO - Started process (PID=742) to work on /opt/airflow/dags/monitoring_retraining_dag.py
[2026-01-16T06:10:27.823+0000] {processor.py:830} INFO - Processing file /opt/airflow/dags/monitoring_retraining_dag.py for tasks to queue
[2026-01-16T06:10:27.825+0000] {logging_mixin.py:188} INFO - [2026-01-16T06:10:27.825+0000] {dagbag.py:545} INFO - Filling up the DagBag from /opt/airflow/dags/monitoring_retraining_dag.py
[2026-01-16T06:10:28.128+0000] {processor.py:840} INFO - DAG(s) 'monitoring_retraining_pipeline' retrieved from /opt/airflow/dags/monitoring_retraining_dag.py
[2026-01-16T06:10:28.163+0000] {logging_mixin.py:188} INFO - [2026-01-16T06:10:28.163+0000] {dag.py:3089} INFO - Sync 1 DAGs
[2026-01-16T06:10:28.186+0000] {logging_mixin.py:188} INFO - [2026-01-16T06:10:28.186+0000] {dag.py:3947} INFO - Setting next_dagrun for monitoring_retraining_pipeline to 2026-01-16 00:00:00+00:00, run_after=2026-01-17 00:00:00+00:00
[2026-01-16T06:10:28.205+0000] {processor.py:183} INFO - Processing /opt/airflow/dags/monitoring_retraining_dag.py took 0.389 seconds
[2026-01-16T06:10:58.554+0000] {processor.py:161} INFO - Started process (PID=748) to work on /opt/airflow/dags/monitoring_retraining_dag.py
[2026-01-16T06:10:58.556+0000] {processor.py:830} INFO - Processing file /opt/airflow/dags/monitoring_retraining_dag.py for tasks to queue
[2026-01-16T06:10:58.558+0000] {logging_mixin.py:188} INFO - [2026-01-16T06:10:58.558+0000] {dagbag.py:545} INFO - Filling up the DagBag from /opt/airflow/dags/monitoring_retraining_dag.py
[2026-01-16T06:10:58.880+0000] {processor.py:840} INFO - DAG(s) 'monitoring_retraining_pipeline' retrieved from /opt/airflow/dags/monitoring_retraining_dag.py
[2026-01-16T06:10:58.916+0000] {logging_mixin.py:188} INFO - [2026-01-16T06:10:58.915+0000] {dag.py:3089} INFO - Sync 1 DAGs
[2026-01-16T06:10:58.937+0000] {logging_mixin.py:188} INFO - [2026-01-16T06:10:58.937+0000] {dag.py:3947} INFO - Setting next_dagrun for monitoring_retraining_pipeline to 2026-01-16 00:00:00+00:00, run_after=2026-01-17 00:00:00+00:00
[2026-01-16T06:10:58.958+0000] {processor.py:183} INFO - Processing /opt/airflow/dags/monitoring_retraining_dag.py took 0.410 seconds
[2026-01-16T06:11:29.326+0000] {processor.py:161} INFO - Started process (PID=754) to work on /opt/airflow/dags/monitoring_retraining_dag.py
[2026-01-16T06:11:29.327+0000] {processor.py:830} INFO - Processing file /opt/airflow/dags/monitoring_retraining_dag.py for tasks to queue
[2026-01-16T06:11:29.330+0000] {logging_mixin.py:188} INFO - [2026-01-16T06:11:29.330+0000] {dagbag.py:545} INFO - Filling up the DagBag from /opt/airflow/dags/monitoring_retraining_dag.py
[2026-01-16T06:11:29.710+0000] {processor.py:840} INFO - DAG(s) 'monitoring_retraining_pipeline' retrieved from /opt/airflow/dags/monitoring_retraining_dag.py
[2026-01-16T06:11:29.748+0000] {logging_mixin.py:188} INFO - [2026-01-16T06:11:29.748+0000] {dag.py:3089} INFO - Sync 1 DAGs
[2026-01-16T06:11:29.771+0000] {logging_mixin.py:188} INFO - [2026-01-16T06:11:29.770+0000] {dag.py:3947} INFO - Setting next_dagrun for monitoring_retraining_pipeline to 2026-01-16 00:00:00+00:00, run_after=2026-01-17 00:00:00+00:00
[2026-01-16T06:11:29.793+0000] {processor.py:183} INFO - Processing /opt/airflow/dags/monitoring_retraining_dag.py took 0.476 seconds
[2026-01-16T06:12:00.182+0000] {processor.py:161} INFO - Started process (PID=760) to work on /opt/airflow/dags/monitoring_retraining_dag.py
[2026-01-16T06:12:00.183+0000] {processor.py:830} INFO - Processing file /opt/airflow/dags/monitoring_retraining_dag.py for tasks to queue
[2026-01-16T06:12:00.185+0000] {logging_mixin.py:188} INFO - [2026-01-16T06:12:00.185+0000] {dagbag.py:545} INFO - Filling up the DagBag from /opt/airflow/dags/monitoring_retraining_dag.py
[2026-01-16T06:12:00.486+0000] {processor.py:840} INFO - DAG(s) 'monitoring_retraining_pipeline' retrieved from /opt/airflow/dags/monitoring_retraining_dag.py
[2026-01-16T06:12:00.520+0000] {logging_mixin.py:188} INFO - [2026-01-16T06:12:00.520+0000] {dag.py:3089} INFO - Sync 1 DAGs
[2026-01-16T06:12:00.541+0000] {logging_mixin.py:188} INFO - [2026-01-16T06:12:00.541+0000] {dag.py:3947} INFO - Setting next_dagrun for monitoring_retraining_pipeline to 2026-01-16 00:00:00+00:00, run_after=2026-01-17 00:00:00+00:00
[2026-01-16T06:12:00.561+0000] {processor.py:183} INFO - Processing /opt/airflow/dags/monitoring_retraining_dag.py took 0.385 seconds
[2026-01-16T06:12:30.855+0000] {processor.py:161} INFO - Started process (PID=766) to work on /opt/airflow/dags/monitoring_retraining_dag.py
[2026-01-16T06:12:30.856+0000] {processor.py:830} INFO - Processing file /opt/airflow/dags/monitoring_retraining_dag.py for tasks to queue
[2026-01-16T06:12:30.859+0000] {logging_mixin.py:188} INFO - [2026-01-16T06:12:30.858+0000] {dagbag.py:545} INFO - Filling up the DagBag from /opt/airflow/dags/monitoring_retraining_dag.py
[2026-01-16T06:12:31.167+0000] {processor.py:840} INFO - DAG(s) 'monitoring_retraining_pipeline' retrieved from /opt/airflow/dags/monitoring_retraining_dag.py
[2026-01-16T06:12:31.203+0000] {logging_mixin.py:188} INFO - [2026-01-16T06:12:31.202+0000] {dag.py:3089} INFO - Sync 1 DAGs
[2026-01-16T06:12:31.226+0000] {logging_mixin.py:188} INFO - [2026-01-16T06:12:31.226+0000] {dag.py:3947} INFO - Setting next_dagrun for monitoring_retraining_pipeline to 2026-01-16 00:00:00+00:00, run_after=2026-01-17 00:00:00+00:00
[2026-01-16T06:12:31.247+0000] {processor.py:183} INFO - Processing /opt/airflow/dags/monitoring_retraining_dag.py took 0.398 seconds
[2026-01-16T06:13:01.637+0000] {processor.py:161} INFO - Started process (PID=772) to work on /opt/airflow/dags/monitoring_retraining_dag.py
[2026-01-16T06:13:01.638+0000] {processor.py:830} INFO - Processing file /opt/airflow/dags/monitoring_retraining_dag.py for tasks to queue
[2026-01-16T06:13:01.640+0000] {logging_mixin.py:188} INFO - [2026-01-16T06:13:01.640+0000] {dagbag.py:545} INFO - Filling up the DagBag from /opt/airflow/dags/monitoring_retraining_dag.py
[2026-01-16T06:13:01.951+0000] {processor.py:840} INFO - DAG(s) 'monitoring_retraining_pipeline' retrieved from /opt/airflow/dags/monitoring_retraining_dag.py
[2026-01-16T06:13:01.989+0000] {logging_mixin.py:188} INFO - [2026-01-16T06:13:01.989+0000] {dag.py:3089} INFO - Sync 1 DAGs
[2026-01-16T06:13:02.013+0000] {logging_mixin.py:188} INFO - [2026-01-16T06:13:02.013+0000] {dag.py:3947} INFO - Setting next_dagrun for monitoring_retraining_pipeline to 2026-01-16 00:00:00+00:00, run_after=2026-01-17 00:00:00+00:00
[2026-01-16T06:13:02.035+0000] {processor.py:183} INFO - Processing /opt/airflow/dags/monitoring_retraining_dag.py took 0.404 seconds
[2026-01-16T06:13:32.381+0000] {processor.py:161} INFO - Started process (PID=778) to work on /opt/airflow/dags/monitoring_retraining_dag.py
[2026-01-16T06:13:32.382+0000] {processor.py:830} INFO - Processing file /opt/airflow/dags/monitoring_retraining_dag.py for tasks to queue
[2026-01-16T06:13:32.385+0000] {logging_mixin.py:188} INFO - [2026-01-16T06:13:32.384+0000] {dagbag.py:545} INFO - Filling up the DagBag from /opt/airflow/dags/monitoring_retraining_dag.py
[2026-01-16T06:13:32.703+0000] {processor.py:840} INFO - DAG(s) 'monitoring_retraining_pipeline' retrieved from /opt/airflow/dags/monitoring_retraining_dag.py
[2026-01-16T06:13:32.738+0000] {logging_mixin.py:188} INFO - [2026-01-16T06:13:32.737+0000] {dag.py:3089} INFO - Sync 1 DAGs
[2026-01-16T06:13:32.759+0000] {logging_mixin.py:188} INFO - [2026-01-16T06:13:32.759+0000] {dag.py:3947} INFO - Setting next_dagrun for monitoring_retraining_pipeline to 2026-01-16 00:00:00+00:00, run_after=2026-01-17 00:00:00+00:00
[2026-01-16T06:13:32.778+0000] {processor.py:183} INFO - Processing /opt/airflow/dags/monitoring_retraining_dag.py took 0.404 seconds
[2026-01-16T06:14:03.115+0000] {processor.py:161} INFO - Started process (PID=784) to work on /opt/airflow/dags/monitoring_retraining_dag.py
[2026-01-16T06:14:03.117+0000] {processor.py:830} INFO - Processing file /opt/airflow/dags/monitoring_retraining_dag.py for tasks to queue
[2026-01-16T06:14:03.119+0000] {logging_mixin.py:188} INFO - [2026-01-16T06:14:03.119+0000] {dagbag.py:545} INFO - Filling up the DagBag from /opt/airflow/dags/monitoring_retraining_dag.py
[2026-01-16T06:14:03.531+0000] {processor.py:840} INFO - DAG(s) 'monitoring_retraining_pipeline' retrieved from /opt/airflow/dags/monitoring_retraining_dag.py
[2026-01-16T06:14:03.565+0000] {logging_mixin.py:188} INFO - [2026-01-16T06:14:03.565+0000] {dag.py:3089} INFO - Sync 1 DAGs
[2026-01-16T06:14:03.586+0000] {logging_mixin.py:188} INFO - [2026-01-16T06:14:03.586+0000] {dag.py:3947} INFO - Setting next_dagrun for monitoring_retraining_pipeline to 2026-01-16 00:00:00+00:00, run_after=2026-01-17 00:00:00+00:00
[2026-01-16T06:14:03.605+0000] {processor.py:183} INFO - Processing /opt/airflow/dags/monitoring_retraining_dag.py took 0.497 seconds
[2026-01-16T06:14:33.946+0000] {processor.py:161} INFO - Started process (PID=790) to work on /opt/airflow/dags/monitoring_retraining_dag.py
[2026-01-16T06:14:33.947+0000] {processor.py:830} INFO - Processing file /opt/airflow/dags/monitoring_retraining_dag.py for tasks to queue
[2026-01-16T06:14:33.949+0000] {logging_mixin.py:188} INFO - [2026-01-16T06:14:33.949+0000] {dagbag.py:545} INFO - Filling up the DagBag from /opt/airflow/dags/monitoring_retraining_dag.py
[2026-01-16T06:14:34.280+0000] {processor.py:840} INFO - DAG(s) 'monitoring_retraining_pipeline' retrieved from /opt/airflow/dags/monitoring_retraining_dag.py
[2026-01-16T06:14:34.323+0000] {logging_mixin.py:188} INFO - [2026-01-16T06:14:34.323+0000] {dag.py:3089} INFO - Sync 1 DAGs
[2026-01-16T06:14:34.346+0000] {logging_mixin.py:188} INFO - [2026-01-16T06:14:34.346+0000] {dag.py:3947} INFO - Setting next_dagrun for monitoring_retraining_pipeline to 2026-01-16 00:00:00+00:00, run_after=2026-01-17 00:00:00+00:00
[2026-01-16T06:14:34.366+0000] {processor.py:183} INFO - Processing /opt/airflow/dags/monitoring_retraining_dag.py took 0.427 seconds
[2026-01-16T06:15:04.738+0000] {processor.py:161} INFO - Started process (PID=796) to work on /opt/airflow/dags/monitoring_retraining_dag.py
[2026-01-16T06:15:04.739+0000] {processor.py:830} INFO - Processing file /opt/airflow/dags/monitoring_retraining_dag.py for tasks to queue
[2026-01-16T06:15:04.741+0000] {logging_mixin.py:188} INFO - [2026-01-16T06:15:04.741+0000] {dagbag.py:545} INFO - Filling up the DagBag from /opt/airflow/dags/monitoring_retraining_dag.py
[2026-01-16T06:15:05.053+0000] {processor.py:840} INFO - DAG(s) 'monitoring_retraining_pipeline' retrieved from /opt/airflow/dags/monitoring_retraining_dag.py
[2026-01-16T06:15:05.088+0000] {logging_mixin.py:188} INFO - [2026-01-16T06:15:05.088+0000] {dag.py:3089} INFO - Sync 1 DAGs
[2026-01-16T06:15:05.109+0000] {logging_mixin.py:188} INFO - [2026-01-16T06:15:05.109+0000] {dag.py:3947} INFO - Setting next_dagrun for monitoring_retraining_pipeline to 2026-01-16 00:00:00+00:00, run_after=2026-01-17 00:00:00+00:00
[2026-01-16T06:15:05.129+0000] {processor.py:183} INFO - Processing /opt/airflow/dags/monitoring_retraining_dag.py took 0.397 seconds
[2026-01-16T06:15:35.549+0000] {processor.py:161} INFO - Started process (PID=802) to work on /opt/airflow/dags/monitoring_retraining_dag.py
[2026-01-16T06:15:35.550+0000] {processor.py:830} INFO - Processing file /opt/airflow/dags/monitoring_retraining_dag.py for tasks to queue
[2026-01-16T06:15:35.552+0000] {logging_mixin.py:188} INFO - [2026-01-16T06:15:35.552+0000] {dagbag.py:545} INFO - Filling up the DagBag from /opt/airflow/dags/monitoring_retraining_dag.py
[2026-01-16T06:15:35.871+0000] {processor.py:840} INFO - DAG(s) 'monitoring_retraining_pipeline' retrieved from /opt/airflow/dags/monitoring_retraining_dag.py
[2026-01-16T06:15:35.906+0000] {logging_mixin.py:188} INFO - [2026-01-16T06:15:35.905+0000] {dag.py:3089} INFO - Sync 1 DAGs
[2026-01-16T06:15:35.929+0000] {logging_mixin.py:188} INFO - [2026-01-16T06:15:35.928+0000] {dag.py:3947} INFO - Setting next_dagrun for monitoring_retraining_pipeline to 2026-01-16 00:00:00+00:00, run_after=2026-01-17 00:00:00+00:00
[2026-01-16T06:15:35.951+0000] {processor.py:183} INFO - Processing /opt/airflow/dags/monitoring_retraining_dag.py took 0.408 seconds
[2026-01-16T06:16:06.405+0000] {processor.py:161} INFO - Started process (PID=808) to work on /opt/airflow/dags/monitoring_retraining_dag.py
[2026-01-16T06:16:06.417+0000] {processor.py:830} INFO - Processing file /opt/airflow/dags/monitoring_retraining_dag.py for tasks to queue
[2026-01-16T06:16:06.422+0000] {logging_mixin.py:188} INFO - [2026-01-16T06:16:06.421+0000] {dagbag.py:545} INFO - Filling up the DagBag from /opt/airflow/dags/monitoring_retraining_dag.py
[2026-01-16T06:16:06.990+0000] {processor.py:840} INFO - DAG(s) 'monitoring_retraining_pipeline' retrieved from /opt/airflow/dags/monitoring_retraining_dag.py
[2026-01-16T06:16:07.023+0000] {logging_mixin.py:188} INFO - [2026-01-16T06:16:07.023+0000] {dag.py:3089} INFO - Sync 1 DAGs
[2026-01-16T06:16:07.044+0000] {logging_mixin.py:188} INFO - [2026-01-16T06:16:07.044+0000] {dag.py:3947} INFO - Setting next_dagrun for monitoring_retraining_pipeline to 2026-01-16 00:00:00+00:00, run_after=2026-01-17 00:00:00+00:00
[2026-01-16T06:16:07.065+0000] {processor.py:183} INFO - Processing /opt/airflow/dags/monitoring_retraining_dag.py took 0.684 seconds
[2026-01-16T06:16:37.368+0000] {processor.py:161} INFO - Started process (PID=814) to work on /opt/airflow/dags/monitoring_retraining_dag.py
[2026-01-16T06:16:37.370+0000] {processor.py:830} INFO - Processing file /opt/airflow/dags/monitoring_retraining_dag.py for tasks to queue
[2026-01-16T06:16:37.372+0000] {logging_mixin.py:188} INFO - [2026-01-16T06:16:37.372+0000] {dagbag.py:545} INFO - Filling up the DagBag from /opt/airflow/dags/monitoring_retraining_dag.py
[2026-01-16T06:16:37.725+0000] {processor.py:840} INFO - DAG(s) 'monitoring_retraining_pipeline' retrieved from /opt/airflow/dags/monitoring_retraining_dag.py
[2026-01-16T06:16:37.761+0000] {logging_mixin.py:188} INFO - [2026-01-16T06:16:37.761+0000] {dag.py:3089} INFO - Sync 1 DAGs
[2026-01-16T06:16:37.787+0000] {logging_mixin.py:188} INFO - [2026-01-16T06:16:37.787+0000] {dag.py:3947} INFO - Setting next_dagrun for monitoring_retraining_pipeline to 2026-01-16 00:00:00+00:00, run_after=2026-01-17 00:00:00+00:00
[2026-01-16T06:16:37.808+0000] {processor.py:183} INFO - Processing /opt/airflow/dags/monitoring_retraining_dag.py took 0.449 seconds
[2026-01-16T06:17:08.015+0000] {processor.py:161} INFO - Started process (PID=820) to work on /opt/airflow/dags/monitoring_retraining_dag.py
[2026-01-16T06:17:08.016+0000] {processor.py:830} INFO - Processing file /opt/airflow/dags/monitoring_retraining_dag.py for tasks to queue
[2026-01-16T06:17:08.018+0000] {logging_mixin.py:188} INFO - [2026-01-16T06:17:08.018+0000] {dagbag.py:545} INFO - Filling up the DagBag from /opt/airflow/dags/monitoring_retraining_dag.py
[2026-01-16T06:17:08.378+0000] {processor.py:840} INFO - DAG(s) 'monitoring_retraining_pipeline' retrieved from /opt/airflow/dags/monitoring_retraining_dag.py
[2026-01-16T06:17:08.418+0000] {logging_mixin.py:188} INFO - [2026-01-16T06:17:08.418+0000] {dag.py:3089} INFO - Sync 1 DAGs
[2026-01-16T06:17:08.442+0000] {logging_mixin.py:188} INFO - [2026-01-16T06:17:08.441+0000] {dag.py:3947} INFO - Setting next_dagrun for monitoring_retraining_pipeline to 2026-01-16 00:00:00+00:00, run_after=2026-01-17 00:00:00+00:00
[2026-01-16T06:17:08.463+0000] {processor.py:183} INFO - Processing /opt/airflow/dags/monitoring_retraining_dag.py took 0.455 seconds
[2026-01-16T06:17:38.715+0000] {processor.py:161} INFO - Started process (PID=826) to work on /opt/airflow/dags/monitoring_retraining_dag.py
[2026-01-16T06:17:38.717+0000] {processor.py:830} INFO - Processing file /opt/airflow/dags/monitoring_retraining_dag.py for tasks to queue
[2026-01-16T06:17:38.719+0000] {logging_mixin.py:188} INFO - [2026-01-16T06:17:38.718+0000] {dagbag.py:545} INFO - Filling up the DagBag from /opt/airflow/dags/monitoring_retraining_dag.py
[2026-01-16T06:17:39.066+0000] {processor.py:840} INFO - DAG(s) 'monitoring_retraining_pipeline' retrieved from /opt/airflow/dags/monitoring_retraining_dag.py
[2026-01-16T06:17:39.114+0000] {logging_mixin.py:188} INFO - [2026-01-16T06:17:39.114+0000] {dag.py:3089} INFO - Sync 1 DAGs
[2026-01-16T06:17:39.138+0000] {logging_mixin.py:188} INFO - [2026-01-16T06:17:39.138+0000] {dag.py:3947} INFO - Setting next_dagrun for monitoring_retraining_pipeline to 2026-01-16 00:00:00+00:00, run_after=2026-01-17 00:00:00+00:00
[2026-01-16T06:17:39.160+0000] {processor.py:183} INFO - Processing /opt/airflow/dags/monitoring_retraining_dag.py took 0.452 seconds
[2026-01-16T06:18:09.368+0000] {processor.py:161} INFO - Started process (PID=832) to work on /opt/airflow/dags/monitoring_retraining_dag.py
[2026-01-16T06:18:09.369+0000] {processor.py:830} INFO - Processing file /opt/airflow/dags/monitoring_retraining_dag.py for tasks to queue
[2026-01-16T06:18:09.372+0000] {logging_mixin.py:188} INFO - [2026-01-16T06:18:09.371+0000] {dagbag.py:545} INFO - Filling up the DagBag from /opt/airflow/dags/monitoring_retraining_dag.py
[2026-01-16T06:18:09.720+0000] {processor.py:840} INFO - DAG(s) 'monitoring_retraining_pipeline' retrieved from /opt/airflow/dags/monitoring_retraining_dag.py
[2026-01-16T06:18:09.760+0000] {logging_mixin.py:188} INFO - [2026-01-16T06:18:09.759+0000] {dag.py:3089} INFO - Sync 1 DAGs
[2026-01-16T06:18:09.784+0000] {logging_mixin.py:188} INFO - [2026-01-16T06:18:09.784+0000] {dag.py:3947} INFO - Setting next_dagrun for monitoring_retraining_pipeline to 2026-01-16 00:00:00+00:00, run_after=2026-01-17 00:00:00+00:00
[2026-01-16T06:18:09.810+0000] {processor.py:183} INFO - Processing /opt/airflow/dags/monitoring_retraining_dag.py took 0.448 seconds
[2026-01-16T06:18:40.042+0000] {processor.py:161} INFO - Started process (PID=838) to work on /opt/airflow/dags/monitoring_retraining_dag.py
[2026-01-16T06:18:40.044+0000] {processor.py:830} INFO - Processing file /opt/airflow/dags/monitoring_retraining_dag.py for tasks to queue
[2026-01-16T06:18:40.046+0000] {logging_mixin.py:188} INFO - [2026-01-16T06:18:40.046+0000] {dagbag.py:545} INFO - Filling up the DagBag from /opt/airflow/dags/monitoring_retraining_dag.py
[2026-01-16T06:18:40.376+0000] {processor.py:840} INFO - DAG(s) 'monitoring_retraining_pipeline' retrieved from /opt/airflow/dags/monitoring_retraining_dag.py
[2026-01-16T06:18:40.413+0000] {logging_mixin.py:188} INFO - [2026-01-16T06:18:40.413+0000] {dag.py:3089} INFO - Sync 1 DAGs
[2026-01-16T06:18:40.439+0000] {logging_mixin.py:188} INFO - [2026-01-16T06:18:40.439+0000] {dag.py:3947} INFO - Setting next_dagrun for monitoring_retraining_pipeline to 2026-01-16 00:00:00+00:00, run_after=2026-01-17 00:00:00+00:00
[2026-01-16T06:18:40.462+0000] {processor.py:183} INFO - Processing /opt/airflow/dags/monitoring_retraining_dag.py took 0.428 seconds
[2026-01-16T06:19:10.682+0000] {processor.py:161} INFO - Started process (PID=844) to work on /opt/airflow/dags/monitoring_retraining_dag.py
[2026-01-16T06:19:10.684+0000] {processor.py:830} INFO - Processing file /opt/airflow/dags/monitoring_retraining_dag.py for tasks to queue
[2026-01-16T06:19:10.686+0000] {logging_mixin.py:188} INFO - [2026-01-16T06:19:10.686+0000] {dagbag.py:545} INFO - Filling up the DagBag from /opt/airflow/dags/monitoring_retraining_dag.py
[2026-01-16T06:19:11.093+0000] {processor.py:840} INFO - DAG(s) 'monitoring_retraining_pipeline' retrieved from /opt/airflow/dags/monitoring_retraining_dag.py
[2026-01-16T06:19:11.136+0000] {logging_mixin.py:188} INFO - [2026-01-16T06:19:11.136+0000] {dag.py:3089} INFO - Sync 1 DAGs
[2026-01-16T06:19:11.166+0000] {logging_mixin.py:188} INFO - [2026-01-16T06:19:11.166+0000] {dag.py:3947} INFO - Setting next_dagrun for monitoring_retraining_pipeline to 2026-01-16 00:00:00+00:00, run_after=2026-01-17 00:00:00+00:00
[2026-01-16T06:19:11.203+0000] {processor.py:183} INFO - Processing /opt/airflow/dags/monitoring_retraining_dag.py took 0.528 seconds
[2026-01-16T06:19:41.400+0000] {processor.py:161} INFO - Started process (PID=850) to work on /opt/airflow/dags/monitoring_retraining_dag.py
[2026-01-16T06:19:41.401+0000] {processor.py:830} INFO - Processing file /opt/airflow/dags/monitoring_retraining_dag.py for tasks to queue
[2026-01-16T06:19:41.403+0000] {logging_mixin.py:188} INFO - [2026-01-16T06:19:41.403+0000] {dagbag.py:545} INFO - Filling up the DagBag from /opt/airflow/dags/monitoring_retraining_dag.py
[2026-01-16T06:19:41.742+0000] {processor.py:840} INFO - DAG(s) 'monitoring_retraining_pipeline' retrieved from /opt/airflow/dags/monitoring_retraining_dag.py
[2026-01-16T06:19:41.783+0000] {logging_mixin.py:188} INFO - [2026-01-16T06:19:41.783+0000] {dag.py:3089} INFO - Sync 1 DAGs
[2026-01-16T06:19:41.815+0000] {logging_mixin.py:188} INFO - [2026-01-16T06:19:41.814+0000] {dag.py:3947} INFO - Setting next_dagrun for monitoring_retraining_pipeline to 2026-01-16 00:00:00+00:00, run_after=2026-01-17 00:00:00+00:00
[2026-01-16T06:19:41.839+0000] {processor.py:183} INFO - Processing /opt/airflow/dags/monitoring_retraining_dag.py took 0.446 seconds
[2026-01-16T06:20:12.105+0000] {processor.py:161} INFO - Started process (PID=856) to work on /opt/airflow/dags/monitoring_retraining_dag.py
[2026-01-16T06:20:12.106+0000] {processor.py:830} INFO - Processing file /opt/airflow/dags/monitoring_retraining_dag.py for tasks to queue
[2026-01-16T06:20:12.109+0000] {logging_mixin.py:188} INFO - [2026-01-16T06:20:12.108+0000] {dagbag.py:545} INFO - Filling up the DagBag from /opt/airflow/dags/monitoring_retraining_dag.py
[2026-01-16T06:20:12.442+0000] {processor.py:840} INFO - DAG(s) 'monitoring_retraining_pipeline' retrieved from /opt/airflow/dags/monitoring_retraining_dag.py
[2026-01-16T06:20:12.480+0000] {logging_mixin.py:188} INFO - [2026-01-16T06:20:12.479+0000] {dag.py:3089} INFO - Sync 1 DAGs
[2026-01-16T06:20:12.502+0000] {logging_mixin.py:188} INFO - [2026-01-16T06:20:12.502+0000] {dag.py:3947} INFO - Setting next_dagrun for monitoring_retraining_pipeline to 2026-01-16 00:00:00+00:00, run_after=2026-01-17 00:00:00+00:00
[2026-01-16T06:20:12.525+0000] {processor.py:183} INFO - Processing /opt/airflow/dags/monitoring_retraining_dag.py took 0.426 seconds
[2026-01-16T06:20:42.922+0000] {processor.py:161} INFO - Started process (PID=862) to work on /opt/airflow/dags/monitoring_retraining_dag.py
[2026-01-16T06:20:42.923+0000] {processor.py:830} INFO - Processing file /opt/airflow/dags/monitoring_retraining_dag.py for tasks to queue
[2026-01-16T06:20:42.925+0000] {logging_mixin.py:188} INFO - [2026-01-16T06:20:42.925+0000] {dagbag.py:545} INFO - Filling up the DagBag from /opt/airflow/dags/monitoring_retraining_dag.py
[2026-01-16T06:20:43.263+0000] {processor.py:840} INFO - DAG(s) 'monitoring_retraining_pipeline' retrieved from /opt/airflow/dags/monitoring_retraining_dag.py
[2026-01-16T06:20:43.300+0000] {logging_mixin.py:188} INFO - [2026-01-16T06:20:43.300+0000] {dag.py:3089} INFO - Sync 1 DAGs
[2026-01-16T06:20:43.322+0000] {logging_mixin.py:188} INFO - [2026-01-16T06:20:43.322+0000] {dag.py:3947} INFO - Setting next_dagrun for monitoring_retraining_pipeline to 2026-01-16 00:00:00+00:00, run_after=2026-01-17 00:00:00+00:00
[2026-01-16T06:20:43.341+0000] {processor.py:183} INFO - Processing /opt/airflow/dags/monitoring_retraining_dag.py took 0.427 seconds
[2026-01-16T06:21:13.728+0000] {processor.py:161} INFO - Started process (PID=868) to work on /opt/airflow/dags/monitoring_retraining_dag.py
[2026-01-16T06:21:13.729+0000] {processor.py:830} INFO - Processing file /opt/airflow/dags/monitoring_retraining_dag.py for tasks to queue
[2026-01-16T06:21:13.732+0000] {logging_mixin.py:188} INFO - [2026-01-16T06:21:13.731+0000] {dagbag.py:545} INFO - Filling up the DagBag from /opt/airflow/dags/monitoring_retraining_dag.py
[2026-01-16T06:21:14.058+0000] {processor.py:840} INFO - DAG(s) 'monitoring_retraining_pipeline' retrieved from /opt/airflow/dags/monitoring_retraining_dag.py
[2026-01-16T06:21:14.098+0000] {logging_mixin.py:188} INFO - [2026-01-16T06:21:14.098+0000] {dag.py:3089} INFO - Sync 1 DAGs
[2026-01-16T06:21:14.120+0000] {logging_mixin.py:188} INFO - [2026-01-16T06:21:14.120+0000] {dag.py:3947} INFO - Setting next_dagrun for monitoring_retraining_pipeline to 2026-01-16 00:00:00+00:00, run_after=2026-01-17 00:00:00+00:00
[2026-01-16T06:21:14.142+0000] {processor.py:183} INFO - Processing /opt/airflow/dags/monitoring_retraining_dag.py took 0.420 seconds
[2026-01-16T06:21:44.512+0000] {processor.py:161} INFO - Started process (PID=874) to work on /opt/airflow/dags/monitoring_retraining_dag.py
[2026-01-16T06:21:44.514+0000] {processor.py:830} INFO - Processing file /opt/airflow/dags/monitoring_retraining_dag.py for tasks to queue
[2026-01-16T06:21:44.516+0000] {logging_mixin.py:188} INFO - [2026-01-16T06:21:44.515+0000] {dagbag.py:545} INFO - Filling up the DagBag from /opt/airflow/dags/monitoring_retraining_dag.py
[2026-01-16T06:21:44.828+0000] {processor.py:840} INFO - DAG(s) 'monitoring_retraining_pipeline' retrieved from /opt/airflow/dags/monitoring_retraining_dag.py
[2026-01-16T06:21:44.863+0000] {logging_mixin.py:188} INFO - [2026-01-16T06:21:44.863+0000] {dag.py:3089} INFO - Sync 1 DAGs
[2026-01-16T06:21:44.885+0000] {logging_mixin.py:188} INFO - [2026-01-16T06:21:44.885+0000] {dag.py:3947} INFO - Setting next_dagrun for monitoring_retraining_pipeline to 2026-01-16 00:00:00+00:00, run_after=2026-01-17 00:00:00+00:00
[2026-01-16T06:21:44.906+0000] {processor.py:183} INFO - Processing /opt/airflow/dags/monitoring_retraining_dag.py took 0.400 seconds
[2026-01-16T06:22:15.204+0000] {processor.py:161} INFO - Started process (PID=880) to work on /opt/airflow/dags/monitoring_retraining_dag.py
[2026-01-16T06:22:15.205+0000] {processor.py:830} INFO - Processing file /opt/airflow/dags/monitoring_retraining_dag.py for tasks to queue
[2026-01-16T06:22:15.208+0000] {logging_mixin.py:188} INFO - [2026-01-16T06:22:15.207+0000] {dagbag.py:545} INFO - Filling up the DagBag from /opt/airflow/dags/monitoring_retraining_dag.py
[2026-01-16T06:22:15.524+0000] {processor.py:840} INFO - DAG(s) 'monitoring_retraining_pipeline' retrieved from /opt/airflow/dags/monitoring_retraining_dag.py
[2026-01-16T06:22:15.559+0000] {logging_mixin.py:188} INFO - [2026-01-16T06:22:15.558+0000] {dag.py:3089} INFO - Sync 1 DAGs
[2026-01-16T06:22:15.580+0000] {logging_mixin.py:188} INFO - [2026-01-16T06:22:15.579+0000] {dag.py:3947} INFO - Setting next_dagrun for monitoring_retraining_pipeline to 2026-01-16 00:00:00+00:00, run_after=2026-01-17 00:00:00+00:00
[2026-01-16T06:22:15.600+0000] {processor.py:183} INFO - Processing /opt/airflow/dags/monitoring_retraining_dag.py took 0.404 seconds
[2026-01-16T06:22:45.981+0000] {processor.py:161} INFO - Started process (PID=886) to work on /opt/airflow/dags/monitoring_retraining_dag.py
[2026-01-16T06:22:45.983+0000] {processor.py:830} INFO - Processing file /opt/airflow/dags/monitoring_retraining_dag.py for tasks to queue
[2026-01-16T06:22:45.985+0000] {logging_mixin.py:188} INFO - [2026-01-16T06:22:45.984+0000] {dagbag.py:545} INFO - Filling up the DagBag from /opt/airflow/dags/monitoring_retraining_dag.py
[2026-01-16T06:22:46.306+0000] {processor.py:840} INFO - DAG(s) 'monitoring_retraining_pipeline' retrieved from /opt/airflow/dags/monitoring_retraining_dag.py
[2026-01-16T06:22:46.342+0000] {logging_mixin.py:188} INFO - [2026-01-16T06:22:46.342+0000] {dag.py:3089} INFO - Sync 1 DAGs
[2026-01-16T06:22:46.364+0000] {logging_mixin.py:188} INFO - [2026-01-16T06:22:46.364+0000] {dag.py:3947} INFO - Setting next_dagrun for monitoring_retraining_pipeline to 2026-01-16 00:00:00+00:00, run_after=2026-01-17 00:00:00+00:00
[2026-01-16T06:22:46.384+0000] {processor.py:183} INFO - Processing /opt/airflow/dags/monitoring_retraining_dag.py took 0.409 seconds
[2026-01-16T06:23:16.847+0000] {processor.py:161} INFO - Started process (PID=892) to work on /opt/airflow/dags/monitoring_retraining_dag.py
[2026-01-16T06:23:16.850+0000] {processor.py:830} INFO - Processing file /opt/airflow/dags/monitoring_retraining_dag.py for tasks to queue
[2026-01-16T06:23:16.857+0000] {logging_mixin.py:188} INFO - [2026-01-16T06:23:16.857+0000] {dagbag.py:545} INFO - Filling up the DagBag from /opt/airflow/dags/monitoring_retraining_dag.py
[2026-01-16T06:23:17.409+0000] {processor.py:840} INFO - DAG(s) 'monitoring_retraining_pipeline' retrieved from /opt/airflow/dags/monitoring_retraining_dag.py
[2026-01-16T06:23:17.446+0000] {logging_mixin.py:188} INFO - [2026-01-16T06:23:17.445+0000] {dag.py:3089} INFO - Sync 1 DAGs
[2026-01-16T06:23:17.469+0000] {logging_mixin.py:188} INFO - [2026-01-16T06:23:17.469+0000] {dag.py:3947} INFO - Setting next_dagrun for monitoring_retraining_pipeline to 2026-01-16 00:00:00+00:00, run_after=2026-01-17 00:00:00+00:00
[2026-01-16T06:23:17.492+0000] {processor.py:183} INFO - Processing /opt/airflow/dags/monitoring_retraining_dag.py took 0.657 seconds
[2026-01-16T06:23:47.934+0000] {processor.py:161} INFO - Started process (PID=898) to work on /opt/airflow/dags/monitoring_retraining_dag.py
[2026-01-16T06:23:47.935+0000] {processor.py:830} INFO - Processing file /opt/airflow/dags/monitoring_retraining_dag.py for tasks to queue
[2026-01-16T06:23:47.937+0000] {logging_mixin.py:188} INFO - [2026-01-16T06:23:47.937+0000] {dagbag.py:545} INFO - Filling up the DagBag from /opt/airflow/dags/monitoring_retraining_dag.py
[2026-01-16T06:23:48.256+0000] {processor.py:840} INFO - DAG(s) 'monitoring_retraining_pipeline' retrieved from /opt/airflow/dags/monitoring_retraining_dag.py
[2026-01-16T06:23:48.290+0000] {logging_mixin.py:188} INFO - [2026-01-16T06:23:48.290+0000] {dag.py:3089} INFO - Sync 1 DAGs
[2026-01-16T06:23:48.311+0000] {logging_mixin.py:188} INFO - [2026-01-16T06:23:48.311+0000] {dag.py:3947} INFO - Setting next_dagrun for monitoring_retraining_pipeline to 2026-01-16 00:00:00+00:00, run_after=2026-01-17 00:00:00+00:00
[2026-01-16T06:23:48.333+0000] {processor.py:183} INFO - Processing /opt/airflow/dags/monitoring_retraining_dag.py took 0.405 seconds
[2026-01-16T06:24:18.635+0000] {processor.py:161} INFO - Started process (PID=904) to work on /opt/airflow/dags/monitoring_retraining_dag.py
[2026-01-16T06:24:18.637+0000] {processor.py:830} INFO - Processing file /opt/airflow/dags/monitoring_retraining_dag.py for tasks to queue
[2026-01-16T06:24:18.639+0000] {logging_mixin.py:188} INFO - [2026-01-16T06:24:18.638+0000] {dagbag.py:545} INFO - Filling up the DagBag from /opt/airflow/dags/monitoring_retraining_dag.py
[2026-01-16T06:24:19.007+0000] {processor.py:840} INFO - DAG(s) 'monitoring_retraining_pipeline' retrieved from /opt/airflow/dags/monitoring_retraining_dag.py
[2026-01-16T06:24:19.062+0000] {logging_mixin.py:188} INFO - [2026-01-16T06:24:19.061+0000] {dag.py:3089} INFO - Sync 1 DAGs
[2026-01-16T06:24:19.098+0000] {logging_mixin.py:188} INFO - [2026-01-16T06:24:19.098+0000] {dag.py:3947} INFO - Setting next_dagrun for monitoring_retraining_pipeline to 2026-01-16 00:00:00+00:00, run_after=2026-01-17 00:00:00+00:00
[2026-01-16T06:24:19.125+0000] {processor.py:183} INFO - Processing /opt/airflow/dags/monitoring_retraining_dag.py took 0.497 seconds
[2026-01-16T06:24:49.359+0000] {processor.py:161} INFO - Started process (PID=910) to work on /opt/airflow/dags/monitoring_retraining_dag.py
[2026-01-16T06:24:49.360+0000] {processor.py:830} INFO - Processing file /opt/airflow/dags/monitoring_retraining_dag.py for tasks to queue
[2026-01-16T06:24:49.362+0000] {logging_mixin.py:188} INFO - [2026-01-16T06:24:49.362+0000] {dagbag.py:545} INFO - Filling up the DagBag from /opt/airflow/dags/monitoring_retraining_dag.py
[2026-01-16T06:24:49.711+0000] {processor.py:840} INFO - DAG(s) 'monitoring_retraining_pipeline' retrieved from /opt/airflow/dags/monitoring_retraining_dag.py
[2026-01-16T06:24:49.750+0000] {logging_mixin.py:188} INFO - [2026-01-16T06:24:49.750+0000] {dag.py:3089} INFO - Sync 1 DAGs
[2026-01-16T06:24:49.776+0000] {logging_mixin.py:188} INFO - [2026-01-16T06:24:49.776+0000] {dag.py:3947} INFO - Setting next_dagrun for monitoring_retraining_pipeline to 2026-01-16 00:00:00+00:00, run_after=2026-01-17 00:00:00+00:00
[2026-01-16T06:24:49.800+0000] {processor.py:183} INFO - Processing /opt/airflow/dags/monitoring_retraining_dag.py took 0.447 seconds
[2026-01-16T06:25:20.050+0000] {processor.py:161} INFO - Started process (PID=916) to work on /opt/airflow/dags/monitoring_retraining_dag.py
[2026-01-16T06:25:20.052+0000] {processor.py:830} INFO - Processing file /opt/airflow/dags/monitoring_retraining_dag.py for tasks to queue
[2026-01-16T06:25:20.054+0000] {logging_mixin.py:188} INFO - [2026-01-16T06:25:20.054+0000] {dagbag.py:545} INFO - Filling up the DagBag from /opt/airflow/dags/monitoring_retraining_dag.py
[2026-01-16T06:25:20.385+0000] {processor.py:840} INFO - DAG(s) 'monitoring_retraining_pipeline' retrieved from /opt/airflow/dags/monitoring_retraining_dag.py
[2026-01-16T06:25:20.421+0000] {logging_mixin.py:188} INFO - [2026-01-16T06:25:20.420+0000] {dag.py:3089} INFO - Sync 1 DAGs
[2026-01-16T06:25:20.442+0000] {logging_mixin.py:188} INFO - [2026-01-16T06:25:20.442+0000] {dag.py:3947} INFO - Setting next_dagrun for monitoring_retraining_pipeline to 2026-01-16 00:00:00+00:00, run_after=2026-01-17 00:00:00+00:00
[2026-01-16T06:25:20.464+0000] {processor.py:183} INFO - Processing /opt/airflow/dags/monitoring_retraining_dag.py took 0.423 seconds
[2026-01-16T06:25:50.748+0000] {processor.py:161} INFO - Started process (PID=922) to work on /opt/airflow/dags/monitoring_retraining_dag.py
[2026-01-16T06:25:50.749+0000] {processor.py:830} INFO - Processing file /opt/airflow/dags/monitoring_retraining_dag.py for tasks to queue
[2026-01-16T06:25:50.751+0000] {logging_mixin.py:188} INFO - [2026-01-16T06:25:50.751+0000] {dagbag.py:545} INFO - Filling up the DagBag from /opt/airflow/dags/monitoring_retraining_dag.py
[2026-01-16T06:25:51.081+0000] {processor.py:840} INFO - DAG(s) 'monitoring_retraining_pipeline' retrieved from /opt/airflow/dags/monitoring_retraining_dag.py
[2026-01-16T06:25:51.116+0000] {logging_mixin.py:188} INFO - [2026-01-16T06:25:51.116+0000] {dag.py:3089} INFO - Sync 1 DAGs
[2026-01-16T06:25:51.138+0000] {logging_mixin.py:188} INFO - [2026-01-16T06:25:51.138+0000] {dag.py:3947} INFO - Setting next_dagrun for monitoring_retraining_pipeline to 2026-01-16 00:00:00+00:00, run_after=2026-01-17 00:00:00+00:00
[2026-01-16T06:25:51.158+0000] {processor.py:183} INFO - Processing /opt/airflow/dags/monitoring_retraining_dag.py took 0.417 seconds
[2026-01-16T06:26:21.375+0000] {processor.py:161} INFO - Started process (PID=928) to work on /opt/airflow/dags/monitoring_retraining_dag.py
[2026-01-16T06:26:21.377+0000] {processor.py:830} INFO - Processing file /opt/airflow/dags/monitoring_retraining_dag.py for tasks to queue
[2026-01-16T06:26:21.379+0000] {logging_mixin.py:188} INFO - [2026-01-16T06:26:21.379+0000] {dagbag.py:545} INFO - Filling up the DagBag from /opt/airflow/dags/monitoring_retraining_dag.py
[2026-01-16T06:26:21.727+0000] {processor.py:840} INFO - DAG(s) 'monitoring_retraining_pipeline' retrieved from /opt/airflow/dags/monitoring_retraining_dag.py
[2026-01-16T06:26:21.768+0000] {logging_mixin.py:188} INFO - [2026-01-16T06:26:21.767+0000] {dag.py:3089} INFO - Sync 1 DAGs
[2026-01-16T06:26:21.792+0000] {logging_mixin.py:188} INFO - [2026-01-16T06:26:21.792+0000] {dag.py:3947} INFO - Setting next_dagrun for monitoring_retraining_pipeline to 2026-01-16 00:00:00+00:00, run_after=2026-01-17 00:00:00+00:00
[2026-01-16T06:26:21.817+0000] {processor.py:183} INFO - Processing /opt/airflow/dags/monitoring_retraining_dag.py took 0.448 seconds
[2026-01-16T06:26:52.097+0000] {processor.py:161} INFO - Started process (PID=934) to work on /opt/airflow/dags/monitoring_retraining_dag.py
[2026-01-16T06:26:52.099+0000] {processor.py:830} INFO - Processing file /opt/airflow/dags/monitoring_retraining_dag.py for tasks to queue
[2026-01-16T06:26:52.101+0000] {logging_mixin.py:188} INFO - [2026-01-16T06:26:52.101+0000] {dagbag.py:545} INFO - Filling up the DagBag from /opt/airflow/dags/monitoring_retraining_dag.py
[2026-01-16T06:26:52.427+0000] {processor.py:840} INFO - DAG(s) 'monitoring_retraining_pipeline' retrieved from /opt/airflow/dags/monitoring_retraining_dag.py
[2026-01-16T06:26:52.462+0000] {logging_mixin.py:188} INFO - [2026-01-16T06:26:52.462+0000] {dag.py:3089} INFO - Sync 1 DAGs
[2026-01-16T06:26:52.486+0000] {logging_mixin.py:188} INFO - [2026-01-16T06:26:52.486+0000] {dag.py:3947} INFO - Setting next_dagrun for monitoring_retraining_pipeline to 2026-01-16 00:00:00+00:00, run_after=2026-01-17 00:00:00+00:00
[2026-01-16T06:26:52.506+0000] {processor.py:183} INFO - Processing /opt/airflow/dags/monitoring_retraining_dag.py took 0.416 seconds
[2026-01-16T06:27:22.783+0000] {processor.py:161} INFO - Started process (PID=940) to work on /opt/airflow/dags/monitoring_retraining_dag.py
[2026-01-16T06:27:22.784+0000] {processor.py:830} INFO - Processing file /opt/airflow/dags/monitoring_retraining_dag.py for tasks to queue
[2026-01-16T06:27:22.787+0000] {logging_mixin.py:188} INFO - [2026-01-16T06:27:22.786+0000] {dagbag.py:545} INFO - Filling up the DagBag from /opt/airflow/dags/monitoring_retraining_dag.py
[2026-01-16T06:27:23.124+0000] {processor.py:840} INFO - DAG(s) 'monitoring_retraining_pipeline' retrieved from /opt/airflow/dags/monitoring_retraining_dag.py
[2026-01-16T06:27:23.160+0000] {logging_mixin.py:188} INFO - [2026-01-16T06:27:23.160+0000] {dag.py:3089} INFO - Sync 1 DAGs
[2026-01-16T06:27:23.182+0000] {logging_mixin.py:188} INFO - [2026-01-16T06:27:23.182+0000] {dag.py:3947} INFO - Setting next_dagrun for monitoring_retraining_pipeline to 2026-01-16 00:00:00+00:00, run_after=2026-01-17 00:00:00+00:00
[2026-01-16T06:27:23.205+0000] {processor.py:183} INFO - Processing /opt/airflow/dags/monitoring_retraining_dag.py took 0.429 seconds
[2026-01-16T06:27:53.461+0000] {processor.py:161} INFO - Started process (PID=946) to work on /opt/airflow/dags/monitoring_retraining_dag.py
[2026-01-16T06:27:53.463+0000] {processor.py:830} INFO - Processing file /opt/airflow/dags/monitoring_retraining_dag.py for tasks to queue
[2026-01-16T06:27:53.465+0000] {logging_mixin.py:188} INFO - [2026-01-16T06:27:53.465+0000] {dagbag.py:545} INFO - Filling up the DagBag from /opt/airflow/dags/monitoring_retraining_dag.py
[2026-01-16T06:27:53.798+0000] {processor.py:840} INFO - DAG(s) 'monitoring_retraining_pipeline' retrieved from /opt/airflow/dags/monitoring_retraining_dag.py
[2026-01-16T06:27:53.835+0000] {logging_mixin.py:188} INFO - [2026-01-16T06:27:53.835+0000] {dag.py:3089} INFO - Sync 1 DAGs
[2026-01-16T06:27:53.861+0000] {logging_mixin.py:188} INFO - [2026-01-16T06:27:53.860+0000] {dag.py:3947} INFO - Setting next_dagrun for monitoring_retraining_pipeline to 2026-01-16 00:00:00+00:00, run_after=2026-01-17 00:00:00+00:00
[2026-01-16T06:27:53.883+0000] {processor.py:183} INFO - Processing /opt/airflow/dags/monitoring_retraining_dag.py took 0.429 seconds
[2026-01-16T06:28:24.118+0000] {processor.py:161} INFO - Started process (PID=952) to work on /opt/airflow/dags/monitoring_retraining_dag.py
[2026-01-16T06:28:24.120+0000] {processor.py:830} INFO - Processing file /opt/airflow/dags/monitoring_retraining_dag.py for tasks to queue
[2026-01-16T06:28:24.122+0000] {logging_mixin.py:188} INFO - [2026-01-16T06:28:24.122+0000] {dagbag.py:545} INFO - Filling up the DagBag from /opt/airflow/dags/monitoring_retraining_dag.py
[2026-01-16T06:28:24.451+0000] {processor.py:840} INFO - DAG(s) 'monitoring_retraining_pipeline' retrieved from /opt/airflow/dags/monitoring_retraining_dag.py
[2026-01-16T06:28:24.486+0000] {logging_mixin.py:188} INFO - [2026-01-16T06:28:24.486+0000] {dag.py:3089} INFO - Sync 1 DAGs
[2026-01-16T06:28:24.509+0000] {logging_mixin.py:188} INFO - [2026-01-16T06:28:24.509+0000] {dag.py:3947} INFO - Setting next_dagrun for monitoring_retraining_pipeline to 2026-01-16 00:00:00+00:00, run_after=2026-01-17 00:00:00+00:00
[2026-01-16T06:28:24.532+0000] {processor.py:183} INFO - Processing /opt/airflow/dags/monitoring_retraining_dag.py took 0.420 seconds
[2026-01-16T06:28:54.794+0000] {processor.py:161} INFO - Started process (PID=958) to work on /opt/airflow/dags/monitoring_retraining_dag.py
[2026-01-16T06:28:54.796+0000] {processor.py:830} INFO - Processing file /opt/airflow/dags/monitoring_retraining_dag.py for tasks to queue
[2026-01-16T06:28:54.798+0000] {logging_mixin.py:188} INFO - [2026-01-16T06:28:54.798+0000] {dagbag.py:545} INFO - Filling up the DagBag from /opt/airflow/dags/monitoring_retraining_dag.py
[2026-01-16T06:28:55.122+0000] {processor.py:840} INFO - DAG(s) 'monitoring_retraining_pipeline' retrieved from /opt/airflow/dags/monitoring_retraining_dag.py
[2026-01-16T06:28:55.159+0000] {logging_mixin.py:188} INFO - [2026-01-16T06:28:55.158+0000] {dag.py:3089} INFO - Sync 1 DAGs
[2026-01-16T06:28:55.183+0000] {logging_mixin.py:188} INFO - [2026-01-16T06:28:55.183+0000] {dag.py:3947} INFO - Setting next_dagrun for monitoring_retraining_pipeline to 2026-01-16 00:00:00+00:00, run_after=2026-01-17 00:00:00+00:00
[2026-01-16T06:28:55.208+0000] {processor.py:183} INFO - Processing /opt/airflow/dags/monitoring_retraining_dag.py took 0.421 seconds
[2026-01-16T06:29:25.461+0000] {processor.py:161} INFO - Started process (PID=964) to work on /opt/airflow/dags/monitoring_retraining_dag.py
[2026-01-16T06:29:25.462+0000] {processor.py:830} INFO - Processing file /opt/airflow/dags/monitoring_retraining_dag.py for tasks to queue
[2026-01-16T06:29:25.464+0000] {logging_mixin.py:188} INFO - [2026-01-16T06:29:25.464+0000] {dagbag.py:545} INFO - Filling up the DagBag from /opt/airflow/dags/monitoring_retraining_dag.py
[2026-01-16T06:29:25.803+0000] {processor.py:840} INFO - DAG(s) 'monitoring_retraining_pipeline' retrieved from /opt/airflow/dags/monitoring_retraining_dag.py
[2026-01-16T06:29:25.846+0000] {logging_mixin.py:188} INFO - [2026-01-16T06:29:25.845+0000] {dag.py:3089} INFO - Sync 1 DAGs
[2026-01-16T06:29:25.872+0000] {logging_mixin.py:188} INFO - [2026-01-16T06:29:25.872+0000] {dag.py:3947} INFO - Setting next_dagrun for monitoring_retraining_pipeline to 2026-01-16 00:00:00+00:00, run_after=2026-01-17 00:00:00+00:00
[2026-01-16T06:29:25.895+0000] {processor.py:183} INFO - Processing /opt/airflow/dags/monitoring_retraining_dag.py took 0.441 seconds
[2026-01-16T06:29:56.159+0000] {processor.py:161} INFO - Started process (PID=970) to work on /opt/airflow/dags/monitoring_retraining_dag.py
[2026-01-16T06:29:56.160+0000] {processor.py:830} INFO - Processing file /opt/airflow/dags/monitoring_retraining_dag.py for tasks to queue
[2026-01-16T06:29:56.162+0000] {logging_mixin.py:188} INFO - [2026-01-16T06:29:56.162+0000] {dagbag.py:545} INFO - Filling up the DagBag from /opt/airflow/dags/monitoring_retraining_dag.py
[2026-01-16T06:29:56.490+0000] {processor.py:840} INFO - DAG(s) 'monitoring_retraining_pipeline' retrieved from /opt/airflow/dags/monitoring_retraining_dag.py
[2026-01-16T06:29:56.525+0000] {logging_mixin.py:188} INFO - [2026-01-16T06:29:56.525+0000] {dag.py:3089} INFO - Sync 1 DAGs
[2026-01-16T06:29:56.548+0000] {logging_mixin.py:188} INFO - [2026-01-16T06:29:56.548+0000] {dag.py:3947} INFO - Setting next_dagrun for monitoring_retraining_pipeline to 2026-01-16 00:00:00+00:00, run_after=2026-01-17 00:00:00+00:00
[2026-01-16T06:29:56.580+0000] {processor.py:183} INFO - Processing /opt/airflow/dags/monitoring_retraining_dag.py took 0.429 seconds
[2026-01-16T06:30:26.834+0000] {processor.py:161} INFO - Started process (PID=976) to work on /opt/airflow/dags/monitoring_retraining_dag.py
[2026-01-16T06:30:26.836+0000] {processor.py:830} INFO - Processing file /opt/airflow/dags/monitoring_retraining_dag.py for tasks to queue
[2026-01-16T06:30:26.838+0000] {logging_mixin.py:188} INFO - [2026-01-16T06:30:26.838+0000] {dagbag.py:545} INFO - Filling up the DagBag from /opt/airflow/dags/monitoring_retraining_dag.py
[2026-01-16T06:30:27.620+0000] {processor.py:840} INFO - DAG(s) 'monitoring_retraining_pipeline' retrieved from /opt/airflow/dags/monitoring_retraining_dag.py
[2026-01-16T06:30:27.691+0000] {logging_mixin.py:188} INFO - [2026-01-16T06:30:27.690+0000] {dag.py:3089} INFO - Sync 1 DAGs
[2026-01-16T06:30:27.723+0000] {logging_mixin.py:188} INFO - [2026-01-16T06:30:27.722+0000] {dag.py:3947} INFO - Setting next_dagrun for monitoring_retraining_pipeline to 2026-01-16 00:00:00+00:00, run_after=2026-01-17 00:00:00+00:00
[2026-01-16T06:30:27.746+0000] {processor.py:183} INFO - Processing /opt/airflow/dags/monitoring_retraining_dag.py took 0.922 seconds
[2026-01-16T06:30:58.035+0000] {processor.py:161} INFO - Started process (PID=982) to work on /opt/airflow/dags/monitoring_retraining_dag.py
[2026-01-16T06:30:58.036+0000] {processor.py:830} INFO - Processing file /opt/airflow/dags/monitoring_retraining_dag.py for tasks to queue
[2026-01-16T06:30:58.039+0000] {logging_mixin.py:188} INFO - [2026-01-16T06:30:58.039+0000] {dagbag.py:545} INFO - Filling up the DagBag from /opt/airflow/dags/monitoring_retraining_dag.py
[2026-01-16T06:30:58.400+0000] {processor.py:840} INFO - DAG(s) 'monitoring_retraining_pipeline' retrieved from /opt/airflow/dags/monitoring_retraining_dag.py
[2026-01-16T06:30:58.438+0000] {logging_mixin.py:188} INFO - [2026-01-16T06:30:58.438+0000] {dag.py:3089} INFO - Sync 1 DAGs
[2026-01-16T06:30:58.461+0000] {logging_mixin.py:188} INFO - [2026-01-16T06:30:58.461+0000] {dag.py:3947} INFO - Setting next_dagrun for monitoring_retraining_pipeline to 2026-01-16 00:00:00+00:00, run_after=2026-01-17 00:00:00+00:00
[2026-01-16T06:30:58.482+0000] {processor.py:183} INFO - Processing /opt/airflow/dags/monitoring_retraining_dag.py took 0.454 seconds
[2026-01-16T06:31:28.746+0000] {processor.py:161} INFO - Started process (PID=988) to work on /opt/airflow/dags/monitoring_retraining_dag.py
[2026-01-16T06:31:28.748+0000] {processor.py:830} INFO - Processing file /opt/airflow/dags/monitoring_retraining_dag.py for tasks to queue
[2026-01-16T06:31:28.750+0000] {logging_mixin.py:188} INFO - [2026-01-16T06:31:28.749+0000] {dagbag.py:545} INFO - Filling up the DagBag from /opt/airflow/dags/monitoring_retraining_dag.py
[2026-01-16T06:31:29.083+0000] {processor.py:840} INFO - DAG(s) 'monitoring_retraining_pipeline' retrieved from /opt/airflow/dags/monitoring_retraining_dag.py
[2026-01-16T06:31:29.121+0000] {logging_mixin.py:188} INFO - [2026-01-16T06:31:29.120+0000] {dag.py:3089} INFO - Sync 1 DAGs
[2026-01-16T06:31:29.145+0000] {logging_mixin.py:188} INFO - [2026-01-16T06:31:29.145+0000] {dag.py:3947} INFO - Setting next_dagrun for monitoring_retraining_pipeline to 2026-01-16 00:00:00+00:00, run_after=2026-01-17 00:00:00+00:00
[2026-01-16T06:31:29.166+0000] {processor.py:183} INFO - Processing /opt/airflow/dags/monitoring_retraining_dag.py took 0.427 seconds
[2026-01-16T06:31:59.468+0000] {processor.py:161} INFO - Started process (PID=994) to work on /opt/airflow/dags/monitoring_retraining_dag.py
[2026-01-16T06:31:59.469+0000] {processor.py:830} INFO - Processing file /opt/airflow/dags/monitoring_retraining_dag.py for tasks to queue
[2026-01-16T06:31:59.471+0000] {logging_mixin.py:188} INFO - [2026-01-16T06:31:59.471+0000] {dagbag.py:545} INFO - Filling up the DagBag from /opt/airflow/dags/monitoring_retraining_dag.py
[2026-01-16T06:31:59.801+0000] {processor.py:840} INFO - DAG(s) 'monitoring_retraining_pipeline' retrieved from /opt/airflow/dags/monitoring_retraining_dag.py
[2026-01-16T06:31:59.838+0000] {logging_mixin.py:188} INFO - [2026-01-16T06:31:59.837+0000] {dag.py:3089} INFO - Sync 1 DAGs
[2026-01-16T06:31:59.860+0000] {logging_mixin.py:188} INFO - [2026-01-16T06:31:59.860+0000] {dag.py:3947} INFO - Setting next_dagrun for monitoring_retraining_pipeline to 2026-01-16 00:00:00+00:00, run_after=2026-01-17 00:00:00+00:00
[2026-01-16T06:31:59.880+0000] {processor.py:183} INFO - Processing /opt/airflow/dags/monitoring_retraining_dag.py took 0.418 seconds
[2026-01-16T06:32:30.166+0000] {processor.py:161} INFO - Started process (PID=1000) to work on /opt/airflow/dags/monitoring_retraining_dag.py
[2026-01-16T06:32:30.167+0000] {processor.py:830} INFO - Processing file /opt/airflow/dags/monitoring_retraining_dag.py for tasks to queue
[2026-01-16T06:32:30.171+0000] {logging_mixin.py:188} INFO - [2026-01-16T06:32:30.170+0000] {dagbag.py:545} INFO - Filling up the DagBag from /opt/airflow/dags/monitoring_retraining_dag.py
[2026-01-16T06:32:30.543+0000] {processor.py:840} INFO - DAG(s) 'monitoring_retraining_pipeline' retrieved from /opt/airflow/dags/monitoring_retraining_dag.py
[2026-01-16T06:32:30.579+0000] {logging_mixin.py:188} INFO - [2026-01-16T06:32:30.579+0000] {dag.py:3089} INFO - Sync 1 DAGs
[2026-01-16T06:32:30.602+0000] {logging_mixin.py:188} INFO - [2026-01-16T06:32:30.602+0000] {dag.py:3947} INFO - Setting next_dagrun for monitoring_retraining_pipeline to 2026-01-16 00:00:00+00:00, run_after=2026-01-17 00:00:00+00:00
[2026-01-16T06:32:30.626+0000] {processor.py:183} INFO - Processing /opt/airflow/dags/monitoring_retraining_dag.py took 0.468 seconds
[2026-01-16T06:33:00.917+0000] {processor.py:161} INFO - Started process (PID=1006) to work on /opt/airflow/dags/monitoring_retraining_dag.py
[2026-01-16T06:33:00.919+0000] {processor.py:830} INFO - Processing file /opt/airflow/dags/monitoring_retraining_dag.py for tasks to queue
[2026-01-16T06:33:00.921+0000] {logging_mixin.py:188} INFO - [2026-01-16T06:33:00.921+0000] {dagbag.py:545} INFO - Filling up the DagBag from /opt/airflow/dags/monitoring_retraining_dag.py
[2026-01-16T06:33:01.298+0000] {processor.py:840} INFO - DAG(s) 'monitoring_retraining_pipeline' retrieved from /opt/airflow/dags/monitoring_retraining_dag.py
[2026-01-16T06:33:01.336+0000] {logging_mixin.py:188} INFO - [2026-01-16T06:33:01.335+0000] {dag.py:3089} INFO - Sync 1 DAGs
[2026-01-16T06:33:01.359+0000] {logging_mixin.py:188} INFO - [2026-01-16T06:33:01.359+0000] {dag.py:3947} INFO - Setting next_dagrun for monitoring_retraining_pipeline to 2026-01-16 00:00:00+00:00, run_after=2026-01-17 00:00:00+00:00
[2026-01-16T06:33:01.381+0000] {processor.py:183} INFO - Processing /opt/airflow/dags/monitoring_retraining_dag.py took 0.473 seconds
[2026-01-16T06:33:31.643+0000] {processor.py:161} INFO - Started process (PID=1012) to work on /opt/airflow/dags/monitoring_retraining_dag.py
[2026-01-16T06:33:31.645+0000] {processor.py:830} INFO - Processing file /opt/airflow/dags/monitoring_retraining_dag.py for tasks to queue
[2026-01-16T06:33:31.648+0000] {logging_mixin.py:188} INFO - [2026-01-16T06:33:31.647+0000] {dagbag.py:545} INFO - Filling up the DagBag from /opt/airflow/dags/monitoring_retraining_dag.py
[2026-01-16T06:33:31.964+0000] {processor.py:840} INFO - DAG(s) 'monitoring_retraining_pipeline' retrieved from /opt/airflow/dags/monitoring_retraining_dag.py
[2026-01-16T06:33:31.999+0000] {logging_mixin.py:188} INFO - [2026-01-16T06:33:31.999+0000] {dag.py:3089} INFO - Sync 1 DAGs
[2026-01-16T06:33:32.021+0000] {logging_mixin.py:188} INFO - [2026-01-16T06:33:32.021+0000] {dag.py:3947} INFO - Setting next_dagrun for monitoring_retraining_pipeline to 2026-01-16 00:00:00+00:00, run_after=2026-01-17 00:00:00+00:00
[2026-01-16T06:33:32.042+0000] {processor.py:183} INFO - Processing /opt/airflow/dags/monitoring_retraining_dag.py took 0.405 seconds
[2026-01-16T06:34:02.345+0000] {processor.py:161} INFO - Started process (PID=1018) to work on /opt/airflow/dags/monitoring_retraining_dag.py
[2026-01-16T06:34:02.347+0000] {processor.py:830} INFO - Processing file /opt/airflow/dags/monitoring_retraining_dag.py for tasks to queue
[2026-01-16T06:34:02.349+0000] {logging_mixin.py:188} INFO - [2026-01-16T06:34:02.349+0000] {dagbag.py:545} INFO - Filling up the DagBag from /opt/airflow/dags/monitoring_retraining_dag.py
[2026-01-16T06:34:02.666+0000] {processor.py:840} INFO - DAG(s) 'monitoring_retraining_pipeline' retrieved from /opt/airflow/dags/monitoring_retraining_dag.py
[2026-01-16T06:34:02.701+0000] {logging_mixin.py:188} INFO - [2026-01-16T06:34:02.701+0000] {dag.py:3089} INFO - Sync 1 DAGs
[2026-01-16T06:34:02.723+0000] {logging_mixin.py:188} INFO - [2026-01-16T06:34:02.723+0000] {dag.py:3947} INFO - Setting next_dagrun for monitoring_retraining_pipeline to 2026-01-16 00:00:00+00:00, run_after=2026-01-17 00:00:00+00:00
[2026-01-16T06:34:02.744+0000] {processor.py:183} INFO - Processing /opt/airflow/dags/monitoring_retraining_dag.py took 0.405 seconds
[2026-01-16T06:34:33.025+0000] {processor.py:161} INFO - Started process (PID=1024) to work on /opt/airflow/dags/monitoring_retraining_dag.py
[2026-01-16T06:34:33.026+0000] {processor.py:830} INFO - Processing file /opt/airflow/dags/monitoring_retraining_dag.py for tasks to queue
[2026-01-16T06:34:33.029+0000] {logging_mixin.py:188} INFO - [2026-01-16T06:34:33.029+0000] {dagbag.py:545} INFO - Filling up the DagBag from /opt/airflow/dags/monitoring_retraining_dag.py
[2026-01-16T06:34:33.346+0000] {processor.py:840} INFO - DAG(s) 'monitoring_retraining_pipeline' retrieved from /opt/airflow/dags/monitoring_retraining_dag.py
[2026-01-16T06:34:33.381+0000] {logging_mixin.py:188} INFO - [2026-01-16T06:34:33.381+0000] {dag.py:3089} INFO - Sync 1 DAGs
[2026-01-16T06:34:33.403+0000] {logging_mixin.py:188} INFO - [2026-01-16T06:34:33.403+0000] {dag.py:3947} INFO - Setting next_dagrun for monitoring_retraining_pipeline to 2026-01-16 00:00:00+00:00, run_after=2026-01-17 00:00:00+00:00
[2026-01-16T06:34:33.424+0000] {processor.py:183} INFO - Processing /opt/airflow/dags/monitoring_retraining_dag.py took 0.406 seconds
[2026-01-16T06:35:03.715+0000] {processor.py:161} INFO - Started process (PID=1030) to work on /opt/airflow/dags/monitoring_retraining_dag.py
[2026-01-16T06:35:03.716+0000] {processor.py:830} INFO - Processing file /opt/airflow/dags/monitoring_retraining_dag.py for tasks to queue
[2026-01-16T06:35:03.719+0000] {logging_mixin.py:188} INFO - [2026-01-16T06:35:03.719+0000] {dagbag.py:545} INFO - Filling up the DagBag from /opt/airflow/dags/monitoring_retraining_dag.py
[2026-01-16T06:35:04.095+0000] {processor.py:840} INFO - DAG(s) 'monitoring_retraining_pipeline' retrieved from /opt/airflow/dags/monitoring_retraining_dag.py
[2026-01-16T06:35:04.138+0000] {logging_mixin.py:188} INFO - [2026-01-16T06:35:04.138+0000] {dag.py:3089} INFO - Sync 1 DAGs
[2026-01-16T06:35:04.165+0000] {logging_mixin.py:188} INFO - [2026-01-16T06:35:04.165+0000] {dag.py:3947} INFO - Setting next_dagrun for monitoring_retraining_pipeline to 2026-01-16 00:00:00+00:00, run_after=2026-01-17 00:00:00+00:00
[2026-01-16T06:35:04.187+0000] {processor.py:183} INFO - Processing /opt/airflow/dags/monitoring_retraining_dag.py took 0.481 seconds
[2026-01-16T06:35:34.471+0000] {processor.py:161} INFO - Started process (PID=1036) to work on /opt/airflow/dags/monitoring_retraining_dag.py
[2026-01-16T06:35:34.473+0000] {processor.py:830} INFO - Processing file /opt/airflow/dags/monitoring_retraining_dag.py for tasks to queue
[2026-01-16T06:35:34.475+0000] {logging_mixin.py:188} INFO - [2026-01-16T06:35:34.475+0000] {dagbag.py:545} INFO - Filling up the DagBag from /opt/airflow/dags/monitoring_retraining_dag.py
[2026-01-16T06:35:34.828+0000] {processor.py:840} INFO - DAG(s) 'monitoring_retraining_pipeline' retrieved from /opt/airflow/dags/monitoring_retraining_dag.py
[2026-01-16T06:35:34.863+0000] {logging_mixin.py:188} INFO - [2026-01-16T06:35:34.863+0000] {dag.py:3089} INFO - Sync 1 DAGs
[2026-01-16T06:35:34.884+0000] {logging_mixin.py:188} INFO - [2026-01-16T06:35:34.884+0000] {dag.py:3947} INFO - Setting next_dagrun for monitoring_retraining_pipeline to 2026-01-16 00:00:00+00:00, run_after=2026-01-17 00:00:00+00:00
[2026-01-16T06:35:34.905+0000] {processor.py:183} INFO - Processing /opt/airflow/dags/monitoring_retraining_dag.py took 0.440 seconds
[2026-01-16T06:36:05.174+0000] {processor.py:161} INFO - Started process (PID=1042) to work on /opt/airflow/dags/monitoring_retraining_dag.py
[2026-01-16T06:36:05.175+0000] {processor.py:830} INFO - Processing file /opt/airflow/dags/monitoring_retraining_dag.py for tasks to queue
[2026-01-16T06:36:05.178+0000] {logging_mixin.py:188} INFO - [2026-01-16T06:36:05.178+0000] {dagbag.py:545} INFO - Filling up the DagBag from /opt/airflow/dags/monitoring_retraining_dag.py
[2026-01-16T06:36:05.497+0000] {processor.py:840} INFO - DAG(s) 'monitoring_retraining_pipeline' retrieved from /opt/airflow/dags/monitoring_retraining_dag.py
[2026-01-16T06:36:05.531+0000] {logging_mixin.py:188} INFO - [2026-01-16T06:36:05.531+0000] {dag.py:3089} INFO - Sync 1 DAGs
[2026-01-16T06:36:05.554+0000] {logging_mixin.py:188} INFO - [2026-01-16T06:36:05.553+0000] {dag.py:3947} INFO - Setting next_dagrun for monitoring_retraining_pipeline to 2026-01-16 00:00:00+00:00, run_after=2026-01-17 00:00:00+00:00
[2026-01-16T06:36:05.573+0000] {processor.py:183} INFO - Processing /opt/airflow/dags/monitoring_retraining_dag.py took 0.408 seconds
[2026-01-16T06:36:35.820+0000] {processor.py:161} INFO - Started process (PID=1048) to work on /opt/airflow/dags/monitoring_retraining_dag.py
[2026-01-16T06:36:35.821+0000] {processor.py:830} INFO - Processing file /opt/airflow/dags/monitoring_retraining_dag.py for tasks to queue
[2026-01-16T06:36:35.823+0000] {logging_mixin.py:188} INFO - [2026-01-16T06:36:35.823+0000] {dagbag.py:545} INFO - Filling up the DagBag from /opt/airflow/dags/monitoring_retraining_dag.py
[2026-01-16T06:36:36.136+0000] {processor.py:840} INFO - DAG(s) 'monitoring_retraining_pipeline' retrieved from /opt/airflow/dags/monitoring_retraining_dag.py
[2026-01-16T06:36:36.171+0000] {logging_mixin.py:188} INFO - [2026-01-16T06:36:36.171+0000] {dag.py:3089} INFO - Sync 1 DAGs
[2026-01-16T06:36:36.194+0000] {logging_mixin.py:188} INFO - [2026-01-16T06:36:36.194+0000] {dag.py:3947} INFO - Setting next_dagrun for monitoring_retraining_pipeline to 2026-01-16 00:00:00+00:00, run_after=2026-01-17 00:00:00+00:00
[2026-01-16T06:36:36.217+0000] {processor.py:183} INFO - Processing /opt/airflow/dags/monitoring_retraining_dag.py took 0.403 seconds
[2026-01-16T06:37:06.483+0000] {processor.py:161} INFO - Started process (PID=1054) to work on /opt/airflow/dags/monitoring_retraining_dag.py
[2026-01-16T06:37:06.485+0000] {processor.py:830} INFO - Processing file /opt/airflow/dags/monitoring_retraining_dag.py for tasks to queue
[2026-01-16T06:37:06.488+0000] {logging_mixin.py:188} INFO - [2026-01-16T06:37:06.487+0000] {dagbag.py:545} INFO - Filling up the DagBag from /opt/airflow/dags/monitoring_retraining_dag.py
[2026-01-16T06:37:06.819+0000] {processor.py:840} INFO - DAG(s) 'monitoring_retraining_pipeline' retrieved from /opt/airflow/dags/monitoring_retraining_dag.py
[2026-01-16T06:37:06.858+0000] {logging_mixin.py:188} INFO - [2026-01-16T06:37:06.858+0000] {dag.py:3089} INFO - Sync 1 DAGs
[2026-01-16T06:37:06.882+0000] {logging_mixin.py:188} INFO - [2026-01-16T06:37:06.881+0000] {dag.py:3947} INFO - Setting next_dagrun for monitoring_retraining_pipeline to 2026-01-16 00:00:00+00:00, run_after=2026-01-17 00:00:00+00:00
[2026-01-16T06:37:06.902+0000] {processor.py:183} INFO - Processing /opt/airflow/dags/monitoring_retraining_dag.py took 0.426 seconds
[2026-01-16T06:37:37.149+0000] {processor.py:161} INFO - Started process (PID=1060) to work on /opt/airflow/dags/monitoring_retraining_dag.py
[2026-01-16T06:37:37.150+0000] {processor.py:830} INFO - Processing file /opt/airflow/dags/monitoring_retraining_dag.py for tasks to queue
[2026-01-16T06:37:37.153+0000] {logging_mixin.py:188} INFO - [2026-01-16T06:37:37.152+0000] {dagbag.py:545} INFO - Filling up the DagBag from /opt/airflow/dags/monitoring_retraining_dag.py
[2026-01-16T06:37:38.017+0000] {processor.py:840} INFO - DAG(s) 'monitoring_retraining_pipeline' retrieved from /opt/airflow/dags/monitoring_retraining_dag.py
[2026-01-16T06:37:38.056+0000] {logging_mixin.py:188} INFO - [2026-01-16T06:37:38.056+0000] {dag.py:3089} INFO - Sync 1 DAGs
[2026-01-16T06:37:38.083+0000] {logging_mixin.py:188} INFO - [2026-01-16T06:37:38.082+0000] {dag.py:3947} INFO - Setting next_dagrun for monitoring_retraining_pipeline to 2026-01-16 00:00:00+00:00, run_after=2026-01-17 00:00:00+00:00
[2026-01-16T06:37:38.104+0000] {processor.py:183} INFO - Processing /opt/airflow/dags/monitoring_retraining_dag.py took 0.962 seconds
[2026-01-16T06:38:08.400+0000] {processor.py:161} INFO - Started process (PID=1066) to work on /opt/airflow/dags/monitoring_retraining_dag.py
[2026-01-16T06:38:08.401+0000] {processor.py:830} INFO - Processing file /opt/airflow/dags/monitoring_retraining_dag.py for tasks to queue
[2026-01-16T06:38:08.403+0000] {logging_mixin.py:188} INFO - [2026-01-16T06:38:08.403+0000] {dagbag.py:545} INFO - Filling up the DagBag from /opt/airflow/dags/monitoring_retraining_dag.py
[2026-01-16T06:38:08.718+0000] {processor.py:840} INFO - DAG(s) 'monitoring_retraining_pipeline' retrieved from /opt/airflow/dags/monitoring_retraining_dag.py
[2026-01-16T06:38:08.754+0000] {logging_mixin.py:188} INFO - [2026-01-16T06:38:08.753+0000] {dag.py:3089} INFO - Sync 1 DAGs
[2026-01-16T06:38:08.775+0000] {logging_mixin.py:188} INFO - [2026-01-16T06:38:08.775+0000] {dag.py:3947} INFO - Setting next_dagrun for monitoring_retraining_pipeline to 2026-01-16 00:00:00+00:00, run_after=2026-01-17 00:00:00+00:00
[2026-01-16T06:38:08.794+0000] {processor.py:183} INFO - Processing /opt/airflow/dags/monitoring_retraining_dag.py took 0.400 seconds
[2026-01-16T06:38:39.019+0000] {processor.py:161} INFO - Started process (PID=1072) to work on /opt/airflow/dags/monitoring_retraining_dag.py
[2026-01-16T06:38:39.020+0000] {processor.py:830} INFO - Processing file /opt/airflow/dags/monitoring_retraining_dag.py for tasks to queue
[2026-01-16T06:38:39.023+0000] {logging_mixin.py:188} INFO - [2026-01-16T06:38:39.022+0000] {dagbag.py:545} INFO - Filling up the DagBag from /opt/airflow/dags/monitoring_retraining_dag.py
[2026-01-16T06:38:39.375+0000] {processor.py:840} INFO - DAG(s) 'monitoring_retraining_pipeline' retrieved from /opt/airflow/dags/monitoring_retraining_dag.py
[2026-01-16T06:38:39.411+0000] {logging_mixin.py:188} INFO - [2026-01-16T06:38:39.411+0000] {dag.py:3089} INFO - Sync 1 DAGs
[2026-01-16T06:38:39.433+0000] {logging_mixin.py:188} INFO - [2026-01-16T06:38:39.433+0000] {dag.py:3947} INFO - Setting next_dagrun for monitoring_retraining_pipeline to 2026-01-16 00:00:00+00:00, run_after=2026-01-17 00:00:00+00:00
[2026-01-16T06:38:39.456+0000] {processor.py:183} INFO - Processing /opt/airflow/dags/monitoring_retraining_dag.py took 0.443 seconds
[2026-01-16T06:39:09.701+0000] {processor.py:161} INFO - Started process (PID=1078) to work on /opt/airflow/dags/monitoring_retraining_dag.py
[2026-01-16T06:39:09.703+0000] {processor.py:830} INFO - Processing file /opt/airflow/dags/monitoring_retraining_dag.py for tasks to queue
[2026-01-16T06:39:09.705+0000] {logging_mixin.py:188} INFO - [2026-01-16T06:39:09.705+0000] {dagbag.py:545} INFO - Filling up the DagBag from /opt/airflow/dags/monitoring_retraining_dag.py
[2026-01-16T06:39:10.024+0000] {processor.py:840} INFO - DAG(s) 'monitoring_retraining_pipeline' retrieved from /opt/airflow/dags/monitoring_retraining_dag.py
[2026-01-16T06:39:10.058+0000] {logging_mixin.py:188} INFO - [2026-01-16T06:39:10.058+0000] {dag.py:3089} INFO - Sync 1 DAGs
[2026-01-16T06:39:10.080+0000] {logging_mixin.py:188} INFO - [2026-01-16T06:39:10.080+0000] {dag.py:3947} INFO - Setting next_dagrun for monitoring_retraining_pipeline to 2026-01-16 00:00:00+00:00, run_after=2026-01-17 00:00:00+00:00
[2026-01-16T06:39:10.112+0000] {processor.py:183} INFO - Processing /opt/airflow/dags/monitoring_retraining_dag.py took 0.419 seconds
[2026-01-16T06:39:40.367+0000] {processor.py:161} INFO - Started process (PID=1084) to work on /opt/airflow/dags/monitoring_retraining_dag.py
[2026-01-16T06:39:40.369+0000] {processor.py:830} INFO - Processing file /opt/airflow/dags/monitoring_retraining_dag.py for tasks to queue
[2026-01-16T06:39:40.372+0000] {logging_mixin.py:188} INFO - [2026-01-16T06:39:40.371+0000] {dagbag.py:545} INFO - Filling up the DagBag from /opt/airflow/dags/monitoring_retraining_dag.py
[2026-01-16T06:39:40.740+0000] {processor.py:840} INFO - DAG(s) 'monitoring_retraining_pipeline' retrieved from /opt/airflow/dags/monitoring_retraining_dag.py
[2026-01-16T06:39:40.783+0000] {logging_mixin.py:188} INFO - [2026-01-16T06:39:40.783+0000] {dag.py:3089} INFO - Sync 1 DAGs
[2026-01-16T06:39:40.809+0000] {logging_mixin.py:188} INFO - [2026-01-16T06:39:40.808+0000] {dag.py:3947} INFO - Setting next_dagrun for monitoring_retraining_pipeline to 2026-01-16 00:00:00+00:00, run_after=2026-01-17 00:00:00+00:00
[2026-01-16T06:39:40.830+0000] {processor.py:183} INFO - Processing /opt/airflow/dags/monitoring_retraining_dag.py took 0.470 seconds
[2026-01-16T06:40:11.090+0000] {processor.py:161} INFO - Started process (PID=1090) to work on /opt/airflow/dags/monitoring_retraining_dag.py
[2026-01-16T06:40:11.092+0000] {processor.py:830} INFO - Processing file /opt/airflow/dags/monitoring_retraining_dag.py for tasks to queue
[2026-01-16T06:40:11.094+0000] {logging_mixin.py:188} INFO - [2026-01-16T06:40:11.093+0000] {dagbag.py:545} INFO - Filling up the DagBag from /opt/airflow/dags/monitoring_retraining_dag.py
[2026-01-16T06:40:11.432+0000] {processor.py:840} INFO - DAG(s) 'monitoring_retraining_pipeline' retrieved from /opt/airflow/dags/monitoring_retraining_dag.py
[2026-01-16T06:40:11.472+0000] {logging_mixin.py:188} INFO - [2026-01-16T06:40:11.472+0000] {dag.py:3089} INFO - Sync 1 DAGs
[2026-01-16T06:40:11.495+0000] {logging_mixin.py:188} INFO - [2026-01-16T06:40:11.495+0000] {dag.py:3947} INFO - Setting next_dagrun for monitoring_retraining_pipeline to 2026-01-16 00:00:00+00:00, run_after=2026-01-17 00:00:00+00:00
[2026-01-16T06:40:11.518+0000] {processor.py:183} INFO - Processing /opt/airflow/dags/monitoring_retraining_dag.py took 0.440 seconds
[2026-01-16T06:40:41.764+0000] {processor.py:161} INFO - Started process (PID=1096) to work on /opt/airflow/dags/monitoring_retraining_dag.py
[2026-01-16T06:40:41.766+0000] {processor.py:830} INFO - Processing file /opt/airflow/dags/monitoring_retraining_dag.py for tasks to queue
[2026-01-16T06:40:41.770+0000] {logging_mixin.py:188} INFO - [2026-01-16T06:40:41.770+0000] {dagbag.py:545} INFO - Filling up the DagBag from /opt/airflow/dags/monitoring_retraining_dag.py
[2026-01-16T06:40:42.111+0000] {processor.py:840} INFO - DAG(s) 'monitoring_retraining_pipeline' retrieved from /opt/airflow/dags/monitoring_retraining_dag.py
[2026-01-16T06:40:42.146+0000] {logging_mixin.py:188} INFO - [2026-01-16T06:40:42.146+0000] {dag.py:3089} INFO - Sync 1 DAGs
[2026-01-16T06:40:42.169+0000] {logging_mixin.py:188} INFO - [2026-01-16T06:40:42.169+0000] {dag.py:3947} INFO - Setting next_dagrun for monitoring_retraining_pipeline to 2026-01-16 00:00:00+00:00, run_after=2026-01-17 00:00:00+00:00
[2026-01-16T06:40:42.192+0000] {processor.py:183} INFO - Processing /opt/airflow/dags/monitoring_retraining_dag.py took 0.436 seconds
[2026-01-16T06:41:12.452+0000] {processor.py:161} INFO - Started process (PID=1102) to work on /opt/airflow/dags/monitoring_retraining_dag.py
[2026-01-16T06:41:12.454+0000] {processor.py:830} INFO - Processing file /opt/airflow/dags/monitoring_retraining_dag.py for tasks to queue
[2026-01-16T06:41:12.458+0000] {logging_mixin.py:188} INFO - [2026-01-16T06:41:12.458+0000] {dagbag.py:545} INFO - Filling up the DagBag from /opt/airflow/dags/monitoring_retraining_dag.py
[2026-01-16T06:41:12.787+0000] {processor.py:840} INFO - DAG(s) 'monitoring_retraining_pipeline' retrieved from /opt/airflow/dags/monitoring_retraining_dag.py
[2026-01-16T06:41:12.821+0000] {logging_mixin.py:188} INFO - [2026-01-16T06:41:12.821+0000] {dag.py:3089} INFO - Sync 1 DAGs
[2026-01-16T06:41:12.845+0000] {logging_mixin.py:188} INFO - [2026-01-16T06:41:12.845+0000] {dag.py:3947} INFO - Setting next_dagrun for monitoring_retraining_pipeline to 2026-01-16 00:00:00+00:00, run_after=2026-01-17 00:00:00+00:00
[2026-01-16T06:41:12.866+0000] {processor.py:183} INFO - Processing /opt/airflow/dags/monitoring_retraining_dag.py took 0.425 seconds
[2026-01-16T06:41:43.100+0000] {processor.py:161} INFO - Started process (PID=1108) to work on /opt/airflow/dags/monitoring_retraining_dag.py
[2026-01-16T06:41:43.101+0000] {processor.py:830} INFO - Processing file /opt/airflow/dags/monitoring_retraining_dag.py for tasks to queue
[2026-01-16T06:41:43.104+0000] {logging_mixin.py:188} INFO - [2026-01-16T06:41:43.103+0000] {dagbag.py:545} INFO - Filling up the DagBag from /opt/airflow/dags/monitoring_retraining_dag.py
[2026-01-16T06:41:43.436+0000] {processor.py:840} INFO - DAG(s) 'monitoring_retraining_pipeline' retrieved from /opt/airflow/dags/monitoring_retraining_dag.py
[2026-01-16T06:41:43.472+0000] {logging_mixin.py:188} INFO - [2026-01-16T06:41:43.472+0000] {dag.py:3089} INFO - Sync 1 DAGs
[2026-01-16T06:41:43.494+0000] {logging_mixin.py:188} INFO - [2026-01-16T06:41:43.494+0000] {dag.py:3947} INFO - Setting next_dagrun for monitoring_retraining_pipeline to 2026-01-16 00:00:00+00:00, run_after=2026-01-17 00:00:00+00:00
[2026-01-16T06:41:43.515+0000] {processor.py:183} INFO - Processing /opt/airflow/dags/monitoring_retraining_dag.py took 0.421 seconds
[2026-01-16T06:42:13.781+0000] {processor.py:161} INFO - Started process (PID=1114) to work on /opt/airflow/dags/monitoring_retraining_dag.py
[2026-01-16T06:42:13.782+0000] {processor.py:830} INFO - Processing file /opt/airflow/dags/monitoring_retraining_dag.py for tasks to queue
[2026-01-16T06:42:13.784+0000] {logging_mixin.py:188} INFO - [2026-01-16T06:42:13.784+0000] {dagbag.py:545} INFO - Filling up the DagBag from /opt/airflow/dags/monitoring_retraining_dag.py
[2026-01-16T06:42:14.151+0000] {processor.py:840} INFO - DAG(s) 'monitoring_retraining_pipeline' retrieved from /opt/airflow/dags/monitoring_retraining_dag.py
[2026-01-16T06:42:14.189+0000] {logging_mixin.py:188} INFO - [2026-01-16T06:42:14.188+0000] {dag.py:3089} INFO - Sync 1 DAGs
[2026-01-16T06:42:14.211+0000] {logging_mixin.py:188} INFO - [2026-01-16T06:42:14.211+0000] {dag.py:3947} INFO - Setting next_dagrun for monitoring_retraining_pipeline to 2026-01-16 00:00:00+00:00, run_after=2026-01-17 00:00:00+00:00
[2026-01-16T06:42:14.234+0000] {processor.py:183} INFO - Processing /opt/airflow/dags/monitoring_retraining_dag.py took 0.459 seconds
[2026-01-16T06:42:44.506+0000] {processor.py:161} INFO - Started process (PID=1120) to work on /opt/airflow/dags/monitoring_retraining_dag.py
[2026-01-16T06:42:44.509+0000] {processor.py:830} INFO - Processing file /opt/airflow/dags/monitoring_retraining_dag.py for tasks to queue
[2026-01-16T06:42:44.513+0000] {logging_mixin.py:188} INFO - [2026-01-16T06:42:44.512+0000] {dagbag.py:545} INFO - Filling up the DagBag from /opt/airflow/dags/monitoring_retraining_dag.py
[2026-01-16T06:42:44.991+0000] {processor.py:840} INFO - DAG(s) 'monitoring_retraining_pipeline' retrieved from /opt/airflow/dags/monitoring_retraining_dag.py
[2026-01-16T06:42:45.028+0000] {logging_mixin.py:188} INFO - [2026-01-16T06:42:45.027+0000] {dag.py:3089} INFO - Sync 1 DAGs
[2026-01-16T06:42:45.053+0000] {logging_mixin.py:188} INFO - [2026-01-16T06:42:45.052+0000] {dag.py:3947} INFO - Setting next_dagrun for monitoring_retraining_pipeline to 2026-01-16 00:00:00+00:00, run_after=2026-01-17 00:00:00+00:00
[2026-01-16T06:42:45.079+0000] {processor.py:183} INFO - Processing /opt/airflow/dags/monitoring_retraining_dag.py took 0.584 seconds
[2026-01-16T06:43:15.233+0000] {processor.py:161} INFO - Started process (PID=1126) to work on /opt/airflow/dags/monitoring_retraining_dag.py
[2026-01-16T06:43:15.235+0000] {processor.py:830} INFO - Processing file /opt/airflow/dags/monitoring_retraining_dag.py for tasks to queue
[2026-01-16T06:43:15.237+0000] {logging_mixin.py:188} INFO - [2026-01-16T06:43:15.237+0000] {dagbag.py:545} INFO - Filling up the DagBag from /opt/airflow/dags/monitoring_retraining_dag.py
[2026-01-16T06:43:15.550+0000] {processor.py:840} INFO - DAG(s) 'monitoring_retraining_pipeline' retrieved from /opt/airflow/dags/monitoring_retraining_dag.py
[2026-01-16T06:43:15.585+0000] {logging_mixin.py:188} INFO - [2026-01-16T06:43:15.585+0000] {dag.py:3089} INFO - Sync 1 DAGs
[2026-01-16T06:43:15.611+0000] {logging_mixin.py:188} INFO - [2026-01-16T06:43:15.611+0000] {dag.py:3947} INFO - Setting next_dagrun for monitoring_retraining_pipeline to 2026-01-16 00:00:00+00:00, run_after=2026-01-17 00:00:00+00:00
[2026-01-16T06:43:15.634+0000] {processor.py:183} INFO - Processing /opt/airflow/dags/monitoring_retraining_dag.py took 0.407 seconds
[2026-01-16T06:43:45.980+0000] {processor.py:161} INFO - Started process (PID=1132) to work on /opt/airflow/dags/monitoring_retraining_dag.py
[2026-01-16T06:43:45.985+0000] {processor.py:830} INFO - Processing file /opt/airflow/dags/monitoring_retraining_dag.py for tasks to queue
[2026-01-16T06:43:45.997+0000] {logging_mixin.py:188} INFO - [2026-01-16T06:43:45.996+0000] {dagbag.py:545} INFO - Filling up the DagBag from /opt/airflow/dags/monitoring_retraining_dag.py
[2026-01-16T06:43:46.762+0000] {processor.py:840} INFO - DAG(s) 'monitoring_retraining_pipeline' retrieved from /opt/airflow/dags/monitoring_retraining_dag.py
[2026-01-16T06:43:46.830+0000] {logging_mixin.py:188} INFO - [2026-01-16T06:43:46.829+0000] {dag.py:3089} INFO - Sync 1 DAGs
[2026-01-16T06:43:46.866+0000] {logging_mixin.py:188} INFO - [2026-01-16T06:43:46.866+0000] {dag.py:3947} INFO - Setting next_dagrun for monitoring_retraining_pipeline to 2026-01-16 00:00:00+00:00, run_after=2026-01-17 00:00:00+00:00
[2026-01-16T06:43:46.899+0000] {processor.py:183} INFO - Processing /opt/airflow/dags/monitoring_retraining_dag.py took 0.939 seconds
[2026-01-16T06:44:17.183+0000] {processor.py:161} INFO - Started process (PID=1138) to work on /opt/airflow/dags/monitoring_retraining_dag.py
[2026-01-16T06:44:17.184+0000] {processor.py:830} INFO - Processing file /opt/airflow/dags/monitoring_retraining_dag.py for tasks to queue
[2026-01-16T06:44:17.186+0000] {logging_mixin.py:188} INFO - [2026-01-16T06:44:17.186+0000] {dagbag.py:545} INFO - Filling up the DagBag from /opt/airflow/dags/monitoring_retraining_dag.py
[2026-01-16T06:44:17.516+0000] {processor.py:840} INFO - DAG(s) 'monitoring_retraining_pipeline' retrieved from /opt/airflow/dags/monitoring_retraining_dag.py
[2026-01-16T06:44:17.548+0000] {logging_mixin.py:188} INFO - [2026-01-16T06:44:17.548+0000] {dag.py:3089} INFO - Sync 1 DAGs
[2026-01-16T06:44:17.569+0000] {logging_mixin.py:188} INFO - [2026-01-16T06:44:17.569+0000] {dag.py:3947} INFO - Setting next_dagrun for monitoring_retraining_pipeline to 2026-01-16 00:00:00+00:00, run_after=2026-01-17 00:00:00+00:00
[2026-01-16T06:44:17.590+0000] {processor.py:183} INFO - Processing /opt/airflow/dags/monitoring_retraining_dag.py took 0.414 seconds
[2026-01-16T06:44:47.848+0000] {processor.py:161} INFO - Started process (PID=1144) to work on /opt/airflow/dags/monitoring_retraining_dag.py
[2026-01-16T06:44:47.849+0000] {processor.py:830} INFO - Processing file /opt/airflow/dags/monitoring_retraining_dag.py for tasks to queue
[2026-01-16T06:44:47.852+0000] {logging_mixin.py:188} INFO - [2026-01-16T06:44:47.852+0000] {dagbag.py:545} INFO - Filling up the DagBag from /opt/airflow/dags/monitoring_retraining_dag.py
[2026-01-16T06:44:48.254+0000] {processor.py:840} INFO - DAG(s) 'monitoring_retraining_pipeline' retrieved from /opt/airflow/dags/monitoring_retraining_dag.py
[2026-01-16T06:44:48.294+0000] {logging_mixin.py:188} INFO - [2026-01-16T06:44:48.294+0000] {dag.py:3089} INFO - Sync 1 DAGs
[2026-01-16T06:44:48.320+0000] {logging_mixin.py:188} INFO - [2026-01-16T06:44:48.319+0000] {dag.py:3947} INFO - Setting next_dagrun for monitoring_retraining_pipeline to 2026-01-16 00:00:00+00:00, run_after=2026-01-17 00:00:00+00:00
[2026-01-16T06:44:48.871+0000] {processor.py:183} INFO - Processing /opt/airflow/dags/monitoring_retraining_dag.py took 1.033 seconds
[2026-01-16T06:45:19.099+0000] {processor.py:161} INFO - Started process (PID=1150) to work on /opt/airflow/dags/monitoring_retraining_dag.py
[2026-01-16T06:45:19.100+0000] {processor.py:830} INFO - Processing file /opt/airflow/dags/monitoring_retraining_dag.py for tasks to queue
[2026-01-16T06:45:19.103+0000] {logging_mixin.py:188} INFO - [2026-01-16T06:45:19.103+0000] {dagbag.py:545} INFO - Filling up the DagBag from /opt/airflow/dags/monitoring_retraining_dag.py
[2026-01-16T06:45:19.425+0000] {processor.py:840} INFO - DAG(s) 'monitoring_retraining_pipeline' retrieved from /opt/airflow/dags/monitoring_retraining_dag.py
[2026-01-16T06:45:19.459+0000] {logging_mixin.py:188} INFO - [2026-01-16T06:45:19.458+0000] {dag.py:3089} INFO - Sync 1 DAGs
[2026-01-16T06:45:19.481+0000] {logging_mixin.py:188} INFO - [2026-01-16T06:45:19.481+0000] {dag.py:3947} INFO - Setting next_dagrun for monitoring_retraining_pipeline to 2026-01-16 00:00:00+00:00, run_after=2026-01-17 00:00:00+00:00
[2026-01-16T06:45:19.502+0000] {processor.py:183} INFO - Processing /opt/airflow/dags/monitoring_retraining_dag.py took 0.410 seconds
[2026-01-16T06:45:49.841+0000] {processor.py:161} INFO - Started process (PID=1156) to work on /opt/airflow/dags/monitoring_retraining_dag.py
[2026-01-16T06:45:49.846+0000] {processor.py:830} INFO - Processing file /opt/airflow/dags/monitoring_retraining_dag.py for tasks to queue
[2026-01-16T06:45:49.852+0000] {logging_mixin.py:188} INFO - [2026-01-16T06:45:49.852+0000] {dagbag.py:545} INFO - Filling up the DagBag from /opt/airflow/dags/monitoring_retraining_dag.py
[2026-01-16T06:45:50.615+0000] {processor.py:840} INFO - DAG(s) 'monitoring_retraining_pipeline' retrieved from /opt/airflow/dags/monitoring_retraining_dag.py
[2026-01-16T06:45:50.652+0000] {logging_mixin.py:188} INFO - [2026-01-16T06:45:50.651+0000] {dag.py:3089} INFO - Sync 1 DAGs
[2026-01-16T06:45:50.676+0000] {logging_mixin.py:188} INFO - [2026-01-16T06:45:50.676+0000] {dag.py:3947} INFO - Setting next_dagrun for monitoring_retraining_pipeline to 2026-01-16 00:00:00+00:00, run_after=2026-01-17 00:00:00+00:00
[2026-01-16T06:45:50.698+0000] {processor.py:183} INFO - Processing /opt/airflow/dags/monitoring_retraining_dag.py took 0.875 seconds
[2026-01-16T06:46:20.978+0000] {processor.py:161} INFO - Started process (PID=1162) to work on /opt/airflow/dags/monitoring_retraining_dag.py
[2026-01-16T06:46:20.979+0000] {processor.py:830} INFO - Processing file /opt/airflow/dags/monitoring_retraining_dag.py for tasks to queue
[2026-01-16T06:46:20.982+0000] {logging_mixin.py:188} INFO - [2026-01-16T06:46:20.981+0000] {dagbag.py:545} INFO - Filling up the DagBag from /opt/airflow/dags/monitoring_retraining_dag.py
[2026-01-16T06:46:21.301+0000] {processor.py:840} INFO - DAG(s) 'monitoring_retraining_pipeline' retrieved from /opt/airflow/dags/monitoring_retraining_dag.py
[2026-01-16T06:46:21.337+0000] {logging_mixin.py:188} INFO - [2026-01-16T06:46:21.336+0000] {dag.py:3089} INFO - Sync 1 DAGs
[2026-01-16T06:46:21.358+0000] {logging_mixin.py:188} INFO - [2026-01-16T06:46:21.358+0000] {dag.py:3947} INFO - Setting next_dagrun for monitoring_retraining_pipeline to 2026-01-16 00:00:00+00:00, run_after=2026-01-17 00:00:00+00:00
[2026-01-16T06:46:21.379+0000] {processor.py:183} INFO - Processing /opt/airflow/dags/monitoring_retraining_dag.py took 0.409 seconds
[2026-01-16T06:46:51.655+0000] {processor.py:161} INFO - Started process (PID=1168) to work on /opt/airflow/dags/monitoring_retraining_dag.py
[2026-01-16T06:46:51.657+0000] {processor.py:830} INFO - Processing file /opt/airflow/dags/monitoring_retraining_dag.py for tasks to queue
[2026-01-16T06:46:51.659+0000] {logging_mixin.py:188} INFO - [2026-01-16T06:46:51.658+0000] {dagbag.py:545} INFO - Filling up the DagBag from /opt/airflow/dags/monitoring_retraining_dag.py
[2026-01-16T06:46:51.972+0000] {processor.py:840} INFO - DAG(s) 'monitoring_retraining_pipeline' retrieved from /opt/airflow/dags/monitoring_retraining_dag.py
[2026-01-16T06:46:52.008+0000] {logging_mixin.py:188} INFO - [2026-01-16T06:46:52.007+0000] {dag.py:3089} INFO - Sync 1 DAGs
[2026-01-16T06:46:52.029+0000] {logging_mixin.py:188} INFO - [2026-01-16T06:46:52.029+0000] {dag.py:3947} INFO - Setting next_dagrun for monitoring_retraining_pipeline to 2026-01-16 00:00:00+00:00, run_after=2026-01-17 00:00:00+00:00
[2026-01-16T06:46:52.277+0000] {processor.py:183} INFO - Processing /opt/airflow/dags/monitoring_retraining_dag.py took 0.628 seconds
[2026-01-16T06:47:22.390+0000] {processor.py:161} INFO - Started process (PID=1174) to work on /opt/airflow/dags/monitoring_retraining_dag.py
[2026-01-16T06:47:22.391+0000] {processor.py:830} INFO - Processing file /opt/airflow/dags/monitoring_retraining_dag.py for tasks to queue
[2026-01-16T06:47:22.393+0000] {logging_mixin.py:188} INFO - [2026-01-16T06:47:22.393+0000] {dagbag.py:545} INFO - Filling up the DagBag from /opt/airflow/dags/monitoring_retraining_dag.py
[2026-01-16T06:47:22.727+0000] {processor.py:840} INFO - DAG(s) 'monitoring_retraining_pipeline' retrieved from /opt/airflow/dags/monitoring_retraining_dag.py
[2026-01-16T06:47:22.762+0000] {logging_mixin.py:188} INFO - [2026-01-16T06:47:22.762+0000] {dag.py:3089} INFO - Sync 1 DAGs
[2026-01-16T06:47:22.785+0000] {logging_mixin.py:188} INFO - [2026-01-16T06:47:22.785+0000] {dag.py:3947} INFO - Setting next_dagrun for monitoring_retraining_pipeline to 2026-01-16 00:00:00+00:00, run_after=2026-01-17 00:00:00+00:00
[2026-01-16T06:47:22.805+0000] {processor.py:183} INFO - Processing /opt/airflow/dags/monitoring_retraining_dag.py took 0.423 seconds
[2026-01-16T06:47:53.088+0000] {processor.py:161} INFO - Started process (PID=1180) to work on /opt/airflow/dags/monitoring_retraining_dag.py
[2026-01-16T06:47:53.090+0000] {processor.py:830} INFO - Processing file /opt/airflow/dags/monitoring_retraining_dag.py for tasks to queue
[2026-01-16T06:47:53.092+0000] {logging_mixin.py:188} INFO - [2026-01-16T06:47:53.092+0000] {dagbag.py:545} INFO - Filling up the DagBag from /opt/airflow/dags/monitoring_retraining_dag.py
[2026-01-16T06:47:53.428+0000] {processor.py:840} INFO - DAG(s) 'monitoring_retraining_pipeline' retrieved from /opt/airflow/dags/monitoring_retraining_dag.py
[2026-01-16T06:47:53.465+0000] {logging_mixin.py:188} INFO - [2026-01-16T06:47:53.465+0000] {dag.py:3089} INFO - Sync 1 DAGs
[2026-01-16T06:47:53.488+0000] {logging_mixin.py:188} INFO - [2026-01-16T06:47:53.488+0000] {dag.py:3947} INFO - Setting next_dagrun for monitoring_retraining_pipeline to 2026-01-16 00:00:00+00:00, run_after=2026-01-17 00:00:00+00:00
[2026-01-16T06:47:53.510+0000] {processor.py:183} INFO - Processing /opt/airflow/dags/monitoring_retraining_dag.py took 0.429 seconds
[2026-01-16T06:48:23.792+0000] {processor.py:161} INFO - Started process (PID=1186) to work on /opt/airflow/dags/monitoring_retraining_dag.py
[2026-01-16T06:48:23.793+0000] {processor.py:830} INFO - Processing file /opt/airflow/dags/monitoring_retraining_dag.py for tasks to queue
[2026-01-16T06:48:23.796+0000] {logging_mixin.py:188} INFO - [2026-01-16T06:48:23.796+0000] {dagbag.py:545} INFO - Filling up the DagBag from /opt/airflow/dags/monitoring_retraining_dag.py
[2026-01-16T06:48:24.121+0000] {processor.py:840} INFO - DAG(s) 'monitoring_retraining_pipeline' retrieved from /opt/airflow/dags/monitoring_retraining_dag.py
[2026-01-16T06:48:24.158+0000] {logging_mixin.py:188} INFO - [2026-01-16T06:48:24.158+0000] {dag.py:3089} INFO - Sync 1 DAGs
[2026-01-16T06:48:24.180+0000] {logging_mixin.py:188} INFO - [2026-01-16T06:48:24.180+0000] {dag.py:3947} INFO - Setting next_dagrun for monitoring_retraining_pipeline to 2026-01-16 00:00:00+00:00, run_after=2026-01-17 00:00:00+00:00
[2026-01-16T06:48:24.202+0000] {processor.py:183} INFO - Processing /opt/airflow/dags/monitoring_retraining_dag.py took 0.418 seconds
[2026-01-16T06:48:54.470+0000] {processor.py:161} INFO - Started process (PID=1192) to work on /opt/airflow/dags/monitoring_retraining_dag.py
[2026-01-16T06:48:54.471+0000] {processor.py:830} INFO - Processing file /opt/airflow/dags/monitoring_retraining_dag.py for tasks to queue
[2026-01-16T06:48:54.474+0000] {logging_mixin.py:188} INFO - [2026-01-16T06:48:54.474+0000] {dagbag.py:545} INFO - Filling up the DagBag from /opt/airflow/dags/monitoring_retraining_dag.py
[2026-01-16T06:48:54.795+0000] {processor.py:840} INFO - DAG(s) 'monitoring_retraining_pipeline' retrieved from /opt/airflow/dags/monitoring_retraining_dag.py
[2026-01-16T06:48:54.829+0000] {logging_mixin.py:188} INFO - [2026-01-16T06:48:54.829+0000] {dag.py:3089} INFO - Sync 1 DAGs
[2026-01-16T06:48:54.854+0000] {logging_mixin.py:188} INFO - [2026-01-16T06:48:54.854+0000] {dag.py:3947} INFO - Setting next_dagrun for monitoring_retraining_pipeline to 2026-01-16 00:00:00+00:00, run_after=2026-01-17 00:00:00+00:00
[2026-01-16T06:48:55.298+0000] {processor.py:183} INFO - Processing /opt/airflow/dags/monitoring_retraining_dag.py took 0.835 seconds
[2026-01-16T06:49:25.535+0000] {processor.py:161} INFO - Started process (PID=1198) to work on /opt/airflow/dags/monitoring_retraining_dag.py
[2026-01-16T06:49:25.537+0000] {processor.py:830} INFO - Processing file /opt/airflow/dags/monitoring_retraining_dag.py for tasks to queue
[2026-01-16T06:49:25.540+0000] {logging_mixin.py:188} INFO - [2026-01-16T06:49:25.539+0000] {dagbag.py:545} INFO - Filling up the DagBag from /opt/airflow/dags/monitoring_retraining_dag.py
[2026-01-16T06:49:25.866+0000] {processor.py:840} INFO - DAG(s) 'monitoring_retraining_pipeline' retrieved from /opt/airflow/dags/monitoring_retraining_dag.py
[2026-01-16T06:49:25.901+0000] {logging_mixin.py:188} INFO - [2026-01-16T06:49:25.901+0000] {dag.py:3089} INFO - Sync 1 DAGs
[2026-01-16T06:49:26.062+0000] {logging_mixin.py:188} INFO - [2026-01-16T06:49:26.062+0000] {dag.py:3947} INFO - Setting next_dagrun for monitoring_retraining_pipeline to 2026-01-16 00:00:00+00:00, run_after=2026-01-17 00:00:00+00:00
[2026-01-16T06:49:26.083+0000] {processor.py:183} INFO - Processing /opt/airflow/dags/monitoring_retraining_dag.py took 0.555 seconds
[2026-01-16T06:50:48.562+0000] {processor.py:161} INFO - Started process (PID=163) to work on /opt/airflow/dags/monitoring_retraining_dag.py
[2026-01-16T06:50:48.564+0000] {processor.py:830} INFO - Processing file /opt/airflow/dags/monitoring_retraining_dag.py for tasks to queue
[2026-01-16T06:50:48.569+0000] {logging_mixin.py:188} INFO - [2026-01-16T06:50:48.568+0000] {dagbag.py:545} INFO - Filling up the DagBag from /opt/airflow/dags/monitoring_retraining_dag.py
[2026-01-16T06:50:49.437+0000] {processor.py:840} INFO - DAG(s) 'monitoring_retraining_pipeline' retrieved from /opt/airflow/dags/monitoring_retraining_dag.py
[2026-01-16T06:50:49.485+0000] {logging_mixin.py:188} INFO - [2026-01-16T06:50:49.484+0000] {dag.py:3089} INFO - Sync 1 DAGs
[2026-01-16T06:50:49.524+0000] {logging_mixin.py:188} INFO - [2026-01-16T06:50:49.524+0000] {dag.py:3947} INFO - Setting next_dagrun for monitoring_retraining_pipeline to 2026-01-16 00:00:00+00:00, run_after=2026-01-17 00:00:00+00:00
[2026-01-16T06:50:49.558+0000] {processor.py:183} INFO - Processing /opt/airflow/dags/monitoring_retraining_dag.py took 1.008 seconds
[2026-01-16T06:51:19.819+0000] {processor.py:161} INFO - Started process (PID=185) to work on /opt/airflow/dags/monitoring_retraining_dag.py
[2026-01-16T06:51:19.820+0000] {processor.py:830} INFO - Processing file /opt/airflow/dags/monitoring_retraining_dag.py for tasks to queue
[2026-01-16T06:51:19.825+0000] {logging_mixin.py:188} INFO - [2026-01-16T06:51:19.824+0000] {dagbag.py:545} INFO - Filling up the DagBag from /opt/airflow/dags/monitoring_retraining_dag.py
[2026-01-16T06:51:20.218+0000] {processor.py:840} INFO - DAG(s) 'monitoring_retraining_pipeline' retrieved from /opt/airflow/dags/monitoring_retraining_dag.py
[2026-01-16T06:51:20.624+0000] {logging_mixin.py:188} INFO - [2026-01-16T06:51:20.623+0000] {dag.py:3089} INFO - Sync 1 DAGs
[2026-01-16T06:51:20.690+0000] {logging_mixin.py:188} INFO - [2026-01-16T06:51:20.689+0000] {dag.py:3947} INFO - Setting next_dagrun for monitoring_retraining_pipeline to 2026-01-16 00:00:00+00:00, run_after=2026-01-17 00:00:00+00:00
[2026-01-16T06:51:20.762+0000] {processor.py:183} INFO - Processing /opt/airflow/dags/monitoring_retraining_dag.py took 0.952 seconds
[2026-01-16T06:51:51.107+0000] {processor.py:161} INFO - Started process (PID=192) to work on /opt/airflow/dags/monitoring_retraining_dag.py
[2026-01-16T06:51:51.109+0000] {processor.py:830} INFO - Processing file /opt/airflow/dags/monitoring_retraining_dag.py for tasks to queue
[2026-01-16T06:51:51.117+0000] {logging_mixin.py:188} INFO - [2026-01-16T06:51:51.116+0000] {dagbag.py:545} INFO - Filling up the DagBag from /opt/airflow/dags/monitoring_retraining_dag.py
[2026-01-16T06:51:51.493+0000] {processor.py:840} INFO - DAG(s) 'monitoring_retraining_pipeline' retrieved from /opt/airflow/dags/monitoring_retraining_dag.py
[2026-01-16T06:51:51.530+0000] {logging_mixin.py:188} INFO - [2026-01-16T06:51:51.529+0000] {dag.py:3089} INFO - Sync 1 DAGs
[2026-01-16T06:51:51.553+0000] {logging_mixin.py:188} INFO - [2026-01-16T06:51:51.553+0000] {dag.py:3947} INFO - Setting next_dagrun for monitoring_retraining_pipeline to 2026-01-16 00:00:00+00:00, run_after=2026-01-17 00:00:00+00:00
[2026-01-16T06:51:51.575+0000] {processor.py:183} INFO - Processing /opt/airflow/dags/monitoring_retraining_dag.py took 0.481 seconds
[2026-01-16T06:52:21.867+0000] {processor.py:161} INFO - Started process (PID=198) to work on /opt/airflow/dags/monitoring_retraining_dag.py
[2026-01-16T06:52:21.868+0000] {processor.py:830} INFO - Processing file /opt/airflow/dags/monitoring_retraining_dag.py for tasks to queue
[2026-01-16T06:52:21.872+0000] {logging_mixin.py:188} INFO - [2026-01-16T06:52:21.872+0000] {dagbag.py:545} INFO - Filling up the DagBag from /opt/airflow/dags/monitoring_retraining_dag.py
[2026-01-16T06:52:22.267+0000] {processor.py:840} INFO - DAG(s) 'monitoring_retraining_pipeline' retrieved from /opt/airflow/dags/monitoring_retraining_dag.py
[2026-01-16T06:52:22.308+0000] {logging_mixin.py:188} INFO - [2026-01-16T06:52:22.307+0000] {dag.py:3089} INFO - Sync 1 DAGs
[2026-01-16T06:52:22.336+0000] {logging_mixin.py:188} INFO - [2026-01-16T06:52:22.336+0000] {dag.py:3947} INFO - Setting next_dagrun for monitoring_retraining_pipeline to 2026-01-16 00:00:00+00:00, run_after=2026-01-17 00:00:00+00:00
[2026-01-16T06:52:22.362+0000] {processor.py:183} INFO - Processing /opt/airflow/dags/monitoring_retraining_dag.py took 0.507 seconds
[2026-01-16T06:52:52.514+0000] {processor.py:161} INFO - Started process (PID=204) to work on /opt/airflow/dags/monitoring_retraining_dag.py
[2026-01-16T06:52:52.515+0000] {processor.py:830} INFO - Processing file /opt/airflow/dags/monitoring_retraining_dag.py for tasks to queue
[2026-01-16T06:52:52.517+0000] {logging_mixin.py:188} INFO - [2026-01-16T06:52:52.517+0000] {dagbag.py:545} INFO - Filling up the DagBag from /opt/airflow/dags/monitoring_retraining_dag.py
[2026-01-16T06:52:52.834+0000] {processor.py:840} INFO - DAG(s) 'monitoring_retraining_pipeline' retrieved from /opt/airflow/dags/monitoring_retraining_dag.py
[2026-01-16T06:52:52.868+0000] {logging_mixin.py:188} INFO - [2026-01-16T06:52:52.868+0000] {dag.py:3089} INFO - Sync 1 DAGs
[2026-01-16T06:52:52.890+0000] {logging_mixin.py:188} INFO - [2026-01-16T06:52:52.889+0000] {dag.py:3947} INFO - Setting next_dagrun for monitoring_retraining_pipeline to 2026-01-16 00:00:00+00:00, run_after=2026-01-17 00:00:00+00:00
[2026-01-16T06:52:52.910+0000] {processor.py:183} INFO - Processing /opt/airflow/dags/monitoring_retraining_dag.py took 0.403 seconds
[2026-01-16T06:53:23.156+0000] {processor.py:161} INFO - Started process (PID=210) to work on /opt/airflow/dags/monitoring_retraining_dag.py
[2026-01-16T06:53:23.157+0000] {processor.py:830} INFO - Processing file /opt/airflow/dags/monitoring_retraining_dag.py for tasks to queue
[2026-01-16T06:53:23.160+0000] {logging_mixin.py:188} INFO - [2026-01-16T06:53:23.160+0000] {dagbag.py:545} INFO - Filling up the DagBag from /opt/airflow/dags/monitoring_retraining_dag.py
[2026-01-16T06:53:23.462+0000] {processor.py:840} INFO - DAG(s) 'monitoring_retraining_pipeline' retrieved from /opt/airflow/dags/monitoring_retraining_dag.py
[2026-01-16T06:53:23.495+0000] {logging_mixin.py:188} INFO - [2026-01-16T06:53:23.495+0000] {dag.py:3089} INFO - Sync 1 DAGs
[2026-01-16T06:53:23.515+0000] {logging_mixin.py:188} INFO - [2026-01-16T06:53:23.515+0000] {dag.py:3947} INFO - Setting next_dagrun for monitoring_retraining_pipeline to 2026-01-16 00:00:00+00:00, run_after=2026-01-17 00:00:00+00:00
[2026-01-16T06:53:23.536+0000] {processor.py:183} INFO - Processing /opt/airflow/dags/monitoring_retraining_dag.py took 0.386 seconds
[2026-01-16T06:53:53.794+0000] {processor.py:161} INFO - Started process (PID=216) to work on /opt/airflow/dags/monitoring_retraining_dag.py
[2026-01-16T06:53:53.796+0000] {processor.py:830} INFO - Processing file /opt/airflow/dags/monitoring_retraining_dag.py for tasks to queue
[2026-01-16T06:53:53.800+0000] {logging_mixin.py:188} INFO - [2026-01-16T06:53:53.799+0000] {dagbag.py:545} INFO - Filling up the DagBag from /opt/airflow/dags/monitoring_retraining_dag.py
[2026-01-16T06:53:54.242+0000] {processor.py:840} INFO - DAG(s) 'monitoring_retraining_pipeline' retrieved from /opt/airflow/dags/monitoring_retraining_dag.py
[2026-01-16T06:53:54.276+0000] {logging_mixin.py:188} INFO - [2026-01-16T06:53:54.275+0000] {dag.py:3089} INFO - Sync 1 DAGs
[2026-01-16T06:53:54.296+0000] {logging_mixin.py:188} INFO - [2026-01-16T06:53:54.296+0000] {dag.py:3947} INFO - Setting next_dagrun for monitoring_retraining_pipeline to 2026-01-16 00:00:00+00:00, run_after=2026-01-17 00:00:00+00:00
[2026-01-16T06:53:54.316+0000] {processor.py:183} INFO - Processing /opt/airflow/dags/monitoring_retraining_dag.py took 0.530 seconds
[2026-01-16T06:54:24.552+0000] {processor.py:161} INFO - Started process (PID=222) to work on /opt/airflow/dags/monitoring_retraining_dag.py
[2026-01-16T06:54:24.554+0000] {processor.py:830} INFO - Processing file /opt/airflow/dags/monitoring_retraining_dag.py for tasks to queue
[2026-01-16T06:54:24.556+0000] {logging_mixin.py:188} INFO - [2026-01-16T06:54:24.555+0000] {dagbag.py:545} INFO - Filling up the DagBag from /opt/airflow/dags/monitoring_retraining_dag.py
[2026-01-16T06:54:24.881+0000] {processor.py:840} INFO - DAG(s) 'monitoring_retraining_pipeline' retrieved from /opt/airflow/dags/monitoring_retraining_dag.py
[2026-01-16T06:54:24.918+0000] {logging_mixin.py:188} INFO - [2026-01-16T06:54:24.918+0000] {dag.py:3089} INFO - Sync 1 DAGs
[2026-01-16T06:54:24.940+0000] {logging_mixin.py:188} INFO - [2026-01-16T06:54:24.940+0000] {dag.py:3947} INFO - Setting next_dagrun for monitoring_retraining_pipeline to 2026-01-16 00:00:00+00:00, run_after=2026-01-17 00:00:00+00:00
[2026-01-16T06:54:24.963+0000] {processor.py:183} INFO - Processing /opt/airflow/dags/monitoring_retraining_dag.py took 0.418 seconds
[2026-01-16T06:54:55.164+0000] {processor.py:161} INFO - Started process (PID=228) to work on /opt/airflow/dags/monitoring_retraining_dag.py
[2026-01-16T06:54:55.165+0000] {processor.py:830} INFO - Processing file /opt/airflow/dags/monitoring_retraining_dag.py for tasks to queue
[2026-01-16T06:54:55.168+0000] {logging_mixin.py:188} INFO - [2026-01-16T06:54:55.168+0000] {dagbag.py:545} INFO - Filling up the DagBag from /opt/airflow/dags/monitoring_retraining_dag.py
[2026-01-16T06:54:55.532+0000] {processor.py:840} INFO - DAG(s) 'monitoring_retraining_pipeline' retrieved from /opt/airflow/dags/monitoring_retraining_dag.py
[2026-01-16T06:54:55.569+0000] {logging_mixin.py:188} INFO - [2026-01-16T06:54:55.568+0000] {dag.py:3089} INFO - Sync 1 DAGs
[2026-01-16T06:54:55.593+0000] {logging_mixin.py:188} INFO - [2026-01-16T06:54:55.593+0000] {dag.py:3947} INFO - Setting next_dagrun for monitoring_retraining_pipeline to 2026-01-16 00:00:00+00:00, run_after=2026-01-17 00:00:00+00:00
[2026-01-16T06:54:55.616+0000] {processor.py:183} INFO - Processing /opt/airflow/dags/monitoring_retraining_dag.py took 0.460 seconds
[2026-01-16T06:55:25.854+0000] {processor.py:161} INFO - Started process (PID=234) to work on /opt/airflow/dags/monitoring_retraining_dag.py
[2026-01-16T06:55:25.855+0000] {processor.py:830} INFO - Processing file /opt/airflow/dags/monitoring_retraining_dag.py for tasks to queue
[2026-01-16T06:55:25.858+0000] {logging_mixin.py:188} INFO - [2026-01-16T06:55:25.857+0000] {dagbag.py:545} INFO - Filling up the DagBag from /opt/airflow/dags/monitoring_retraining_dag.py
[2026-01-16T06:55:26.189+0000] {processor.py:840} INFO - DAG(s) 'monitoring_retraining_pipeline' retrieved from /opt/airflow/dags/monitoring_retraining_dag.py
[2026-01-16T06:55:26.231+0000] {logging_mixin.py:188} INFO - [2026-01-16T06:55:26.230+0000] {dag.py:3089} INFO - Sync 1 DAGs
[2026-01-16T06:55:26.257+0000] {logging_mixin.py:188} INFO - [2026-01-16T06:55:26.257+0000] {dag.py:3947} INFO - Setting next_dagrun for monitoring_retraining_pipeline to 2026-01-16 00:00:00+00:00, run_after=2026-01-17 00:00:00+00:00
[2026-01-16T06:55:26.279+0000] {processor.py:183} INFO - Processing /opt/airflow/dags/monitoring_retraining_dag.py took 0.433 seconds
[2026-01-16T06:57:07.216+0000] {processor.py:161} INFO - Started process (PID=163) to work on /opt/airflow/dags/monitoring_retraining_dag.py
[2026-01-16T06:57:07.218+0000] {processor.py:830} INFO - Processing file /opt/airflow/dags/monitoring_retraining_dag.py for tasks to queue
[2026-01-16T06:57:07.223+0000] {logging_mixin.py:188} INFO - [2026-01-16T06:57:07.222+0000] {dagbag.py:545} INFO - Filling up the DagBag from /opt/airflow/dags/monitoring_retraining_dag.py
[2026-01-16T06:57:07.909+0000] {processor.py:840} INFO - DAG(s) 'monitoring_retraining_pipeline' retrieved from /opt/airflow/dags/monitoring_retraining_dag.py
[2026-01-16T06:57:07.949+0000] {logging_mixin.py:188} INFO - [2026-01-16T06:57:07.948+0000] {dag.py:3089} INFO - Sync 1 DAGs
[2026-01-16T06:57:07.976+0000] {logging_mixin.py:188} INFO - [2026-01-16T06:57:07.976+0000] {dag.py:3947} INFO - Setting next_dagrun for monitoring_retraining_pipeline to 2026-01-16 00:00:00+00:00, run_after=2026-01-17 00:00:00+00:00
[2026-01-16T06:57:08.003+0000] {processor.py:183} INFO - Processing /opt/airflow/dags/monitoring_retraining_dag.py took 0.800 seconds
[2026-01-16T06:57:38.307+0000] {processor.py:161} INFO - Started process (PID=170) to work on /opt/airflow/dags/monitoring_retraining_dag.py
[2026-01-16T06:57:38.308+0000] {processor.py:830} INFO - Processing file /opt/airflow/dags/monitoring_retraining_dag.py for tasks to queue
[2026-01-16T06:57:38.311+0000] {logging_mixin.py:188} INFO - [2026-01-16T06:57:38.310+0000] {dagbag.py:545} INFO - Filling up the DagBag from /opt/airflow/dags/monitoring_retraining_dag.py
[2026-01-16T06:57:38.645+0000] {processor.py:840} INFO - DAG(s) 'monitoring_retraining_pipeline' retrieved from /opt/airflow/dags/monitoring_retraining_dag.py
[2026-01-16T06:57:38.760+0000] {logging_mixin.py:188} INFO - [2026-01-16T06:57:38.760+0000] {dag.py:3089} INFO - Sync 1 DAGs
[2026-01-16T06:57:38.779+0000] {logging_mixin.py:188} INFO - [2026-01-16T06:57:38.779+0000] {dag.py:3947} INFO - Setting next_dagrun for monitoring_retraining_pipeline to 2026-01-16 00:00:00+00:00, run_after=2026-01-17 00:00:00+00:00
[2026-01-16T06:57:38.800+0000] {processor.py:183} INFO - Processing /opt/airflow/dags/monitoring_retraining_dag.py took 0.500 seconds
[2026-01-16T06:58:08.982+0000] {processor.py:161} INFO - Started process (PID=176) to work on /opt/airflow/dags/monitoring_retraining_dag.py
[2026-01-16T06:58:08.984+0000] {processor.py:830} INFO - Processing file /opt/airflow/dags/monitoring_retraining_dag.py for tasks to queue
[2026-01-16T06:58:08.987+0000] {logging_mixin.py:188} INFO - [2026-01-16T06:58:08.986+0000] {dagbag.py:545} INFO - Filling up the DagBag from /opt/airflow/dags/monitoring_retraining_dag.py
[2026-01-16T06:58:09.312+0000] {processor.py:840} INFO - DAG(s) 'monitoring_retraining_pipeline' retrieved from /opt/airflow/dags/monitoring_retraining_dag.py
[2026-01-16T06:58:09.346+0000] {logging_mixin.py:188} INFO - [2026-01-16T06:58:09.346+0000] {dag.py:3089} INFO - Sync 1 DAGs
[2026-01-16T06:58:09.367+0000] {logging_mixin.py:188} INFO - [2026-01-16T06:58:09.367+0000] {dag.py:3947} INFO - Setting next_dagrun for monitoring_retraining_pipeline to 2026-01-16 00:00:00+00:00, run_after=2026-01-17 00:00:00+00:00
[2026-01-16T06:58:09.387+0000] {processor.py:183} INFO - Processing /opt/airflow/dags/monitoring_retraining_dag.py took 0.412 seconds
[2026-01-16T06:58:39.707+0000] {processor.py:161} INFO - Started process (PID=182) to work on /opt/airflow/dags/monitoring_retraining_dag.py
[2026-01-16T06:58:39.708+0000] {processor.py:830} INFO - Processing file /opt/airflow/dags/monitoring_retraining_dag.py for tasks to queue
[2026-01-16T06:58:39.711+0000] {logging_mixin.py:188} INFO - [2026-01-16T06:58:39.710+0000] {dagbag.py:545} INFO - Filling up the DagBag from /opt/airflow/dags/monitoring_retraining_dag.py
[2026-01-16T06:58:40.030+0000] {processor.py:840} INFO - DAG(s) 'monitoring_retraining_pipeline' retrieved from /opt/airflow/dags/monitoring_retraining_dag.py
[2026-01-16T06:58:40.066+0000] {logging_mixin.py:188} INFO - [2026-01-16T06:58:40.065+0000] {dag.py:3089} INFO - Sync 1 DAGs
[2026-01-16T06:58:40.087+0000] {logging_mixin.py:188} INFO - [2026-01-16T06:58:40.087+0000] {dag.py:3947} INFO - Setting next_dagrun for monitoring_retraining_pipeline to 2026-01-16 00:00:00+00:00, run_after=2026-01-17 00:00:00+00:00
[2026-01-16T06:58:40.108+0000] {processor.py:183} INFO - Processing /opt/airflow/dags/monitoring_retraining_dag.py took 0.406 seconds
[2026-01-16T06:59:10.435+0000] {processor.py:161} INFO - Started process (PID=188) to work on /opt/airflow/dags/monitoring_retraining_dag.py
[2026-01-16T06:59:10.437+0000] {processor.py:830} INFO - Processing file /opt/airflow/dags/monitoring_retraining_dag.py for tasks to queue
[2026-01-16T06:59:10.444+0000] {logging_mixin.py:188} INFO - [2026-01-16T06:59:10.443+0000] {dagbag.py:545} INFO - Filling up the DagBag from /opt/airflow/dags/monitoring_retraining_dag.py
[2026-01-16T06:59:11.051+0000] {processor.py:840} INFO - DAG(s) 'monitoring_retraining_pipeline' retrieved from /opt/airflow/dags/monitoring_retraining_dag.py
[2026-01-16T06:59:11.086+0000] {logging_mixin.py:188} INFO - [2026-01-16T06:59:11.085+0000] {dag.py:3089} INFO - Sync 1 DAGs
[2026-01-16T06:59:11.113+0000] {logging_mixin.py:188} INFO - [2026-01-16T06:59:11.113+0000] {dag.py:3947} INFO - Setting next_dagrun for monitoring_retraining_pipeline to 2026-01-16 00:00:00+00:00, run_after=2026-01-17 00:00:00+00:00
[2026-01-16T06:59:11.136+0000] {processor.py:183} INFO - Processing /opt/airflow/dags/monitoring_retraining_dag.py took 0.717 seconds
[2026-01-16T06:59:41.413+0000] {processor.py:161} INFO - Started process (PID=194) to work on /opt/airflow/dags/monitoring_retraining_dag.py
[2026-01-16T06:59:41.415+0000] {processor.py:830} INFO - Processing file /opt/airflow/dags/monitoring_retraining_dag.py for tasks to queue
[2026-01-16T06:59:41.417+0000] {logging_mixin.py:188} INFO - [2026-01-16T06:59:41.416+0000] {dagbag.py:545} INFO - Filling up the DagBag from /opt/airflow/dags/monitoring_retraining_dag.py
[2026-01-16T06:59:41.745+0000] {processor.py:840} INFO - DAG(s) 'monitoring_retraining_pipeline' retrieved from /opt/airflow/dags/monitoring_retraining_dag.py
[2026-01-16T06:59:41.782+0000] {logging_mixin.py:188} INFO - [2026-01-16T06:59:41.781+0000] {dag.py:3089} INFO - Sync 1 DAGs
[2026-01-16T06:59:41.804+0000] {logging_mixin.py:188} INFO - [2026-01-16T06:59:41.804+0000] {dag.py:3947} INFO - Setting next_dagrun for monitoring_retraining_pipeline to 2026-01-16 00:00:00+00:00, run_after=2026-01-17 00:00:00+00:00
[2026-01-16T06:59:41.827+0000] {processor.py:183} INFO - Processing /opt/airflow/dags/monitoring_retraining_dag.py took 0.420 seconds
[2026-01-16T07:00:12.057+0000] {processor.py:161} INFO - Started process (PID=200) to work on /opt/airflow/dags/monitoring_retraining_dag.py
[2026-01-16T07:00:12.058+0000] {processor.py:830} INFO - Processing file /opt/airflow/dags/monitoring_retraining_dag.py for tasks to queue
[2026-01-16T07:00:12.060+0000] {logging_mixin.py:188} INFO - [2026-01-16T07:00:12.060+0000] {dagbag.py:545} INFO - Filling up the DagBag from /opt/airflow/dags/monitoring_retraining_dag.py
[2026-01-16T07:00:12.386+0000] {processor.py:840} INFO - DAG(s) 'monitoring_retraining_pipeline' retrieved from /opt/airflow/dags/monitoring_retraining_dag.py
[2026-01-16T07:00:12.423+0000] {logging_mixin.py:188} INFO - [2026-01-16T07:00:12.422+0000] {dag.py:3089} INFO - Sync 1 DAGs
[2026-01-16T07:00:12.444+0000] {logging_mixin.py:188} INFO - [2026-01-16T07:00:12.444+0000] {dag.py:3947} INFO - Setting next_dagrun for monitoring_retraining_pipeline to 2026-01-16 00:00:00+00:00, run_after=2026-01-17 00:00:00+00:00
[2026-01-16T07:00:12.465+0000] {processor.py:183} INFO - Processing /opt/airflow/dags/monitoring_retraining_dag.py took 0.415 seconds
[2026-01-16T07:00:42.734+0000] {processor.py:161} INFO - Started process (PID=206) to work on /opt/airflow/dags/monitoring_retraining_dag.py
[2026-01-16T07:00:42.735+0000] {processor.py:830} INFO - Processing file /opt/airflow/dags/monitoring_retraining_dag.py for tasks to queue
[2026-01-16T07:00:42.737+0000] {logging_mixin.py:188} INFO - [2026-01-16T07:00:42.737+0000] {dagbag.py:545} INFO - Filling up the DagBag from /opt/airflow/dags/monitoring_retraining_dag.py
[2026-01-16T07:00:43.073+0000] {processor.py:840} INFO - DAG(s) 'monitoring_retraining_pipeline' retrieved from /opt/airflow/dags/monitoring_retraining_dag.py
[2026-01-16T07:00:43.110+0000] {logging_mixin.py:188} INFO - [2026-01-16T07:00:43.109+0000] {dag.py:3089} INFO - Sync 1 DAGs
[2026-01-16T07:00:43.131+0000] {logging_mixin.py:188} INFO - [2026-01-16T07:00:43.131+0000] {dag.py:3947} INFO - Setting next_dagrun for monitoring_retraining_pipeline to 2026-01-16 00:00:00+00:00, run_after=2026-01-17 00:00:00+00:00
[2026-01-16T07:00:43.153+0000] {processor.py:183} INFO - Processing /opt/airflow/dags/monitoring_retraining_dag.py took 0.425 seconds
[2026-01-16T07:01:13.416+0000] {processor.py:161} INFO - Started process (PID=212) to work on /opt/airflow/dags/monitoring_retraining_dag.py
[2026-01-16T07:01:13.418+0000] {processor.py:830} INFO - Processing file /opt/airflow/dags/monitoring_retraining_dag.py for tasks to queue
[2026-01-16T07:01:13.420+0000] {logging_mixin.py:188} INFO - [2026-01-16T07:01:13.420+0000] {dagbag.py:545} INFO - Filling up the DagBag from /opt/airflow/dags/monitoring_retraining_dag.py
[2026-01-16T07:01:13.767+0000] {processor.py:840} INFO - DAG(s) 'monitoring_retraining_pipeline' retrieved from /opt/airflow/dags/monitoring_retraining_dag.py
[2026-01-16T07:01:13.804+0000] {logging_mixin.py:188} INFO - [2026-01-16T07:01:13.803+0000] {dag.py:3089} INFO - Sync 1 DAGs
[2026-01-16T07:01:13.828+0000] {logging_mixin.py:188} INFO - [2026-01-16T07:01:13.828+0000] {dag.py:3947} INFO - Setting next_dagrun for monitoring_retraining_pipeline to 2026-01-16 00:00:00+00:00, run_after=2026-01-17 00:00:00+00:00
[2026-01-16T07:01:13.850+0000] {processor.py:183} INFO - Processing /opt/airflow/dags/monitoring_retraining_dag.py took 0.442 seconds
[2026-01-16T07:01:44.085+0000] {processor.py:161} INFO - Started process (PID=218) to work on /opt/airflow/dags/monitoring_retraining_dag.py
[2026-01-16T07:01:44.086+0000] {processor.py:830} INFO - Processing file /opt/airflow/dags/monitoring_retraining_dag.py for tasks to queue
[2026-01-16T07:01:44.088+0000] {logging_mixin.py:188} INFO - [2026-01-16T07:01:44.088+0000] {dagbag.py:545} INFO - Filling up the DagBag from /opt/airflow/dags/monitoring_retraining_dag.py
[2026-01-16T07:01:44.419+0000] {processor.py:840} INFO - DAG(s) 'monitoring_retraining_pipeline' retrieved from /opt/airflow/dags/monitoring_retraining_dag.py
[2026-01-16T07:01:44.454+0000] {logging_mixin.py:188} INFO - [2026-01-16T07:01:44.453+0000] {dag.py:3089} INFO - Sync 1 DAGs
[2026-01-16T07:01:44.475+0000] {logging_mixin.py:188} INFO - [2026-01-16T07:01:44.475+0000] {dag.py:3947} INFO - Setting next_dagrun for monitoring_retraining_pipeline to 2026-01-16 00:00:00+00:00, run_after=2026-01-17 00:00:00+00:00
[2026-01-16T07:01:44.494+0000] {processor.py:183} INFO - Processing /opt/airflow/dags/monitoring_retraining_dag.py took 0.416 seconds
[2026-01-16T07:02:14.746+0000] {processor.py:161} INFO - Started process (PID=224) to work on /opt/airflow/dags/monitoring_retraining_dag.py
[2026-01-16T07:02:14.747+0000] {processor.py:830} INFO - Processing file /opt/airflow/dags/monitoring_retraining_dag.py for tasks to queue
[2026-01-16T07:02:14.749+0000] {logging_mixin.py:188} INFO - [2026-01-16T07:02:14.749+0000] {dagbag.py:545} INFO - Filling up the DagBag from /opt/airflow/dags/monitoring_retraining_dag.py
[2026-01-16T07:02:15.060+0000] {processor.py:840} INFO - DAG(s) 'monitoring_retraining_pipeline' retrieved from /opt/airflow/dags/monitoring_retraining_dag.py
[2026-01-16T07:02:15.097+0000] {logging_mixin.py:188} INFO - [2026-01-16T07:02:15.096+0000] {dag.py:3089} INFO - Sync 1 DAGs
[2026-01-16T07:02:15.118+0000] {logging_mixin.py:188} INFO - [2026-01-16T07:02:15.118+0000] {dag.py:3947} INFO - Setting next_dagrun for monitoring_retraining_pipeline to 2026-01-16 00:00:00+00:00, run_after=2026-01-17 00:00:00+00:00
[2026-01-16T07:02:15.139+0000] {processor.py:183} INFO - Processing /opt/airflow/dags/monitoring_retraining_dag.py took 0.399 seconds
[2026-01-16T07:02:45.402+0000] {processor.py:161} INFO - Started process (PID=230) to work on /opt/airflow/dags/monitoring_retraining_dag.py
[2026-01-16T07:02:45.403+0000] {processor.py:830} INFO - Processing file /opt/airflow/dags/monitoring_retraining_dag.py for tasks to queue
[2026-01-16T07:02:45.405+0000] {logging_mixin.py:188} INFO - [2026-01-16T07:02:45.405+0000] {dagbag.py:545} INFO - Filling up the DagBag from /opt/airflow/dags/monitoring_retraining_dag.py
[2026-01-16T07:02:45.709+0000] {processor.py:840} INFO - DAG(s) 'monitoring_retraining_pipeline' retrieved from /opt/airflow/dags/monitoring_retraining_dag.py
[2026-01-16T07:02:45.746+0000] {logging_mixin.py:188} INFO - [2026-01-16T07:02:45.745+0000] {dag.py:3089} INFO - Sync 1 DAGs
[2026-01-16T07:02:45.768+0000] {logging_mixin.py:188} INFO - [2026-01-16T07:02:45.768+0000] {dag.py:3947} INFO - Setting next_dagrun for monitoring_retraining_pipeline to 2026-01-16 00:00:00+00:00, run_after=2026-01-17 00:00:00+00:00
[2026-01-16T07:02:45.789+0000] {processor.py:183} INFO - Processing /opt/airflow/dags/monitoring_retraining_dag.py took 0.393 seconds
[2026-01-16T07:03:16.034+0000] {processor.py:161} INFO - Started process (PID=236) to work on /opt/airflow/dags/monitoring_retraining_dag.py
[2026-01-16T07:03:16.036+0000] {processor.py:830} INFO - Processing file /opt/airflow/dags/monitoring_retraining_dag.py for tasks to queue
[2026-01-16T07:03:16.040+0000] {logging_mixin.py:188} INFO - [2026-01-16T07:03:16.039+0000] {dagbag.py:545} INFO - Filling up the DagBag from /opt/airflow/dags/monitoring_retraining_dag.py
[2026-01-16T07:03:16.411+0000] {processor.py:840} INFO - DAG(s) 'monitoring_retraining_pipeline' retrieved from /opt/airflow/dags/monitoring_retraining_dag.py
[2026-01-16T07:03:16.451+0000] {logging_mixin.py:188} INFO - [2026-01-16T07:03:16.451+0000] {dag.py:3089} INFO - Sync 1 DAGs
[2026-01-16T07:03:16.477+0000] {logging_mixin.py:188} INFO - [2026-01-16T07:03:16.477+0000] {dag.py:3947} INFO - Setting next_dagrun for monitoring_retraining_pipeline to 2026-01-16 00:00:00+00:00, run_after=2026-01-17 00:00:00+00:00
[2026-01-16T07:03:16.497+0000] {processor.py:183} INFO - Processing /opt/airflow/dags/monitoring_retraining_dag.py took 0.471 seconds
[2026-01-16T07:03:46.760+0000] {processor.py:161} INFO - Started process (PID=242) to work on /opt/airflow/dags/monitoring_retraining_dag.py
[2026-01-16T07:03:46.761+0000] {processor.py:830} INFO - Processing file /opt/airflow/dags/monitoring_retraining_dag.py for tasks to queue
[2026-01-16T07:03:46.763+0000] {logging_mixin.py:188} INFO - [2026-01-16T07:03:46.763+0000] {dagbag.py:545} INFO - Filling up the DagBag from /opt/airflow/dags/monitoring_retraining_dag.py
[2026-01-16T07:03:47.084+0000] {processor.py:840} INFO - DAG(s) 'monitoring_retraining_pipeline' retrieved from /opt/airflow/dags/monitoring_retraining_dag.py
[2026-01-16T07:03:47.121+0000] {logging_mixin.py:188} INFO - [2026-01-16T07:03:47.120+0000] {dag.py:3089} INFO - Sync 1 DAGs
[2026-01-16T07:03:47.143+0000] {logging_mixin.py:188} INFO - [2026-01-16T07:03:47.143+0000] {dag.py:3947} INFO - Setting next_dagrun for monitoring_retraining_pipeline to 2026-01-16 00:00:00+00:00, run_after=2026-01-17 00:00:00+00:00
[2026-01-16T07:03:47.164+0000] {processor.py:183} INFO - Processing /opt/airflow/dags/monitoring_retraining_dag.py took 0.411 seconds
[2026-01-16T07:04:17.424+0000] {processor.py:161} INFO - Started process (PID=248) to work on /opt/airflow/dags/monitoring_retraining_dag.py
[2026-01-16T07:04:17.425+0000] {processor.py:830} INFO - Processing file /opt/airflow/dags/monitoring_retraining_dag.py for tasks to queue
[2026-01-16T07:04:17.428+0000] {logging_mixin.py:188} INFO - [2026-01-16T07:04:17.428+0000] {dagbag.py:545} INFO - Filling up the DagBag from /opt/airflow/dags/monitoring_retraining_dag.py
[2026-01-16T07:04:17.744+0000] {processor.py:840} INFO - DAG(s) 'monitoring_retraining_pipeline' retrieved from /opt/airflow/dags/monitoring_retraining_dag.py
[2026-01-16T07:04:17.778+0000] {logging_mixin.py:188} INFO - [2026-01-16T07:04:17.778+0000] {dag.py:3089} INFO - Sync 1 DAGs
[2026-01-16T07:04:17.800+0000] {logging_mixin.py:188} INFO - [2026-01-16T07:04:17.799+0000] {dag.py:3947} INFO - Setting next_dagrun for monitoring_retraining_pipeline to 2026-01-16 00:00:00+00:00, run_after=2026-01-17 00:00:00+00:00
[2026-01-16T07:04:17.821+0000] {processor.py:183} INFO - Processing /opt/airflow/dags/monitoring_retraining_dag.py took 0.403 seconds
[2026-01-16T07:04:48.060+0000] {processor.py:161} INFO - Started process (PID=254) to work on /opt/airflow/dags/monitoring_retraining_dag.py
[2026-01-16T07:04:48.061+0000] {processor.py:830} INFO - Processing file /opt/airflow/dags/monitoring_retraining_dag.py for tasks to queue
[2026-01-16T07:04:48.063+0000] {logging_mixin.py:188} INFO - [2026-01-16T07:04:48.063+0000] {dagbag.py:545} INFO - Filling up the DagBag from /opt/airflow/dags/monitoring_retraining_dag.py
[2026-01-16T07:04:48.380+0000] {processor.py:840} INFO - DAG(s) 'monitoring_retraining_pipeline' retrieved from /opt/airflow/dags/monitoring_retraining_dag.py
[2026-01-16T07:04:48.417+0000] {logging_mixin.py:188} INFO - [2026-01-16T07:04:48.416+0000] {dag.py:3089} INFO - Sync 1 DAGs
[2026-01-16T07:04:48.440+0000] {logging_mixin.py:188} INFO - [2026-01-16T07:04:48.440+0000] {dag.py:3947} INFO - Setting next_dagrun for monitoring_retraining_pipeline to 2026-01-16 00:00:00+00:00, run_after=2026-01-17 00:00:00+00:00
[2026-01-16T07:04:48.461+0000] {processor.py:183} INFO - Processing /opt/airflow/dags/monitoring_retraining_dag.py took 0.408 seconds
[2026-01-16T07:05:18.745+0000] {processor.py:161} INFO - Started process (PID=260) to work on /opt/airflow/dags/monitoring_retraining_dag.py
[2026-01-16T07:05:18.746+0000] {processor.py:830} INFO - Processing file /opt/airflow/dags/monitoring_retraining_dag.py for tasks to queue
[2026-01-16T07:05:18.749+0000] {logging_mixin.py:188} INFO - [2026-01-16T07:05:18.749+0000] {dagbag.py:545} INFO - Filling up the DagBag from /opt/airflow/dags/monitoring_retraining_dag.py
[2026-01-16T07:05:19.059+0000] {processor.py:840} INFO - DAG(s) 'monitoring_retraining_pipeline' retrieved from /opt/airflow/dags/monitoring_retraining_dag.py
[2026-01-16T07:05:19.094+0000] {logging_mixin.py:188} INFO - [2026-01-16T07:05:19.094+0000] {dag.py:3089} INFO - Sync 1 DAGs
[2026-01-16T07:05:19.116+0000] {logging_mixin.py:188} INFO - [2026-01-16T07:05:19.116+0000] {dag.py:3947} INFO - Setting next_dagrun for monitoring_retraining_pipeline to 2026-01-16 00:00:00+00:00, run_after=2026-01-17 00:00:00+00:00
[2026-01-16T07:05:19.137+0000] {processor.py:183} INFO - Processing /opt/airflow/dags/monitoring_retraining_dag.py took 0.398 seconds
[2026-01-16T07:05:49.366+0000] {processor.py:161} INFO - Started process (PID=266) to work on /opt/airflow/dags/monitoring_retraining_dag.py
[2026-01-16T07:05:49.368+0000] {processor.py:830} INFO - Processing file /opt/airflow/dags/monitoring_retraining_dag.py for tasks to queue
[2026-01-16T07:05:49.370+0000] {logging_mixin.py:188} INFO - [2026-01-16T07:05:49.370+0000] {dagbag.py:545} INFO - Filling up the DagBag from /opt/airflow/dags/monitoring_retraining_dag.py
[2026-01-16T07:05:49.670+0000] {processor.py:840} INFO - DAG(s) 'monitoring_retraining_pipeline' retrieved from /opt/airflow/dags/monitoring_retraining_dag.py
[2026-01-16T07:05:49.705+0000] {logging_mixin.py:188} INFO - [2026-01-16T07:05:49.705+0000] {dag.py:3089} INFO - Sync 1 DAGs
[2026-01-16T07:05:49.728+0000] {logging_mixin.py:188} INFO - [2026-01-16T07:05:49.728+0000] {dag.py:3947} INFO - Setting next_dagrun for monitoring_retraining_pipeline to 2026-01-16 00:00:00+00:00, run_after=2026-01-17 00:00:00+00:00
[2026-01-16T07:05:49.749+0000] {processor.py:183} INFO - Processing /opt/airflow/dags/monitoring_retraining_dag.py took 0.389 seconds
[2026-01-16T07:06:20.019+0000] {processor.py:161} INFO - Started process (PID=272) to work on /opt/airflow/dags/monitoring_retraining_dag.py
[2026-01-16T07:06:20.020+0000] {processor.py:830} INFO - Processing file /opt/airflow/dags/monitoring_retraining_dag.py for tasks to queue
[2026-01-16T07:06:20.023+0000] {logging_mixin.py:188} INFO - [2026-01-16T07:06:20.022+0000] {dagbag.py:545} INFO - Filling up the DagBag from /opt/airflow/dags/monitoring_retraining_dag.py
[2026-01-16T07:06:20.340+0000] {processor.py:840} INFO - DAG(s) 'monitoring_retraining_pipeline' retrieved from /opt/airflow/dags/monitoring_retraining_dag.py
[2026-01-16T07:06:20.376+0000] {logging_mixin.py:188} INFO - [2026-01-16T07:06:20.376+0000] {dag.py:3089} INFO - Sync 1 DAGs
[2026-01-16T07:06:20.397+0000] {logging_mixin.py:188} INFO - [2026-01-16T07:06:20.397+0000] {dag.py:3947} INFO - Setting next_dagrun for monitoring_retraining_pipeline to 2026-01-16 00:00:00+00:00, run_after=2026-01-17 00:00:00+00:00
[2026-01-16T07:06:20.418+0000] {processor.py:183} INFO - Processing /opt/airflow/dags/monitoring_retraining_dag.py took 0.405 seconds
[2026-01-16T07:06:50.845+0000] {processor.py:161} INFO - Started process (PID=278) to work on /opt/airflow/dags/monitoring_retraining_dag.py
[2026-01-16T07:06:50.852+0000] {processor.py:830} INFO - Processing file /opt/airflow/dags/monitoring_retraining_dag.py for tasks to queue
[2026-01-16T07:06:50.856+0000] {logging_mixin.py:188} INFO - [2026-01-16T07:06:50.855+0000] {dagbag.py:545} INFO - Filling up the DagBag from /opt/airflow/dags/monitoring_retraining_dag.py
[2026-01-16T07:06:51.451+0000] {processor.py:840} INFO - DAG(s) 'monitoring_retraining_pipeline' retrieved from /opt/airflow/dags/monitoring_retraining_dag.py
[2026-01-16T07:06:51.485+0000] {logging_mixin.py:188} INFO - [2026-01-16T07:06:51.485+0000] {dag.py:3089} INFO - Sync 1 DAGs
[2026-01-16T07:06:51.508+0000] {logging_mixin.py:188} INFO - [2026-01-16T07:06:51.508+0000] {dag.py:3947} INFO - Setting next_dagrun for monitoring_retraining_pipeline to 2026-01-16 00:00:00+00:00, run_after=2026-01-17 00:00:00+00:00
[2026-01-16T07:06:51.528+0000] {processor.py:183} INFO - Processing /opt/airflow/dags/monitoring_retraining_dag.py took 0.695 seconds
[2026-01-16T07:07:21.865+0000] {processor.py:161} INFO - Started process (PID=284) to work on /opt/airflow/dags/monitoring_retraining_dag.py
[2026-01-16T07:07:21.866+0000] {processor.py:830} INFO - Processing file /opt/airflow/dags/monitoring_retraining_dag.py for tasks to queue
[2026-01-16T07:07:21.868+0000] {logging_mixin.py:188} INFO - [2026-01-16T07:07:21.868+0000] {dagbag.py:545} INFO - Filling up the DagBag from /opt/airflow/dags/monitoring_retraining_dag.py
[2026-01-16T07:07:22.193+0000] {processor.py:840} INFO - DAG(s) 'monitoring_retraining_pipeline' retrieved from /opt/airflow/dags/monitoring_retraining_dag.py
[2026-01-16T07:07:22.230+0000] {logging_mixin.py:188} INFO - [2026-01-16T07:07:22.229+0000] {dag.py:3089} INFO - Sync 1 DAGs
[2026-01-16T07:07:22.252+0000] {logging_mixin.py:188} INFO - [2026-01-16T07:07:22.252+0000] {dag.py:3947} INFO - Setting next_dagrun for monitoring_retraining_pipeline to 2026-01-16 00:00:00+00:00, run_after=2026-01-17 00:00:00+00:00
[2026-01-16T07:07:22.272+0000] {processor.py:183} INFO - Processing /opt/airflow/dags/monitoring_retraining_dag.py took 0.414 seconds
[2026-01-16T07:07:52.542+0000] {processor.py:161} INFO - Started process (PID=290) to work on /opt/airflow/dags/monitoring_retraining_dag.py
[2026-01-16T07:07:52.543+0000] {processor.py:830} INFO - Processing file /opt/airflow/dags/monitoring_retraining_dag.py for tasks to queue
[2026-01-16T07:07:52.545+0000] {logging_mixin.py:188} INFO - [2026-01-16T07:07:52.545+0000] {dagbag.py:545} INFO - Filling up the DagBag from /opt/airflow/dags/monitoring_retraining_dag.py
[2026-01-16T07:07:52.863+0000] {processor.py:840} INFO - DAG(s) 'monitoring_retraining_pipeline' retrieved from /opt/airflow/dags/monitoring_retraining_dag.py
[2026-01-16T07:07:52.901+0000] {logging_mixin.py:188} INFO - [2026-01-16T07:07:52.901+0000] {dag.py:3089} INFO - Sync 1 DAGs
[2026-01-16T07:07:52.925+0000] {logging_mixin.py:188} INFO - [2026-01-16T07:07:52.925+0000] {dag.py:3947} INFO - Setting next_dagrun for monitoring_retraining_pipeline to 2026-01-16 00:00:00+00:00, run_after=2026-01-17 00:00:00+00:00
[2026-01-16T07:07:52.946+0000] {processor.py:183} INFO - Processing /opt/airflow/dags/monitoring_retraining_dag.py took 0.411 seconds
[2026-01-16T07:08:23.217+0000] {processor.py:161} INFO - Started process (PID=296) to work on /opt/airflow/dags/monitoring_retraining_dag.py
[2026-01-16T07:08:23.218+0000] {processor.py:830} INFO - Processing file /opt/airflow/dags/monitoring_retraining_dag.py for tasks to queue
[2026-01-16T07:08:23.220+0000] {logging_mixin.py:188} INFO - [2026-01-16T07:08:23.220+0000] {dagbag.py:545} INFO - Filling up the DagBag from /opt/airflow/dags/monitoring_retraining_dag.py
[2026-01-16T07:08:23.537+0000] {processor.py:840} INFO - DAG(s) 'monitoring_retraining_pipeline' retrieved from /opt/airflow/dags/monitoring_retraining_dag.py
[2026-01-16T07:08:23.571+0000] {logging_mixin.py:188} INFO - [2026-01-16T07:08:23.570+0000] {dag.py:3089} INFO - Sync 1 DAGs
[2026-01-16T07:08:23.592+0000] {logging_mixin.py:188} INFO - [2026-01-16T07:08:23.592+0000] {dag.py:3947} INFO - Setting next_dagrun for monitoring_retraining_pipeline to 2026-01-16 00:00:00+00:00, run_after=2026-01-17 00:00:00+00:00
[2026-01-16T07:08:23.611+0000] {processor.py:183} INFO - Processing /opt/airflow/dags/monitoring_retraining_dag.py took 0.400 seconds
[2026-01-16T07:08:53.884+0000] {processor.py:161} INFO - Started process (PID=302) to work on /opt/airflow/dags/monitoring_retraining_dag.py
[2026-01-16T07:08:53.885+0000] {processor.py:830} INFO - Processing file /opt/airflow/dags/monitoring_retraining_dag.py for tasks to queue
[2026-01-16T07:08:53.887+0000] {logging_mixin.py:188} INFO - [2026-01-16T07:08:53.886+0000] {dagbag.py:545} INFO - Filling up the DagBag from /opt/airflow/dags/monitoring_retraining_dag.py
[2026-01-16T07:08:54.247+0000] {processor.py:840} INFO - DAG(s) 'monitoring_retraining_pipeline' retrieved from /opt/airflow/dags/monitoring_retraining_dag.py
[2026-01-16T07:08:54.283+0000] {logging_mixin.py:188} INFO - [2026-01-16T07:08:54.282+0000] {dag.py:3089} INFO - Sync 1 DAGs
[2026-01-16T07:08:54.304+0000] {logging_mixin.py:188} INFO - [2026-01-16T07:08:54.304+0000] {dag.py:3947} INFO - Setting next_dagrun for monitoring_retraining_pipeline to 2026-01-16 00:00:00+00:00, run_after=2026-01-17 00:00:00+00:00
[2026-01-16T07:08:54.333+0000] {processor.py:183} INFO - Processing /opt/airflow/dags/monitoring_retraining_dag.py took 0.455 seconds
[2026-01-16T07:09:24.600+0000] {processor.py:161} INFO - Started process (PID=308) to work on /opt/airflow/dags/monitoring_retraining_dag.py
[2026-01-16T07:09:24.601+0000] {processor.py:830} INFO - Processing file /opt/airflow/dags/monitoring_retraining_dag.py for tasks to queue
[2026-01-16T07:09:24.603+0000] {logging_mixin.py:188} INFO - [2026-01-16T07:09:24.603+0000] {dagbag.py:545} INFO - Filling up the DagBag from /opt/airflow/dags/monitoring_retraining_dag.py
[2026-01-16T07:09:24.928+0000] {processor.py:840} INFO - DAG(s) 'monitoring_retraining_pipeline' retrieved from /opt/airflow/dags/monitoring_retraining_dag.py
[2026-01-16T07:09:24.963+0000] {logging_mixin.py:188} INFO - [2026-01-16T07:09:24.962+0000] {dag.py:3089} INFO - Sync 1 DAGs
[2026-01-16T07:09:24.988+0000] {logging_mixin.py:188} INFO - [2026-01-16T07:09:24.987+0000] {dag.py:3947} INFO - Setting next_dagrun for monitoring_retraining_pipeline to 2026-01-16 00:00:00+00:00, run_after=2026-01-17 00:00:00+00:00
[2026-01-16T07:09:25.008+0000] {processor.py:183} INFO - Processing /opt/airflow/dags/monitoring_retraining_dag.py took 0.415 seconds
[2026-01-16T07:09:55.265+0000] {processor.py:161} INFO - Started process (PID=314) to work on /opt/airflow/dags/monitoring_retraining_dag.py
[2026-01-16T07:09:55.266+0000] {processor.py:830} INFO - Processing file /opt/airflow/dags/monitoring_retraining_dag.py for tasks to queue
[2026-01-16T07:09:55.268+0000] {logging_mixin.py:188} INFO - [2026-01-16T07:09:55.268+0000] {dagbag.py:545} INFO - Filling up the DagBag from /opt/airflow/dags/monitoring_retraining_dag.py
[2026-01-16T07:09:55.588+0000] {processor.py:840} INFO - DAG(s) 'monitoring_retraining_pipeline' retrieved from /opt/airflow/dags/monitoring_retraining_dag.py
[2026-01-16T07:09:55.622+0000] {logging_mixin.py:188} INFO - [2026-01-16T07:09:55.622+0000] {dag.py:3089} INFO - Sync 1 DAGs
[2026-01-16T07:09:55.644+0000] {logging_mixin.py:188} INFO - [2026-01-16T07:09:55.644+0000] {dag.py:3947} INFO - Setting next_dagrun for monitoring_retraining_pipeline to 2026-01-16 00:00:00+00:00, run_after=2026-01-17 00:00:00+00:00
[2026-01-16T07:09:55.665+0000] {processor.py:183} INFO - Processing /opt/airflow/dags/monitoring_retraining_dag.py took 0.406 seconds
[2026-01-16T07:10:25.930+0000] {processor.py:161} INFO - Started process (PID=320) to work on /opt/airflow/dags/monitoring_retraining_dag.py
[2026-01-16T07:10:25.931+0000] {processor.py:830} INFO - Processing file /opt/airflow/dags/monitoring_retraining_dag.py for tasks to queue
[2026-01-16T07:10:25.933+0000] {logging_mixin.py:188} INFO - [2026-01-16T07:10:25.933+0000] {dagbag.py:545} INFO - Filling up the DagBag from /opt/airflow/dags/monitoring_retraining_dag.py
[2026-01-16T07:10:26.258+0000] {processor.py:840} INFO - DAG(s) 'monitoring_retraining_pipeline' retrieved from /opt/airflow/dags/monitoring_retraining_dag.py
[2026-01-16T07:10:26.296+0000] {logging_mixin.py:188} INFO - [2026-01-16T07:10:26.296+0000] {dag.py:3089} INFO - Sync 1 DAGs
[2026-01-16T07:10:26.318+0000] {logging_mixin.py:188} INFO - [2026-01-16T07:10:26.318+0000] {dag.py:3947} INFO - Setting next_dagrun for monitoring_retraining_pipeline to 2026-01-16 00:00:00+00:00, run_after=2026-01-17 00:00:00+00:00
[2026-01-16T07:10:26.340+0000] {processor.py:183} INFO - Processing /opt/airflow/dags/monitoring_retraining_dag.py took 0.417 seconds
[2026-01-16T07:10:56.577+0000] {processor.py:161} INFO - Started process (PID=326) to work on /opt/airflow/dags/monitoring_retraining_dag.py
[2026-01-16T07:10:56.578+0000] {processor.py:830} INFO - Processing file /opt/airflow/dags/monitoring_retraining_dag.py for tasks to queue
[2026-01-16T07:10:56.580+0000] {logging_mixin.py:188} INFO - [2026-01-16T07:10:56.580+0000] {dagbag.py:545} INFO - Filling up the DagBag from /opt/airflow/dags/monitoring_retraining_dag.py
[2026-01-16T07:10:56.910+0000] {processor.py:840} INFO - DAG(s) 'monitoring_retraining_pipeline' retrieved from /opt/airflow/dags/monitoring_retraining_dag.py
[2026-01-16T07:10:56.947+0000] {logging_mixin.py:188} INFO - [2026-01-16T07:10:56.947+0000] {dag.py:3089} INFO - Sync 1 DAGs
[2026-01-16T07:10:56.972+0000] {logging_mixin.py:188} INFO - [2026-01-16T07:10:56.971+0000] {dag.py:3947} INFO - Setting next_dagrun for monitoring_retraining_pipeline to 2026-01-16 00:00:00+00:00, run_after=2026-01-17 00:00:00+00:00
[2026-01-16T07:10:56.996+0000] {processor.py:183} INFO - Processing /opt/airflow/dags/monitoring_retraining_dag.py took 0.425 seconds
[2026-01-16T07:11:27.302+0000] {processor.py:161} INFO - Started process (PID=332) to work on /opt/airflow/dags/monitoring_retraining_dag.py
[2026-01-16T07:11:27.303+0000] {processor.py:830} INFO - Processing file /opt/airflow/dags/monitoring_retraining_dag.py for tasks to queue
[2026-01-16T07:11:27.305+0000] {logging_mixin.py:188} INFO - [2026-01-16T07:11:27.305+0000] {dagbag.py:545} INFO - Filling up the DagBag from /opt/airflow/dags/monitoring_retraining_dag.py
[2026-01-16T07:11:27.637+0000] {processor.py:840} INFO - DAG(s) 'monitoring_retraining_pipeline' retrieved from /opt/airflow/dags/monitoring_retraining_dag.py
[2026-01-16T07:11:27.673+0000] {logging_mixin.py:188} INFO - [2026-01-16T07:11:27.673+0000] {dag.py:3089} INFO - Sync 1 DAGs
[2026-01-16T07:11:27.695+0000] {logging_mixin.py:188} INFO - [2026-01-16T07:11:27.695+0000] {dag.py:3947} INFO - Setting next_dagrun for monitoring_retraining_pipeline to 2026-01-16 00:00:00+00:00, run_after=2026-01-17 00:00:00+00:00
[2026-01-16T07:11:27.717+0000] {processor.py:183} INFO - Processing /opt/airflow/dags/monitoring_retraining_dag.py took 0.422 seconds
[2026-01-16T07:11:57.985+0000] {processor.py:161} INFO - Started process (PID=338) to work on /opt/airflow/dags/monitoring_retraining_dag.py
[2026-01-16T07:11:57.986+0000] {processor.py:830} INFO - Processing file /opt/airflow/dags/monitoring_retraining_dag.py for tasks to queue
[2026-01-16T07:11:57.990+0000] {logging_mixin.py:188} INFO - [2026-01-16T07:11:57.989+0000] {dagbag.py:545} INFO - Filling up the DagBag from /opt/airflow/dags/monitoring_retraining_dag.py
[2026-01-16T07:11:58.353+0000] {processor.py:840} INFO - DAG(s) 'monitoring_retraining_pipeline' retrieved from /opt/airflow/dags/monitoring_retraining_dag.py
[2026-01-16T07:11:58.396+0000] {logging_mixin.py:188} INFO - [2026-01-16T07:11:58.396+0000] {dag.py:3089} INFO - Sync 1 DAGs
[2026-01-16T07:11:58.424+0000] {logging_mixin.py:188} INFO - [2026-01-16T07:11:58.424+0000] {dag.py:3947} INFO - Setting next_dagrun for monitoring_retraining_pipeline to 2026-01-16 00:00:00+00:00, run_after=2026-01-17 00:00:00+00:00
[2026-01-16T07:11:58.445+0000] {processor.py:183} INFO - Processing /opt/airflow/dags/monitoring_retraining_dag.py took 0.468 seconds
[2026-01-16T07:12:28.746+0000] {processor.py:161} INFO - Started process (PID=344) to work on /opt/airflow/dags/monitoring_retraining_dag.py
[2026-01-16T07:12:28.748+0000] {processor.py:830} INFO - Processing file /opt/airflow/dags/monitoring_retraining_dag.py for tasks to queue
[2026-01-16T07:12:28.750+0000] {logging_mixin.py:188} INFO - [2026-01-16T07:12:28.749+0000] {dagbag.py:545} INFO - Filling up the DagBag from /opt/airflow/dags/monitoring_retraining_dag.py
[2026-01-16T07:12:29.076+0000] {processor.py:840} INFO - DAG(s) 'monitoring_retraining_pipeline' retrieved from /opt/airflow/dags/monitoring_retraining_dag.py
[2026-01-16T07:12:29.113+0000] {logging_mixin.py:188} INFO - [2026-01-16T07:12:29.113+0000] {dag.py:3089} INFO - Sync 1 DAGs
[2026-01-16T07:12:29.135+0000] {logging_mixin.py:188} INFO - [2026-01-16T07:12:29.134+0000] {dag.py:3947} INFO - Setting next_dagrun for monitoring_retraining_pipeline to 2026-01-16 00:00:00+00:00, run_after=2026-01-17 00:00:00+00:00
[2026-01-16T07:12:29.158+0000] {processor.py:183} INFO - Processing /opt/airflow/dags/monitoring_retraining_dag.py took 0.418 seconds
[2026-01-16T07:12:59.419+0000] {processor.py:161} INFO - Started process (PID=350) to work on /opt/airflow/dags/monitoring_retraining_dag.py
[2026-01-16T07:12:59.421+0000] {processor.py:830} INFO - Processing file /opt/airflow/dags/monitoring_retraining_dag.py for tasks to queue
[2026-01-16T07:12:59.423+0000] {logging_mixin.py:188} INFO - [2026-01-16T07:12:59.423+0000] {dagbag.py:545} INFO - Filling up the DagBag from /opt/airflow/dags/monitoring_retraining_dag.py
[2026-01-16T07:12:59.744+0000] {processor.py:840} INFO - DAG(s) 'monitoring_retraining_pipeline' retrieved from /opt/airflow/dags/monitoring_retraining_dag.py
[2026-01-16T07:12:59.784+0000] {logging_mixin.py:188} INFO - [2026-01-16T07:12:59.783+0000] {dag.py:3089} INFO - Sync 1 DAGs
[2026-01-16T07:12:59.810+0000] {logging_mixin.py:188} INFO - [2026-01-16T07:12:59.810+0000] {dag.py:3947} INFO - Setting next_dagrun for monitoring_retraining_pipeline to 2026-01-16 00:00:00+00:00, run_after=2026-01-17 00:00:00+00:00
[2026-01-16T07:12:59.831+0000] {processor.py:183} INFO - Processing /opt/airflow/dags/monitoring_retraining_dag.py took 0.417 seconds
[2026-01-16T07:13:30.086+0000] {processor.py:161} INFO - Started process (PID=356) to work on /opt/airflow/dags/monitoring_retraining_dag.py
[2026-01-16T07:13:30.087+0000] {processor.py:830} INFO - Processing file /opt/airflow/dags/monitoring_retraining_dag.py for tasks to queue
[2026-01-16T07:13:30.090+0000] {logging_mixin.py:188} INFO - [2026-01-16T07:13:30.089+0000] {dagbag.py:545} INFO - Filling up the DagBag from /opt/airflow/dags/monitoring_retraining_dag.py
[2026-01-16T07:13:30.425+0000] {processor.py:840} INFO - DAG(s) 'monitoring_retraining_pipeline' retrieved from /opt/airflow/dags/monitoring_retraining_dag.py
[2026-01-16T07:13:30.461+0000] {logging_mixin.py:188} INFO - [2026-01-16T07:13:30.461+0000] {dag.py:3089} INFO - Sync 1 DAGs
[2026-01-16T07:13:30.483+0000] {logging_mixin.py:188} INFO - [2026-01-16T07:13:30.483+0000] {dag.py:3947} INFO - Setting next_dagrun for monitoring_retraining_pipeline to 2026-01-16 00:00:00+00:00, run_after=2026-01-17 00:00:00+00:00
[2026-01-16T07:13:30.506+0000] {processor.py:183} INFO - Processing /opt/airflow/dags/monitoring_retraining_dag.py took 0.426 seconds
[2026-01-16T07:14:00.752+0000] {processor.py:161} INFO - Started process (PID=362) to work on /opt/airflow/dags/monitoring_retraining_dag.py
[2026-01-16T07:14:00.754+0000] {processor.py:830} INFO - Processing file /opt/airflow/dags/monitoring_retraining_dag.py for tasks to queue
[2026-01-16T07:14:00.757+0000] {logging_mixin.py:188} INFO - [2026-01-16T07:14:00.757+0000] {dagbag.py:545} INFO - Filling up the DagBag from /opt/airflow/dags/monitoring_retraining_dag.py
[2026-01-16T07:14:01.493+0000] {processor.py:840} INFO - DAG(s) 'monitoring_retraining_pipeline' retrieved from /opt/airflow/dags/monitoring_retraining_dag.py
[2026-01-16T07:14:01.577+0000] {logging_mixin.py:188} INFO - [2026-01-16T07:14:01.574+0000] {dag.py:3089} INFO - Sync 1 DAGs
[2026-01-16T07:14:01.616+0000] {logging_mixin.py:188} INFO - [2026-01-16T07:14:01.616+0000] {dag.py:3947} INFO - Setting next_dagrun for monitoring_retraining_pipeline to 2026-01-16 00:00:00+00:00, run_after=2026-01-17 00:00:00+00:00
[2026-01-16T07:14:01.654+0000] {processor.py:183} INFO - Processing /opt/airflow/dags/monitoring_retraining_dag.py took 0.913 seconds
[2026-01-16T07:14:32.019+0000] {processor.py:161} INFO - Started process (PID=368) to work on /opt/airflow/dags/monitoring_retraining_dag.py
[2026-01-16T07:14:32.021+0000] {processor.py:830} INFO - Processing file /opt/airflow/dags/monitoring_retraining_dag.py for tasks to queue
[2026-01-16T07:14:32.024+0000] {logging_mixin.py:188} INFO - [2026-01-16T07:14:32.023+0000] {dagbag.py:545} INFO - Filling up the DagBag from /opt/airflow/dags/monitoring_retraining_dag.py
[2026-01-16T07:14:32.354+0000] {processor.py:840} INFO - DAG(s) 'monitoring_retraining_pipeline' retrieved from /opt/airflow/dags/monitoring_retraining_dag.py
[2026-01-16T07:14:32.390+0000] {logging_mixin.py:188} INFO - [2026-01-16T07:14:32.390+0000] {dag.py:3089} INFO - Sync 1 DAGs
[2026-01-16T07:14:32.411+0000] {logging_mixin.py:188} INFO - [2026-01-16T07:14:32.411+0000] {dag.py:3947} INFO - Setting next_dagrun for monitoring_retraining_pipeline to 2026-01-16 00:00:00+00:00, run_after=2026-01-17 00:00:00+00:00
[2026-01-16T07:14:32.432+0000] {processor.py:183} INFO - Processing /opt/airflow/dags/monitoring_retraining_dag.py took 0.429 seconds
[2026-01-16T07:15:02.699+0000] {processor.py:161} INFO - Started process (PID=374) to work on /opt/airflow/dags/monitoring_retraining_dag.py
[2026-01-16T07:15:02.701+0000] {processor.py:830} INFO - Processing file /opt/airflow/dags/monitoring_retraining_dag.py for tasks to queue
[2026-01-16T07:15:02.703+0000] {logging_mixin.py:188} INFO - [2026-01-16T07:15:02.702+0000] {dagbag.py:545} INFO - Filling up the DagBag from /opt/airflow/dags/monitoring_retraining_dag.py
[2026-01-16T07:15:03.019+0000] {processor.py:840} INFO - DAG(s) 'monitoring_retraining_pipeline' retrieved from /opt/airflow/dags/monitoring_retraining_dag.py
[2026-01-16T07:15:03.057+0000] {logging_mixin.py:188} INFO - [2026-01-16T07:15:03.056+0000] {dag.py:3089} INFO - Sync 1 DAGs
[2026-01-16T07:15:03.079+0000] {logging_mixin.py:188} INFO - [2026-01-16T07:15:03.079+0000] {dag.py:3947} INFO - Setting next_dagrun for monitoring_retraining_pipeline to 2026-01-16 00:00:00+00:00, run_after=2026-01-17 00:00:00+00:00
[2026-01-16T07:15:03.099+0000] {processor.py:183} INFO - Processing /opt/airflow/dags/monitoring_retraining_dag.py took 0.407 seconds
[2026-01-16T07:15:33.363+0000] {processor.py:161} INFO - Started process (PID=380) to work on /opt/airflow/dags/monitoring_retraining_dag.py
[2026-01-16T07:15:33.365+0000] {processor.py:830} INFO - Processing file /opt/airflow/dags/monitoring_retraining_dag.py for tasks to queue
[2026-01-16T07:15:33.367+0000] {logging_mixin.py:188} INFO - [2026-01-16T07:15:33.366+0000] {dagbag.py:545} INFO - Filling up the DagBag from /opt/airflow/dags/monitoring_retraining_dag.py
[2026-01-16T07:15:33.687+0000] {processor.py:840} INFO - DAG(s) 'monitoring_retraining_pipeline' retrieved from /opt/airflow/dags/monitoring_retraining_dag.py
[2026-01-16T07:15:33.722+0000] {logging_mixin.py:188} INFO - [2026-01-16T07:15:33.722+0000] {dag.py:3089} INFO - Sync 1 DAGs
[2026-01-16T07:15:33.743+0000] {logging_mixin.py:188} INFO - [2026-01-16T07:15:33.743+0000] {dag.py:3947} INFO - Setting next_dagrun for monitoring_retraining_pipeline to 2026-01-16 00:00:00+00:00, run_after=2026-01-17 00:00:00+00:00
[2026-01-16T07:15:33.770+0000] {processor.py:183} INFO - Processing /opt/airflow/dags/monitoring_retraining_dag.py took 0.413 seconds
[2026-01-16T07:16:04.121+0000] {processor.py:161} INFO - Started process (PID=386) to work on /opt/airflow/dags/monitoring_retraining_dag.py
[2026-01-16T07:16:04.123+0000] {processor.py:830} INFO - Processing file /opt/airflow/dags/monitoring_retraining_dag.py for tasks to queue
[2026-01-16T07:16:04.128+0000] {logging_mixin.py:188} INFO - [2026-01-16T07:16:04.127+0000] {dagbag.py:545} INFO - Filling up the DagBag from /opt/airflow/dags/monitoring_retraining_dag.py
[2026-01-16T07:16:04.508+0000] {processor.py:840} INFO - DAG(s) 'monitoring_retraining_pipeline' retrieved from /opt/airflow/dags/monitoring_retraining_dag.py
[2026-01-16T07:16:04.545+0000] {logging_mixin.py:188} INFO - [2026-01-16T07:16:04.545+0000] {dag.py:3089} INFO - Sync 1 DAGs
[2026-01-16T07:16:04.569+0000] {logging_mixin.py:188} INFO - [2026-01-16T07:16:04.569+0000] {dag.py:3947} INFO - Setting next_dagrun for monitoring_retraining_pipeline to 2026-01-16 00:00:00+00:00, run_after=2026-01-17 00:00:00+00:00
[2026-01-16T07:16:04.590+0000] {processor.py:183} INFO - Processing /opt/airflow/dags/monitoring_retraining_dag.py took 0.486 seconds
[2026-01-16T07:16:34.795+0000] {processor.py:161} INFO - Started process (PID=392) to work on /opt/airflow/dags/monitoring_retraining_dag.py
[2026-01-16T07:16:34.797+0000] {processor.py:830} INFO - Processing file /opt/airflow/dags/monitoring_retraining_dag.py for tasks to queue
[2026-01-16T07:16:34.799+0000] {logging_mixin.py:188} INFO - [2026-01-16T07:16:34.798+0000] {dagbag.py:545} INFO - Filling up the DagBag from /opt/airflow/dags/monitoring_retraining_dag.py
[2026-01-16T07:16:35.147+0000] {processor.py:840} INFO - DAG(s) 'monitoring_retraining_pipeline' retrieved from /opt/airflow/dags/monitoring_retraining_dag.py
[2026-01-16T07:16:35.185+0000] {logging_mixin.py:188} INFO - [2026-01-16T07:16:35.185+0000] {dag.py:3089} INFO - Sync 1 DAGs
[2026-01-16T07:16:35.209+0000] {logging_mixin.py:188} INFO - [2026-01-16T07:16:35.208+0000] {dag.py:3947} INFO - Setting next_dagrun for monitoring_retraining_pipeline to 2026-01-16 00:00:00+00:00, run_after=2026-01-17 00:00:00+00:00
[2026-01-16T07:16:35.230+0000] {processor.py:183} INFO - Processing /opt/airflow/dags/monitoring_retraining_dag.py took 0.441 seconds
[2026-01-16T07:17:05.504+0000] {processor.py:161} INFO - Started process (PID=398) to work on /opt/airflow/dags/monitoring_retraining_dag.py
[2026-01-16T07:17:05.505+0000] {processor.py:830} INFO - Processing file /opt/airflow/dags/monitoring_retraining_dag.py for tasks to queue
[2026-01-16T07:17:05.507+0000] {logging_mixin.py:188} INFO - [2026-01-16T07:17:05.507+0000] {dagbag.py:545} INFO - Filling up the DagBag from /opt/airflow/dags/monitoring_retraining_dag.py
[2026-01-16T07:17:05.823+0000] {processor.py:840} INFO - DAG(s) 'monitoring_retraining_pipeline' retrieved from /opt/airflow/dags/monitoring_retraining_dag.py
[2026-01-16T07:17:05.859+0000] {logging_mixin.py:188} INFO - [2026-01-16T07:17:05.859+0000] {dag.py:3089} INFO - Sync 1 DAGs
[2026-01-16T07:17:05.881+0000] {logging_mixin.py:188} INFO - [2026-01-16T07:17:05.881+0000] {dag.py:3947} INFO - Setting next_dagrun for monitoring_retraining_pipeline to 2026-01-16 00:00:00+00:00, run_after=2026-01-17 00:00:00+00:00
[2026-01-16T07:17:05.901+0000] {processor.py:183} INFO - Processing /opt/airflow/dags/monitoring_retraining_dag.py took 0.404 seconds
[2026-01-16T07:17:36.247+0000] {processor.py:161} INFO - Started process (PID=404) to work on /opt/airflow/dags/monitoring_retraining_dag.py
[2026-01-16T07:17:36.248+0000] {processor.py:830} INFO - Processing file /opt/airflow/dags/monitoring_retraining_dag.py for tasks to queue
[2026-01-16T07:17:36.251+0000] {logging_mixin.py:188} INFO - [2026-01-16T07:17:36.250+0000] {dagbag.py:545} INFO - Filling up the DagBag from /opt/airflow/dags/monitoring_retraining_dag.py
[2026-01-16T07:17:36.567+0000] {processor.py:840} INFO - DAG(s) 'monitoring_retraining_pipeline' retrieved from /opt/airflow/dags/monitoring_retraining_dag.py
[2026-01-16T07:17:36.605+0000] {logging_mixin.py:188} INFO - [2026-01-16T07:17:36.604+0000] {dag.py:3089} INFO - Sync 1 DAGs
[2026-01-16T07:17:36.627+0000] {logging_mixin.py:188} INFO - [2026-01-16T07:17:36.627+0000] {dag.py:3947} INFO - Setting next_dagrun for monitoring_retraining_pipeline to 2026-01-16 00:00:00+00:00, run_after=2026-01-17 00:00:00+00:00
[2026-01-16T07:17:36.649+0000] {processor.py:183} INFO - Processing /opt/airflow/dags/monitoring_retraining_dag.py took 0.408 seconds
[2026-01-16T07:18:06.897+0000] {processor.py:161} INFO - Started process (PID=410) to work on /opt/airflow/dags/monitoring_retraining_dag.py
[2026-01-16T07:18:06.898+0000] {processor.py:830} INFO - Processing file /opt/airflow/dags/monitoring_retraining_dag.py for tasks to queue
[2026-01-16T07:18:06.901+0000] {logging_mixin.py:188} INFO - [2026-01-16T07:18:06.900+0000] {dagbag.py:545} INFO - Filling up the DagBag from /opt/airflow/dags/monitoring_retraining_dag.py
[2026-01-16T07:18:07.218+0000] {processor.py:840} INFO - DAG(s) 'monitoring_retraining_pipeline' retrieved from /opt/airflow/dags/monitoring_retraining_dag.py
[2026-01-16T07:18:07.253+0000] {logging_mixin.py:188} INFO - [2026-01-16T07:18:07.253+0000] {dag.py:3089} INFO - Sync 1 DAGs
[2026-01-16T07:18:07.276+0000] {logging_mixin.py:188} INFO - [2026-01-16T07:18:07.275+0000] {dag.py:3947} INFO - Setting next_dagrun for monitoring_retraining_pipeline to 2026-01-16 00:00:00+00:00, run_after=2026-01-17 00:00:00+00:00
[2026-01-16T07:18:07.297+0000] {processor.py:183} INFO - Processing /opt/airflow/dags/monitoring_retraining_dag.py took 0.406 seconds
[2026-01-16T07:18:37.595+0000] {processor.py:161} INFO - Started process (PID=416) to work on /opt/airflow/dags/monitoring_retraining_dag.py
[2026-01-16T07:18:37.596+0000] {processor.py:830} INFO - Processing file /opt/airflow/dags/monitoring_retraining_dag.py for tasks to queue
[2026-01-16T07:18:37.599+0000] {logging_mixin.py:188} INFO - [2026-01-16T07:18:37.599+0000] {dagbag.py:545} INFO - Filling up the DagBag from /opt/airflow/dags/monitoring_retraining_dag.py
[2026-01-16T07:18:37.937+0000] {processor.py:840} INFO - DAG(s) 'monitoring_retraining_pipeline' retrieved from /opt/airflow/dags/monitoring_retraining_dag.py
[2026-01-16T07:18:37.980+0000] {logging_mixin.py:188} INFO - [2026-01-16T07:18:37.980+0000] {dag.py:3089} INFO - Sync 1 DAGs
[2026-01-16T07:18:38.006+0000] {logging_mixin.py:188} INFO - [2026-01-16T07:18:38.006+0000] {dag.py:3947} INFO - Setting next_dagrun for monitoring_retraining_pipeline to 2026-01-16 00:00:00+00:00, run_after=2026-01-17 00:00:00+00:00
[2026-01-16T07:18:38.030+0000] {processor.py:183} INFO - Processing /opt/airflow/dags/monitoring_retraining_dag.py took 0.443 seconds
[2026-01-16T07:19:08.315+0000] {processor.py:161} INFO - Started process (PID=422) to work on /opt/airflow/dags/monitoring_retraining_dag.py
[2026-01-16T07:19:08.316+0000] {processor.py:830} INFO - Processing file /opt/airflow/dags/monitoring_retraining_dag.py for tasks to queue
[2026-01-16T07:19:08.318+0000] {logging_mixin.py:188} INFO - [2026-01-16T07:19:08.318+0000] {dagbag.py:545} INFO - Filling up the DagBag from /opt/airflow/dags/monitoring_retraining_dag.py
[2026-01-16T07:19:08.644+0000] {processor.py:840} INFO - DAG(s) 'monitoring_retraining_pipeline' retrieved from /opt/airflow/dags/monitoring_retraining_dag.py
[2026-01-16T07:19:08.680+0000] {logging_mixin.py:188} INFO - [2026-01-16T07:19:08.679+0000] {dag.py:3089} INFO - Sync 1 DAGs
[2026-01-16T07:19:08.701+0000] {logging_mixin.py:188} INFO - [2026-01-16T07:19:08.701+0000] {dag.py:3947} INFO - Setting next_dagrun for monitoring_retraining_pipeline to 2026-01-16 00:00:00+00:00, run_after=2026-01-17 00:00:00+00:00
[2026-01-16T07:19:08.721+0000] {processor.py:183} INFO - Processing /opt/airflow/dags/monitoring_retraining_dag.py took 0.415 seconds
[2026-01-16T07:19:38.961+0000] {processor.py:161} INFO - Started process (PID=428) to work on /opt/airflow/dags/monitoring_retraining_dag.py
[2026-01-16T07:19:38.962+0000] {processor.py:830} INFO - Processing file /opt/airflow/dags/monitoring_retraining_dag.py for tasks to queue
[2026-01-16T07:19:38.964+0000] {logging_mixin.py:188} INFO - [2026-01-16T07:19:38.964+0000] {dagbag.py:545} INFO - Filling up the DagBag from /opt/airflow/dags/monitoring_retraining_dag.py
[2026-01-16T07:19:39.294+0000] {processor.py:840} INFO - DAG(s) 'monitoring_retraining_pipeline' retrieved from /opt/airflow/dags/monitoring_retraining_dag.py
[2026-01-16T07:19:39.331+0000] {logging_mixin.py:188} INFO - [2026-01-16T07:19:39.331+0000] {dag.py:3089} INFO - Sync 1 DAGs
[2026-01-16T07:19:39.354+0000] {logging_mixin.py:188} INFO - [2026-01-16T07:19:39.354+0000] {dag.py:3947} INFO - Setting next_dagrun for monitoring_retraining_pipeline to 2026-01-16 00:00:00+00:00, run_after=2026-01-17 00:00:00+00:00
[2026-01-16T07:19:39.377+0000] {processor.py:183} INFO - Processing /opt/airflow/dags/monitoring_retraining_dag.py took 0.422 seconds
[2026-01-16T07:20:09.664+0000] {processor.py:161} INFO - Started process (PID=434) to work on /opt/airflow/dags/monitoring_retraining_dag.py
[2026-01-16T07:20:09.665+0000] {processor.py:830} INFO - Processing file /opt/airflow/dags/monitoring_retraining_dag.py for tasks to queue
[2026-01-16T07:20:09.668+0000] {logging_mixin.py:188} INFO - [2026-01-16T07:20:09.667+0000] {dagbag.py:545} INFO - Filling up the DagBag from /opt/airflow/dags/monitoring_retraining_dag.py
[2026-01-16T07:20:09.987+0000] {processor.py:840} INFO - DAG(s) 'monitoring_retraining_pipeline' retrieved from /opt/airflow/dags/monitoring_retraining_dag.py
[2026-01-16T07:20:10.023+0000] {logging_mixin.py:188} INFO - [2026-01-16T07:20:10.022+0000] {dag.py:3089} INFO - Sync 1 DAGs
[2026-01-16T07:20:10.045+0000] {logging_mixin.py:188} INFO - [2026-01-16T07:20:10.045+0000] {dag.py:3947} INFO - Setting next_dagrun for monitoring_retraining_pipeline to 2026-01-16 00:00:00+00:00, run_after=2026-01-17 00:00:00+00:00
[2026-01-16T07:20:10.067+0000] {processor.py:183} INFO - Processing /opt/airflow/dags/monitoring_retraining_dag.py took 0.409 seconds
[2026-01-16T07:20:40.350+0000] {processor.py:161} INFO - Started process (PID=440) to work on /opt/airflow/dags/monitoring_retraining_dag.py
[2026-01-16T07:20:40.352+0000] {processor.py:830} INFO - Processing file /opt/airflow/dags/monitoring_retraining_dag.py for tasks to queue
[2026-01-16T07:20:40.354+0000] {logging_mixin.py:188} INFO - [2026-01-16T07:20:40.353+0000] {dagbag.py:545} INFO - Filling up the DagBag from /opt/airflow/dags/monitoring_retraining_dag.py
[2026-01-16T07:20:40.667+0000] {processor.py:840} INFO - DAG(s) 'monitoring_retraining_pipeline' retrieved from /opt/airflow/dags/monitoring_retraining_dag.py
[2026-01-16T07:20:40.704+0000] {logging_mixin.py:188} INFO - [2026-01-16T07:20:40.703+0000] {dag.py:3089} INFO - Sync 1 DAGs
[2026-01-16T07:20:40.727+0000] {logging_mixin.py:188} INFO - [2026-01-16T07:20:40.727+0000] {dag.py:3947} INFO - Setting next_dagrun for monitoring_retraining_pipeline to 2026-01-16 00:00:00+00:00, run_after=2026-01-17 00:00:00+00:00
[2026-01-16T07:20:40.747+0000] {processor.py:183} INFO - Processing /opt/airflow/dags/monitoring_retraining_dag.py took 0.404 seconds
[2026-01-16T07:21:10.973+0000] {processor.py:161} INFO - Started process (PID=446) to work on /opt/airflow/dags/monitoring_retraining_dag.py
[2026-01-16T07:21:10.974+0000] {processor.py:830} INFO - Processing file /opt/airflow/dags/monitoring_retraining_dag.py for tasks to queue
[2026-01-16T07:21:10.976+0000] {logging_mixin.py:188} INFO - [2026-01-16T07:21:10.976+0000] {dagbag.py:545} INFO - Filling up the DagBag from /opt/airflow/dags/monitoring_retraining_dag.py
[2026-01-16T07:21:11.324+0000] {processor.py:840} INFO - DAG(s) 'monitoring_retraining_pipeline' retrieved from /opt/airflow/dags/monitoring_retraining_dag.py
[2026-01-16T07:21:11.454+0000] {logging_mixin.py:188} INFO - [2026-01-16T07:21:11.454+0000] {dag.py:3089} INFO - Sync 1 DAGs
[2026-01-16T07:21:11.558+0000] {logging_mixin.py:188} INFO - [2026-01-16T07:21:11.558+0000] {dag.py:3947} INFO - Setting next_dagrun for monitoring_retraining_pipeline to 2026-01-16 00:00:00+00:00, run_after=2026-01-17 00:00:00+00:00
[2026-01-16T07:21:11.637+0000] {processor.py:183} INFO - Processing /opt/airflow/dags/monitoring_retraining_dag.py took 0.670 seconds
[2026-01-16T07:21:41.830+0000] {processor.py:161} INFO - Started process (PID=452) to work on /opt/airflow/dags/monitoring_retraining_dag.py
[2026-01-16T07:21:41.833+0000] {processor.py:830} INFO - Processing file /opt/airflow/dags/monitoring_retraining_dag.py for tasks to queue
[2026-01-16T07:21:41.835+0000] {logging_mixin.py:188} INFO - [2026-01-16T07:21:41.835+0000] {dagbag.py:545} INFO - Filling up the DagBag from /opt/airflow/dags/monitoring_retraining_dag.py
[2026-01-16T07:21:42.302+0000] {processor.py:840} INFO - DAG(s) 'monitoring_retraining_pipeline' retrieved from /opt/airflow/dags/monitoring_retraining_dag.py
[2026-01-16T07:21:42.338+0000] {logging_mixin.py:188} INFO - [2026-01-16T07:21:42.337+0000] {dag.py:3089} INFO - Sync 1 DAGs
[2026-01-16T07:21:42.361+0000] {logging_mixin.py:188} INFO - [2026-01-16T07:21:42.360+0000] {dag.py:3947} INFO - Setting next_dagrun for monitoring_retraining_pipeline to 2026-01-16 00:00:00+00:00, run_after=2026-01-17 00:00:00+00:00
[2026-01-16T07:21:42.383+0000] {processor.py:183} INFO - Processing /opt/airflow/dags/monitoring_retraining_dag.py took 0.561 seconds
[2026-01-16T07:22:12.659+0000] {processor.py:161} INFO - Started process (PID=458) to work on /opt/airflow/dags/monitoring_retraining_dag.py
[2026-01-16T07:22:12.660+0000] {processor.py:830} INFO - Processing file /opt/airflow/dags/monitoring_retraining_dag.py for tasks to queue
[2026-01-16T07:22:12.662+0000] {logging_mixin.py:188} INFO - [2026-01-16T07:22:12.662+0000] {dagbag.py:545} INFO - Filling up the DagBag from /opt/airflow/dags/monitoring_retraining_dag.py
[2026-01-16T07:22:12.990+0000] {processor.py:840} INFO - DAG(s) 'monitoring_retraining_pipeline' retrieved from /opt/airflow/dags/monitoring_retraining_dag.py
[2026-01-16T07:22:13.026+0000] {logging_mixin.py:188} INFO - [2026-01-16T07:22:13.026+0000] {dag.py:3089} INFO - Sync 1 DAGs
[2026-01-16T07:22:13.049+0000] {logging_mixin.py:188} INFO - [2026-01-16T07:22:13.049+0000] {dag.py:3947} INFO - Setting next_dagrun for monitoring_retraining_pipeline to 2026-01-16 00:00:00+00:00, run_after=2026-01-17 00:00:00+00:00
[2026-01-16T07:22:13.069+0000] {processor.py:183} INFO - Processing /opt/airflow/dags/monitoring_retraining_dag.py took 0.417 seconds
[2026-01-16T07:22:43.310+0000] {processor.py:161} INFO - Started process (PID=464) to work on /opt/airflow/dags/monitoring_retraining_dag.py
[2026-01-16T07:22:43.311+0000] {processor.py:830} INFO - Processing file /opt/airflow/dags/monitoring_retraining_dag.py for tasks to queue
[2026-01-16T07:22:43.313+0000] {logging_mixin.py:188} INFO - [2026-01-16T07:22:43.313+0000] {dagbag.py:545} INFO - Filling up the DagBag from /opt/airflow/dags/monitoring_retraining_dag.py
[2026-01-16T07:22:43.631+0000] {processor.py:840} INFO - DAG(s) 'monitoring_retraining_pipeline' retrieved from /opt/airflow/dags/monitoring_retraining_dag.py
[2026-01-16T07:22:43.667+0000] {logging_mixin.py:188} INFO - [2026-01-16T07:22:43.667+0000] {dag.py:3089} INFO - Sync 1 DAGs
[2026-01-16T07:22:43.690+0000] {logging_mixin.py:188} INFO - [2026-01-16T07:22:43.689+0000] {dag.py:3947} INFO - Setting next_dagrun for monitoring_retraining_pipeline to 2026-01-16 00:00:00+00:00, run_after=2026-01-17 00:00:00+00:00
[2026-01-16T07:22:43.712+0000] {processor.py:183} INFO - Processing /opt/airflow/dags/monitoring_retraining_dag.py took 0.408 seconds
[2026-01-16T07:23:13.955+0000] {processor.py:161} INFO - Started process (PID=470) to work on /opt/airflow/dags/monitoring_retraining_dag.py
[2026-01-16T07:23:13.956+0000] {processor.py:830} INFO - Processing file /opt/airflow/dags/monitoring_retraining_dag.py for tasks to queue
[2026-01-16T07:23:13.958+0000] {logging_mixin.py:188} INFO - [2026-01-16T07:23:13.958+0000] {dagbag.py:545} INFO - Filling up the DagBag from /opt/airflow/dags/monitoring_retraining_dag.py
[2026-01-16T07:23:14.301+0000] {processor.py:840} INFO - DAG(s) 'monitoring_retraining_pipeline' retrieved from /opt/airflow/dags/monitoring_retraining_dag.py
[2026-01-16T07:23:14.339+0000] {logging_mixin.py:188} INFO - [2026-01-16T07:23:14.339+0000] {dag.py:3089} INFO - Sync 1 DAGs
[2026-01-16T07:23:14.362+0000] {logging_mixin.py:188} INFO - [2026-01-16T07:23:14.362+0000] {dag.py:3947} INFO - Setting next_dagrun for monitoring_retraining_pipeline to 2026-01-16 00:00:00+00:00, run_after=2026-01-17 00:00:00+00:00
[2026-01-16T07:23:14.386+0000] {processor.py:183} INFO - Processing /opt/airflow/dags/monitoring_retraining_dag.py took 0.438 seconds
[2026-01-16T07:23:44.695+0000] {processor.py:161} INFO - Started process (PID=476) to work on /opt/airflow/dags/monitoring_retraining_dag.py
[2026-01-16T07:23:44.697+0000] {processor.py:830} INFO - Processing file /opt/airflow/dags/monitoring_retraining_dag.py for tasks to queue
[2026-01-16T07:23:44.699+0000] {logging_mixin.py:188} INFO - [2026-01-16T07:23:44.699+0000] {dagbag.py:545} INFO - Filling up the DagBag from /opt/airflow/dags/monitoring_retraining_dag.py
[2026-01-16T07:23:45.050+0000] {processor.py:840} INFO - DAG(s) 'monitoring_retraining_pipeline' retrieved from /opt/airflow/dags/monitoring_retraining_dag.py
[2026-01-16T07:23:45.087+0000] {logging_mixin.py:188} INFO - [2026-01-16T07:23:45.086+0000] {dag.py:3089} INFO - Sync 1 DAGs
[2026-01-16T07:23:45.110+0000] {logging_mixin.py:188} INFO - [2026-01-16T07:23:45.110+0000] {dag.py:3947} INFO - Setting next_dagrun for monitoring_retraining_pipeline to 2026-01-16 00:00:00+00:00, run_after=2026-01-17 00:00:00+00:00
[2026-01-16T07:23:45.133+0000] {processor.py:183} INFO - Processing /opt/airflow/dags/monitoring_retraining_dag.py took 0.446 seconds
[2026-01-16T07:24:15.342+0000] {processor.py:161} INFO - Started process (PID=482) to work on /opt/airflow/dags/monitoring_retraining_dag.py
[2026-01-16T07:24:15.343+0000] {processor.py:830} INFO - Processing file /opt/airflow/dags/monitoring_retraining_dag.py for tasks to queue
[2026-01-16T07:24:15.345+0000] {logging_mixin.py:188} INFO - [2026-01-16T07:24:15.345+0000] {dagbag.py:545} INFO - Filling up the DagBag from /opt/airflow/dags/monitoring_retraining_dag.py
[2026-01-16T07:24:15.661+0000] {processor.py:840} INFO - DAG(s) 'monitoring_retraining_pipeline' retrieved from /opt/airflow/dags/monitoring_retraining_dag.py
[2026-01-16T07:24:15.697+0000] {logging_mixin.py:188} INFO - [2026-01-16T07:24:15.696+0000] {dag.py:3089} INFO - Sync 1 DAGs
[2026-01-16T07:24:15.722+0000] {logging_mixin.py:188} INFO - [2026-01-16T07:24:15.721+0000] {dag.py:3947} INFO - Setting next_dagrun for monitoring_retraining_pipeline to 2026-01-16 00:00:00+00:00, run_after=2026-01-17 00:00:00+00:00
[2026-01-16T07:24:15.741+0000] {processor.py:183} INFO - Processing /opt/airflow/dags/monitoring_retraining_dag.py took 0.405 seconds
[2026-01-16T07:24:46.011+0000] {processor.py:161} INFO - Started process (PID=488) to work on /opt/airflow/dags/monitoring_retraining_dag.py
[2026-01-16T07:24:46.012+0000] {processor.py:830} INFO - Processing file /opt/airflow/dags/monitoring_retraining_dag.py for tasks to queue
[2026-01-16T07:24:46.014+0000] {logging_mixin.py:188} INFO - [2026-01-16T07:24:46.014+0000] {dagbag.py:545} INFO - Filling up the DagBag from /opt/airflow/dags/monitoring_retraining_dag.py
[2026-01-16T07:24:46.317+0000] {processor.py:840} INFO - DAG(s) 'monitoring_retraining_pipeline' retrieved from /opt/airflow/dags/monitoring_retraining_dag.py
[2026-01-16T07:24:46.356+0000] {logging_mixin.py:188} INFO - [2026-01-16T07:24:46.355+0000] {dag.py:3089} INFO - Sync 1 DAGs
[2026-01-16T07:24:46.379+0000] {logging_mixin.py:188} INFO - [2026-01-16T07:24:46.378+0000] {dag.py:3947} INFO - Setting next_dagrun for monitoring_retraining_pipeline to 2026-01-16 00:00:00+00:00, run_after=2026-01-17 00:00:00+00:00
[2026-01-16T07:24:46.399+0000] {processor.py:183} INFO - Processing /opt/airflow/dags/monitoring_retraining_dag.py took 0.395 seconds
[2026-01-16T07:25:16.679+0000] {processor.py:161} INFO - Started process (PID=494) to work on /opt/airflow/dags/monitoring_retraining_dag.py
[2026-01-16T07:25:16.681+0000] {processor.py:830} INFO - Processing file /opt/airflow/dags/monitoring_retraining_dag.py for tasks to queue
[2026-01-16T07:25:16.683+0000] {logging_mixin.py:188} INFO - [2026-01-16T07:25:16.682+0000] {dagbag.py:545} INFO - Filling up the DagBag from /opt/airflow/dags/monitoring_retraining_dag.py
[2026-01-16T07:25:17.008+0000] {processor.py:840} INFO - DAG(s) 'monitoring_retraining_pipeline' retrieved from /opt/airflow/dags/monitoring_retraining_dag.py
[2026-01-16T07:25:17.043+0000] {logging_mixin.py:188} INFO - [2026-01-16T07:25:17.043+0000] {dag.py:3089} INFO - Sync 1 DAGs
[2026-01-16T07:25:17.065+0000] {logging_mixin.py:188} INFO - [2026-01-16T07:25:17.065+0000] {dag.py:3947} INFO - Setting next_dagrun for monitoring_retraining_pipeline to 2026-01-16 00:00:00+00:00, run_after=2026-01-17 00:00:00+00:00
[2026-01-16T07:25:17.085+0000] {processor.py:183} INFO - Processing /opt/airflow/dags/monitoring_retraining_dag.py took 0.411 seconds
[2026-01-16T07:25:47.362+0000] {processor.py:161} INFO - Started process (PID=500) to work on /opt/airflow/dags/monitoring_retraining_dag.py
[2026-01-16T07:25:47.364+0000] {processor.py:830} INFO - Processing file /opt/airflow/dags/monitoring_retraining_dag.py for tasks to queue
[2026-01-16T07:25:47.366+0000] {logging_mixin.py:188} INFO - [2026-01-16T07:25:47.366+0000] {dagbag.py:545} INFO - Filling up the DagBag from /opt/airflow/dags/monitoring_retraining_dag.py
[2026-01-16T07:25:47.679+0000] {processor.py:840} INFO - DAG(s) 'monitoring_retraining_pipeline' retrieved from /opt/airflow/dags/monitoring_retraining_dag.py
[2026-01-16T07:25:47.715+0000] {logging_mixin.py:188} INFO - [2026-01-16T07:25:47.715+0000] {dag.py:3089} INFO - Sync 1 DAGs
[2026-01-16T07:25:47.737+0000] {logging_mixin.py:188} INFO - [2026-01-16T07:25:47.737+0000] {dag.py:3947} INFO - Setting next_dagrun for monitoring_retraining_pipeline to 2026-01-16 00:00:00+00:00, run_after=2026-01-17 00:00:00+00:00
[2026-01-16T07:25:47.757+0000] {processor.py:183} INFO - Processing /opt/airflow/dags/monitoring_retraining_dag.py took 0.404 seconds
[2026-01-16T07:26:18.034+0000] {processor.py:161} INFO - Started process (PID=506) to work on /opt/airflow/dags/monitoring_retraining_dag.py
[2026-01-16T07:26:18.035+0000] {processor.py:830} INFO - Processing file /opt/airflow/dags/monitoring_retraining_dag.py for tasks to queue
[2026-01-16T07:26:18.037+0000] {logging_mixin.py:188} INFO - [2026-01-16T07:26:18.037+0000] {dagbag.py:545} INFO - Filling up the DagBag from /opt/airflow/dags/monitoring_retraining_dag.py
[2026-01-16T07:26:18.357+0000] {processor.py:840} INFO - DAG(s) 'monitoring_retraining_pipeline' retrieved from /opt/airflow/dags/monitoring_retraining_dag.py
[2026-01-16T07:26:18.393+0000] {logging_mixin.py:188} INFO - [2026-01-16T07:26:18.392+0000] {dag.py:3089} INFO - Sync 1 DAGs
[2026-01-16T07:26:18.415+0000] {logging_mixin.py:188} INFO - [2026-01-16T07:26:18.415+0000] {dag.py:3947} INFO - Setting next_dagrun for monitoring_retraining_pipeline to 2026-01-16 00:00:00+00:00, run_after=2026-01-17 00:00:00+00:00
[2026-01-16T07:26:18.436+0000] {processor.py:183} INFO - Processing /opt/airflow/dags/monitoring_retraining_dag.py took 0.408 seconds
[2026-01-16T07:26:48.700+0000] {processor.py:161} INFO - Started process (PID=512) to work on /opt/airflow/dags/monitoring_retraining_dag.py
[2026-01-16T07:26:48.702+0000] {processor.py:830} INFO - Processing file /opt/airflow/dags/monitoring_retraining_dag.py for tasks to queue
[2026-01-16T07:26:48.707+0000] {logging_mixin.py:188} INFO - [2026-01-16T07:26:48.706+0000] {dagbag.py:545} INFO - Filling up the DagBag from /opt/airflow/dags/monitoring_retraining_dag.py
[2026-01-16T07:26:49.068+0000] {processor.py:840} INFO - DAG(s) 'monitoring_retraining_pipeline' retrieved from /opt/airflow/dags/monitoring_retraining_dag.py
[2026-01-16T07:26:49.110+0000] {logging_mixin.py:188} INFO - [2026-01-16T07:26:49.110+0000] {dag.py:3089} INFO - Sync 1 DAGs
[2026-01-16T07:26:49.135+0000] {logging_mixin.py:188} INFO - [2026-01-16T07:26:49.135+0000] {dag.py:3947} INFO - Setting next_dagrun for monitoring_retraining_pipeline to 2026-01-16 00:00:00+00:00, run_after=2026-01-17 00:00:00+00:00
[2026-01-16T07:26:49.157+0000] {processor.py:183} INFO - Processing /opt/airflow/dags/monitoring_retraining_dag.py took 0.469 seconds
[2026-01-16T07:27:19.473+0000] {processor.py:161} INFO - Started process (PID=518) to work on /opt/airflow/dags/monitoring_retraining_dag.py
[2026-01-16T07:27:19.474+0000] {processor.py:830} INFO - Processing file /opt/airflow/dags/monitoring_retraining_dag.py for tasks to queue
[2026-01-16T07:27:19.476+0000] {logging_mixin.py:188} INFO - [2026-01-16T07:27:19.476+0000] {dagbag.py:545} INFO - Filling up the DagBag from /opt/airflow/dags/monitoring_retraining_dag.py
[2026-01-16T07:27:19.789+0000] {processor.py:840} INFO - DAG(s) 'monitoring_retraining_pipeline' retrieved from /opt/airflow/dags/monitoring_retraining_dag.py
[2026-01-16T07:27:19.824+0000] {logging_mixin.py:188} INFO - [2026-01-16T07:27:19.824+0000] {dag.py:3089} INFO - Sync 1 DAGs
[2026-01-16T07:27:19.847+0000] {logging_mixin.py:188} INFO - [2026-01-16T07:27:19.847+0000] {dag.py:3947} INFO - Setting next_dagrun for monitoring_retraining_pipeline to 2026-01-16 00:00:00+00:00, run_after=2026-01-17 00:00:00+00:00
[2026-01-16T07:27:19.869+0000] {processor.py:183} INFO - Processing /opt/airflow/dags/monitoring_retraining_dag.py took 0.403 seconds
[2026-01-16T07:27:50.132+0000] {processor.py:161} INFO - Started process (PID=524) to work on /opt/airflow/dags/monitoring_retraining_dag.py
[2026-01-16T07:27:50.133+0000] {processor.py:830} INFO - Processing file /opt/airflow/dags/monitoring_retraining_dag.py for tasks to queue
[2026-01-16T07:27:50.135+0000] {logging_mixin.py:188} INFO - [2026-01-16T07:27:50.135+0000] {dagbag.py:545} INFO - Filling up the DagBag from /opt/airflow/dags/monitoring_retraining_dag.py
[2026-01-16T07:27:50.442+0000] {processor.py:840} INFO - DAG(s) 'monitoring_retraining_pipeline' retrieved from /opt/airflow/dags/monitoring_retraining_dag.py
[2026-01-16T07:27:50.475+0000] {logging_mixin.py:188} INFO - [2026-01-16T07:27:50.475+0000] {dag.py:3089} INFO - Sync 1 DAGs
[2026-01-16T07:27:50.496+0000] {logging_mixin.py:188} INFO - [2026-01-16T07:27:50.496+0000] {dag.py:3947} INFO - Setting next_dagrun for monitoring_retraining_pipeline to 2026-01-16 00:00:00+00:00, run_after=2026-01-17 00:00:00+00:00
[2026-01-16T07:27:50.517+0000] {processor.py:183} INFO - Processing /opt/airflow/dags/monitoring_retraining_dag.py took 0.391 seconds
[2026-01-16T07:28:20.795+0000] {processor.py:161} INFO - Started process (PID=530) to work on /opt/airflow/dags/monitoring_retraining_dag.py
[2026-01-16T07:28:20.796+0000] {processor.py:830} INFO - Processing file /opt/airflow/dags/monitoring_retraining_dag.py for tasks to queue
[2026-01-16T07:28:20.798+0000] {logging_mixin.py:188} INFO - [2026-01-16T07:28:20.798+0000] {dagbag.py:545} INFO - Filling up the DagBag from /opt/airflow/dags/monitoring_retraining_dag.py
[2026-01-16T07:28:21.103+0000] {processor.py:840} INFO - DAG(s) 'monitoring_retraining_pipeline' retrieved from /opt/airflow/dags/monitoring_retraining_dag.py
[2026-01-16T07:28:21.139+0000] {logging_mixin.py:188} INFO - [2026-01-16T07:28:21.139+0000] {dag.py:3089} INFO - Sync 1 DAGs
[2026-01-16T07:28:21.161+0000] {logging_mixin.py:188} INFO - [2026-01-16T07:28:21.161+0000] {dag.py:3947} INFO - Setting next_dagrun for monitoring_retraining_pipeline to 2026-01-16 00:00:00+00:00, run_after=2026-01-17 00:00:00+00:00
[2026-01-16T07:28:21.183+0000] {processor.py:183} INFO - Processing /opt/airflow/dags/monitoring_retraining_dag.py took 0.394 seconds
[2026-01-16T07:28:51.487+0000] {processor.py:161} INFO - Started process (PID=536) to work on /opt/airflow/dags/monitoring_retraining_dag.py
[2026-01-16T07:28:51.488+0000] {processor.py:830} INFO - Processing file /opt/airflow/dags/monitoring_retraining_dag.py for tasks to queue
[2026-01-16T07:28:51.491+0000] {logging_mixin.py:188} INFO - [2026-01-16T07:28:51.490+0000] {dagbag.py:545} INFO - Filling up the DagBag from /opt/airflow/dags/monitoring_retraining_dag.py
[2026-01-16T07:28:52.143+0000] {processor.py:840} INFO - DAG(s) 'monitoring_retraining_pipeline' retrieved from /opt/airflow/dags/monitoring_retraining_dag.py
[2026-01-16T07:28:52.200+0000] {logging_mixin.py:188} INFO - [2026-01-16T07:28:52.199+0000] {dag.py:3089} INFO - Sync 1 DAGs
[2026-01-16T07:28:52.235+0000] {logging_mixin.py:188} INFO - [2026-01-16T07:28:52.234+0000] {dag.py:3947} INFO - Setting next_dagrun for monitoring_retraining_pipeline to 2026-01-16 00:00:00+00:00, run_after=2026-01-17 00:00:00+00:00
[2026-01-16T07:28:52.267+0000] {processor.py:183} INFO - Processing /opt/airflow/dags/monitoring_retraining_dag.py took 0.789 seconds
[2026-01-16T07:29:22.619+0000] {processor.py:161} INFO - Started process (PID=542) to work on /opt/airflow/dags/monitoring_retraining_dag.py
[2026-01-16T07:29:22.621+0000] {processor.py:830} INFO - Processing file /opt/airflow/dags/monitoring_retraining_dag.py for tasks to queue
[2026-01-16T07:29:22.625+0000] {logging_mixin.py:188} INFO - [2026-01-16T07:29:22.625+0000] {dagbag.py:545} INFO - Filling up the DagBag from /opt/airflow/dags/monitoring_retraining_dag.py
[2026-01-16T07:29:22.939+0000] {processor.py:840} INFO - DAG(s) 'monitoring_retraining_pipeline' retrieved from /opt/airflow/dags/monitoring_retraining_dag.py
[2026-01-16T07:29:22.975+0000] {logging_mixin.py:188} INFO - [2026-01-16T07:29:22.974+0000] {dag.py:3089} INFO - Sync 1 DAGs
[2026-01-16T07:29:22.997+0000] {logging_mixin.py:188} INFO - [2026-01-16T07:29:22.997+0000] {dag.py:3947} INFO - Setting next_dagrun for monitoring_retraining_pipeline to 2026-01-16 00:00:00+00:00, run_after=2026-01-17 00:00:00+00:00
[2026-01-16T07:29:23.018+0000] {processor.py:183} INFO - Processing /opt/airflow/dags/monitoring_retraining_dag.py took 0.414 seconds
[2026-01-16T07:29:53.280+0000] {processor.py:161} INFO - Started process (PID=548) to work on /opt/airflow/dags/monitoring_retraining_dag.py
[2026-01-16T07:29:53.281+0000] {processor.py:830} INFO - Processing file /opt/airflow/dags/monitoring_retraining_dag.py for tasks to queue
[2026-01-16T07:29:53.283+0000] {logging_mixin.py:188} INFO - [2026-01-16T07:29:53.283+0000] {dagbag.py:545} INFO - Filling up the DagBag from /opt/airflow/dags/monitoring_retraining_dag.py
[2026-01-16T07:29:53.608+0000] {processor.py:840} INFO - DAG(s) 'monitoring_retraining_pipeline' retrieved from /opt/airflow/dags/monitoring_retraining_dag.py
[2026-01-16T07:29:53.648+0000] {logging_mixin.py:188} INFO - [2026-01-16T07:29:53.648+0000] {dag.py:3089} INFO - Sync 1 DAGs
[2026-01-16T07:29:53.675+0000] {logging_mixin.py:188} INFO - [2026-01-16T07:29:53.674+0000] {dag.py:3947} INFO - Setting next_dagrun for monitoring_retraining_pipeline to 2026-01-16 00:00:00+00:00, run_after=2026-01-17 00:00:00+00:00
[2026-01-16T07:29:53.697+0000] {processor.py:183} INFO - Processing /opt/airflow/dags/monitoring_retraining_dag.py took 0.424 seconds
[2026-01-16T07:30:23.968+0000] {processor.py:161} INFO - Started process (PID=554) to work on /opt/airflow/dags/monitoring_retraining_dag.py
[2026-01-16T07:30:23.969+0000] {processor.py:830} INFO - Processing file /opt/airflow/dags/monitoring_retraining_dag.py for tasks to queue
[2026-01-16T07:30:23.971+0000] {logging_mixin.py:188} INFO - [2026-01-16T07:30:23.971+0000] {dagbag.py:545} INFO - Filling up the DagBag from /opt/airflow/dags/monitoring_retraining_dag.py
[2026-01-16T07:30:24.286+0000] {processor.py:840} INFO - DAG(s) 'monitoring_retraining_pipeline' retrieved from /opt/airflow/dags/monitoring_retraining_dag.py
[2026-01-16T07:30:24.322+0000] {logging_mixin.py:188} INFO - [2026-01-16T07:30:24.321+0000] {dag.py:3089} INFO - Sync 1 DAGs
[2026-01-16T07:30:24.344+0000] {logging_mixin.py:188} INFO - [2026-01-16T07:30:24.344+0000] {dag.py:3947} INFO - Setting next_dagrun for monitoring_retraining_pipeline to 2026-01-16 00:00:00+00:00, run_after=2026-01-17 00:00:00+00:00
[2026-01-16T07:30:24.365+0000] {processor.py:183} INFO - Processing /opt/airflow/dags/monitoring_retraining_dag.py took 0.404 seconds
[2026-01-16T07:30:54.628+0000] {processor.py:161} INFO - Started process (PID=560) to work on /opt/airflow/dags/monitoring_retraining_dag.py
[2026-01-16T07:30:54.629+0000] {processor.py:830} INFO - Processing file /opt/airflow/dags/monitoring_retraining_dag.py for tasks to queue
[2026-01-16T07:30:54.632+0000] {logging_mixin.py:188} INFO - [2026-01-16T07:30:54.631+0000] {dagbag.py:545} INFO - Filling up the DagBag from /opt/airflow/dags/monitoring_retraining_dag.py
[2026-01-16T07:30:55.024+0000] {processor.py:840} INFO - DAG(s) 'monitoring_retraining_pipeline' retrieved from /opt/airflow/dags/monitoring_retraining_dag.py
[2026-01-16T07:30:55.061+0000] {logging_mixin.py:188} INFO - [2026-01-16T07:30:55.061+0000] {dag.py:3089} INFO - Sync 1 DAGs
[2026-01-16T07:30:55.084+0000] {logging_mixin.py:188} INFO - [2026-01-16T07:30:55.084+0000] {dag.py:3947} INFO - Setting next_dagrun for monitoring_retraining_pipeline to 2026-01-16 00:00:00+00:00, run_after=2026-01-17 00:00:00+00:00
[2026-01-16T07:30:55.107+0000] {processor.py:183} INFO - Processing /opt/airflow/dags/monitoring_retraining_dag.py took 0.489 seconds
[2026-01-16T07:31:25.361+0000] {processor.py:161} INFO - Started process (PID=566) to work on /opt/airflow/dags/monitoring_retraining_dag.py
[2026-01-16T07:31:25.362+0000] {processor.py:830} INFO - Processing file /opt/airflow/dags/monitoring_retraining_dag.py for tasks to queue
[2026-01-16T07:31:25.365+0000] {logging_mixin.py:188} INFO - [2026-01-16T07:31:25.364+0000] {dagbag.py:545} INFO - Filling up the DagBag from /opt/airflow/dags/monitoring_retraining_dag.py
[2026-01-16T07:31:25.677+0000] {processor.py:840} INFO - DAG(s) 'monitoring_retraining_pipeline' retrieved from /opt/airflow/dags/monitoring_retraining_dag.py
[2026-01-16T07:31:25.712+0000] {logging_mixin.py:188} INFO - [2026-01-16T07:31:25.712+0000] {dag.py:3089} INFO - Sync 1 DAGs
[2026-01-16T07:31:25.735+0000] {logging_mixin.py:188} INFO - [2026-01-16T07:31:25.735+0000] {dag.py:3947} INFO - Setting next_dagrun for monitoring_retraining_pipeline to 2026-01-16 00:00:00+00:00, run_after=2026-01-17 00:00:00+00:00
[2026-01-16T07:31:25.755+0000] {processor.py:183} INFO - Processing /opt/airflow/dags/monitoring_retraining_dag.py took 0.400 seconds
[2026-01-16T07:31:56.022+0000] {processor.py:161} INFO - Started process (PID=572) to work on /opt/airflow/dags/monitoring_retraining_dag.py
[2026-01-16T07:31:56.023+0000] {processor.py:830} INFO - Processing file /opt/airflow/dags/monitoring_retraining_dag.py for tasks to queue
[2026-01-16T07:31:56.025+0000] {logging_mixin.py:188} INFO - [2026-01-16T07:31:56.025+0000] {dagbag.py:545} INFO - Filling up the DagBag from /opt/airflow/dags/monitoring_retraining_dag.py
[2026-01-16T07:31:56.354+0000] {processor.py:840} INFO - DAG(s) 'monitoring_retraining_pipeline' retrieved from /opt/airflow/dags/monitoring_retraining_dag.py
[2026-01-16T07:31:56.390+0000] {logging_mixin.py:188} INFO - [2026-01-16T07:31:56.389+0000] {dag.py:3089} INFO - Sync 1 DAGs
[2026-01-16T07:31:56.413+0000] {logging_mixin.py:188} INFO - [2026-01-16T07:31:56.413+0000] {dag.py:3947} INFO - Setting next_dagrun for monitoring_retraining_pipeline to 2026-01-16 00:00:00+00:00, run_after=2026-01-17 00:00:00+00:00
[2026-01-16T07:31:56.434+0000] {processor.py:183} INFO - Processing /opt/airflow/dags/monitoring_retraining_dag.py took 0.418 seconds
[2026-01-16T07:32:26.701+0000] {processor.py:161} INFO - Started process (PID=578) to work on /opt/airflow/dags/monitoring_retraining_dag.py
[2026-01-16T07:32:26.703+0000] {processor.py:830} INFO - Processing file /opt/airflow/dags/monitoring_retraining_dag.py for tasks to queue
[2026-01-16T07:32:26.705+0000] {logging_mixin.py:188} INFO - [2026-01-16T07:32:26.705+0000] {dagbag.py:545} INFO - Filling up the DagBag from /opt/airflow/dags/monitoring_retraining_dag.py
[2026-01-16T07:32:27.041+0000] {processor.py:840} INFO - DAG(s) 'monitoring_retraining_pipeline' retrieved from /opt/airflow/dags/monitoring_retraining_dag.py
[2026-01-16T07:32:27.079+0000] {logging_mixin.py:188} INFO - [2026-01-16T07:32:27.078+0000] {dag.py:3089} INFO - Sync 1 DAGs
[2026-01-16T07:32:27.102+0000] {logging_mixin.py:188} INFO - [2026-01-16T07:32:27.102+0000] {dag.py:3947} INFO - Setting next_dagrun for monitoring_retraining_pipeline to 2026-01-16 00:00:00+00:00, run_after=2026-01-17 00:00:00+00:00
[2026-01-16T07:32:27.123+0000] {processor.py:183} INFO - Processing /opt/airflow/dags/monitoring_retraining_dag.py took 0.429 seconds
[2026-01-16T07:32:57.321+0000] {processor.py:161} INFO - Started process (PID=584) to work on /opt/airflow/dags/monitoring_retraining_dag.py
[2026-01-16T07:32:57.322+0000] {processor.py:830} INFO - Processing file /opt/airflow/dags/monitoring_retraining_dag.py for tasks to queue
[2026-01-16T07:32:57.324+0000] {logging_mixin.py:188} INFO - [2026-01-16T07:32:57.324+0000] {dagbag.py:545} INFO - Filling up the DagBag from /opt/airflow/dags/monitoring_retraining_dag.py
[2026-01-16T07:32:57.642+0000] {processor.py:840} INFO - DAG(s) 'monitoring_retraining_pipeline' retrieved from /opt/airflow/dags/monitoring_retraining_dag.py
[2026-01-16T07:32:57.680+0000] {logging_mixin.py:188} INFO - [2026-01-16T07:32:57.680+0000] {dag.py:3089} INFO - Sync 1 DAGs
[2026-01-16T07:32:57.705+0000] {logging_mixin.py:188} INFO - [2026-01-16T07:32:57.705+0000] {dag.py:3947} INFO - Setting next_dagrun for monitoring_retraining_pipeline to 2026-01-16 00:00:00+00:00, run_after=2026-01-17 00:00:00+00:00
[2026-01-16T07:32:57.727+0000] {processor.py:183} INFO - Processing /opt/airflow/dags/monitoring_retraining_dag.py took 0.412 seconds
[2026-01-16T07:33:27.983+0000] {processor.py:161} INFO - Started process (PID=590) to work on /opt/airflow/dags/monitoring_retraining_dag.py
[2026-01-16T07:33:27.985+0000] {processor.py:830} INFO - Processing file /opt/airflow/dags/monitoring_retraining_dag.py for tasks to queue
[2026-01-16T07:33:27.987+0000] {logging_mixin.py:188} INFO - [2026-01-16T07:33:27.987+0000] {dagbag.py:545} INFO - Filling up the DagBag from /opt/airflow/dags/monitoring_retraining_dag.py
[2026-01-16T07:33:28.299+0000] {processor.py:840} INFO - DAG(s) 'monitoring_retraining_pipeline' retrieved from /opt/airflow/dags/monitoring_retraining_dag.py
[2026-01-16T07:33:28.334+0000] {logging_mixin.py:188} INFO - [2026-01-16T07:33:28.334+0000] {dag.py:3089} INFO - Sync 1 DAGs
[2026-01-16T07:33:28.359+0000] {logging_mixin.py:188} INFO - [2026-01-16T07:33:28.359+0000] {dag.py:3947} INFO - Setting next_dagrun for monitoring_retraining_pipeline to 2026-01-16 00:00:00+00:00, run_after=2026-01-17 00:00:00+00:00
[2026-01-16T07:33:28.382+0000] {processor.py:183} INFO - Processing /opt/airflow/dags/monitoring_retraining_dag.py took 0.405 seconds
[2026-01-16T07:33:58.631+0000] {processor.py:161} INFO - Started process (PID=596) to work on /opt/airflow/dags/monitoring_retraining_dag.py
[2026-01-16T07:33:58.633+0000] {processor.py:830} INFO - Processing file /opt/airflow/dags/monitoring_retraining_dag.py for tasks to queue
[2026-01-16T07:33:58.634+0000] {logging_mixin.py:188} INFO - [2026-01-16T07:33:58.634+0000] {dagbag.py:545} INFO - Filling up the DagBag from /opt/airflow/dags/monitoring_retraining_dag.py
[2026-01-16T07:33:58.970+0000] {processor.py:840} INFO - DAG(s) 'monitoring_retraining_pipeline' retrieved from /opt/airflow/dags/monitoring_retraining_dag.py
[2026-01-16T07:33:59.007+0000] {logging_mixin.py:188} INFO - [2026-01-16T07:33:59.007+0000] {dag.py:3089} INFO - Sync 1 DAGs
[2026-01-16T07:33:59.029+0000] {logging_mixin.py:188} INFO - [2026-01-16T07:33:59.029+0000] {dag.py:3947} INFO - Setting next_dagrun for monitoring_retraining_pipeline to 2026-01-16 00:00:00+00:00, run_after=2026-01-17 00:00:00+00:00
[2026-01-16T07:33:59.052+0000] {processor.py:183} INFO - Processing /opt/airflow/dags/monitoring_retraining_dag.py took 0.428 seconds
[2026-01-16T07:34:29.303+0000] {processor.py:161} INFO - Started process (PID=602) to work on /opt/airflow/dags/monitoring_retraining_dag.py
[2026-01-16T07:34:29.305+0000] {processor.py:830} INFO - Processing file /opt/airflow/dags/monitoring_retraining_dag.py for tasks to queue
[2026-01-16T07:34:29.307+0000] {logging_mixin.py:188} INFO - [2026-01-16T07:34:29.306+0000] {dagbag.py:545} INFO - Filling up the DagBag from /opt/airflow/dags/monitoring_retraining_dag.py
[2026-01-16T07:34:29.625+0000] {processor.py:840} INFO - DAG(s) 'monitoring_retraining_pipeline' retrieved from /opt/airflow/dags/monitoring_retraining_dag.py
[2026-01-16T07:34:29.660+0000] {logging_mixin.py:188} INFO - [2026-01-16T07:34:29.659+0000] {dag.py:3089} INFO - Sync 1 DAGs
[2026-01-16T07:34:29.682+0000] {logging_mixin.py:188} INFO - [2026-01-16T07:34:29.681+0000] {dag.py:3947} INFO - Setting next_dagrun for monitoring_retraining_pipeline to 2026-01-16 00:00:00+00:00, run_after=2026-01-17 00:00:00+00:00
[2026-01-16T07:34:29.701+0000] {processor.py:183} INFO - Processing /opt/airflow/dags/monitoring_retraining_dag.py took 0.404 seconds
[2026-01-16T07:34:59.973+0000] {processor.py:161} INFO - Started process (PID=608) to work on /opt/airflow/dags/monitoring_retraining_dag.py
[2026-01-16T07:34:59.974+0000] {processor.py:830} INFO - Processing file /opt/airflow/dags/monitoring_retraining_dag.py for tasks to queue
[2026-01-16T07:34:59.977+0000] {logging_mixin.py:188} INFO - [2026-01-16T07:34:59.976+0000] {dagbag.py:545} INFO - Filling up the DagBag from /opt/airflow/dags/monitoring_retraining_dag.py
[2026-01-16T07:35:00.297+0000] {processor.py:840} INFO - DAG(s) 'monitoring_retraining_pipeline' retrieved from /opt/airflow/dags/monitoring_retraining_dag.py
[2026-01-16T07:35:00.335+0000] {logging_mixin.py:188} INFO - [2026-01-16T07:35:00.335+0000] {dag.py:3089} INFO - Sync 1 DAGs
[2026-01-16T07:35:00.358+0000] {logging_mixin.py:188} INFO - [2026-01-16T07:35:00.358+0000] {dag.py:3947} INFO - Setting next_dagrun for monitoring_retraining_pipeline to 2026-01-16 00:00:00+00:00, run_after=2026-01-17 00:00:00+00:00
[2026-01-16T07:35:00.380+0000] {processor.py:183} INFO - Processing /opt/airflow/dags/monitoring_retraining_dag.py took 0.413 seconds
[2026-01-16T07:35:30.656+0000] {processor.py:161} INFO - Started process (PID=614) to work on /opt/airflow/dags/monitoring_retraining_dag.py
[2026-01-16T07:35:30.658+0000] {processor.py:830} INFO - Processing file /opt/airflow/dags/monitoring_retraining_dag.py for tasks to queue
[2026-01-16T07:35:30.660+0000] {logging_mixin.py:188} INFO - [2026-01-16T07:35:30.659+0000] {dagbag.py:545} INFO - Filling up the DagBag from /opt/airflow/dags/monitoring_retraining_dag.py
[2026-01-16T07:35:30.986+0000] {processor.py:840} INFO - DAG(s) 'monitoring_retraining_pipeline' retrieved from /opt/airflow/dags/monitoring_retraining_dag.py
[2026-01-16T07:35:31.023+0000] {logging_mixin.py:188} INFO - [2026-01-16T07:35:31.023+0000] {dag.py:3089} INFO - Sync 1 DAGs
[2026-01-16T07:35:31.047+0000] {logging_mixin.py:188} INFO - [2026-01-16T07:35:31.047+0000] {dag.py:3947} INFO - Setting next_dagrun for monitoring_retraining_pipeline to 2026-01-16 00:00:00+00:00, run_after=2026-01-17 00:00:00+00:00
[2026-01-16T07:35:31.068+0000] {processor.py:183} INFO - Processing /opt/airflow/dags/monitoring_retraining_dag.py took 0.419 seconds
[2026-01-16T07:36:01.335+0000] {processor.py:161} INFO - Started process (PID=620) to work on /opt/airflow/dags/monitoring_retraining_dag.py
[2026-01-16T07:36:01.337+0000] {processor.py:830} INFO - Processing file /opt/airflow/dags/monitoring_retraining_dag.py for tasks to queue
[2026-01-16T07:36:01.339+0000] {logging_mixin.py:188} INFO - [2026-01-16T07:36:01.339+0000] {dagbag.py:545} INFO - Filling up the DagBag from /opt/airflow/dags/monitoring_retraining_dag.py
[2026-01-16T07:36:01.660+0000] {processor.py:840} INFO - DAG(s) 'monitoring_retraining_pipeline' retrieved from /opt/airflow/dags/monitoring_retraining_dag.py
[2026-01-16T07:36:01.701+0000] {logging_mixin.py:188} INFO - [2026-01-16T07:36:01.701+0000] {dag.py:3089} INFO - Sync 1 DAGs
[2026-01-16T07:36:01.727+0000] {logging_mixin.py:188} INFO - [2026-01-16T07:36:01.726+0000] {dag.py:3947} INFO - Setting next_dagrun for monitoring_retraining_pipeline to 2026-01-16 00:00:00+00:00, run_after=2026-01-17 00:00:00+00:00
[2026-01-16T07:36:01.750+0000] {processor.py:183} INFO - Processing /opt/airflow/dags/monitoring_retraining_dag.py took 0.421 seconds
[2026-01-16T07:36:32.111+0000] {processor.py:161} INFO - Started process (PID=626) to work on /opt/airflow/dags/monitoring_retraining_dag.py
[2026-01-16T07:36:32.118+0000] {processor.py:830} INFO - Processing file /opt/airflow/dags/monitoring_retraining_dag.py for tasks to queue
[2026-01-16T07:36:32.127+0000] {logging_mixin.py:188} INFO - [2026-01-16T07:36:32.126+0000] {dagbag.py:545} INFO - Filling up the DagBag from /opt/airflow/dags/monitoring_retraining_dag.py
[2026-01-16T07:36:32.876+0000] {processor.py:840} INFO - DAG(s) 'monitoring_retraining_pipeline' retrieved from /opt/airflow/dags/monitoring_retraining_dag.py
[2026-01-16T07:36:32.918+0000] {logging_mixin.py:188} INFO - [2026-01-16T07:36:32.917+0000] {dag.py:3089} INFO - Sync 1 DAGs
[2026-01-16T07:36:32.946+0000] {logging_mixin.py:188} INFO - [2026-01-16T07:36:32.946+0000] {dag.py:3947} INFO - Setting next_dagrun for monitoring_retraining_pipeline to 2026-01-16 00:00:00+00:00, run_after=2026-01-17 00:00:00+00:00
[2026-01-16T07:36:32.967+0000] {processor.py:183} INFO - Processing /opt/airflow/dags/monitoring_retraining_dag.py took 0.880 seconds
[2026-01-16T07:37:03.324+0000] {processor.py:161} INFO - Started process (PID=632) to work on /opt/airflow/dags/monitoring_retraining_dag.py
[2026-01-16T07:37:03.326+0000] {processor.py:830} INFO - Processing file /opt/airflow/dags/monitoring_retraining_dag.py for tasks to queue
[2026-01-16T07:37:03.329+0000] {logging_mixin.py:188} INFO - [2026-01-16T07:37:03.328+0000] {dagbag.py:545} INFO - Filling up the DagBag from /opt/airflow/dags/monitoring_retraining_dag.py
[2026-01-16T07:37:03.649+0000] {processor.py:840} INFO - DAG(s) 'monitoring_retraining_pipeline' retrieved from /opt/airflow/dags/monitoring_retraining_dag.py
[2026-01-16T07:37:03.685+0000] {logging_mixin.py:188} INFO - [2026-01-16T07:37:03.684+0000] {dag.py:3089} INFO - Sync 1 DAGs
[2026-01-16T07:37:03.705+0000] {logging_mixin.py:188} INFO - [2026-01-16T07:37:03.705+0000] {dag.py:3947} INFO - Setting next_dagrun for monitoring_retraining_pipeline to 2026-01-16 00:00:00+00:00, run_after=2026-01-17 00:00:00+00:00
[2026-01-16T07:37:03.727+0000] {processor.py:183} INFO - Processing /opt/airflow/dags/monitoring_retraining_dag.py took 0.413 seconds
[2026-01-16T07:37:34.043+0000] {processor.py:161} INFO - Started process (PID=638) to work on /opt/airflow/dags/monitoring_retraining_dag.py
[2026-01-16T07:37:34.044+0000] {processor.py:830} INFO - Processing file /opt/airflow/dags/monitoring_retraining_dag.py for tasks to queue
[2026-01-16T07:37:34.047+0000] {logging_mixin.py:188} INFO - [2026-01-16T07:37:34.046+0000] {dagbag.py:545} INFO - Filling up the DagBag from /opt/airflow/dags/monitoring_retraining_dag.py
[2026-01-16T07:37:34.350+0000] {processor.py:840} INFO - DAG(s) 'monitoring_retraining_pipeline' retrieved from /opt/airflow/dags/monitoring_retraining_dag.py
[2026-01-16T07:37:34.384+0000] {logging_mixin.py:188} INFO - [2026-01-16T07:37:34.384+0000] {dag.py:3089} INFO - Sync 1 DAGs
[2026-01-16T07:37:34.407+0000] {logging_mixin.py:188} INFO - [2026-01-16T07:37:34.407+0000] {dag.py:3947} INFO - Setting next_dagrun for monitoring_retraining_pipeline to 2026-01-16 00:00:00+00:00, run_after=2026-01-17 00:00:00+00:00
[2026-01-16T07:37:34.428+0000] {processor.py:183} INFO - Processing /opt/airflow/dags/monitoring_retraining_dag.py took 0.391 seconds
[2026-01-16T07:38:04.693+0000] {processor.py:161} INFO - Started process (PID=644) to work on /opt/airflow/dags/monitoring_retraining_dag.py
[2026-01-16T07:38:04.695+0000] {processor.py:830} INFO - Processing file /opt/airflow/dags/monitoring_retraining_dag.py for tasks to queue
[2026-01-16T07:38:04.698+0000] {logging_mixin.py:188} INFO - [2026-01-16T07:38:04.698+0000] {dagbag.py:545} INFO - Filling up the DagBag from /opt/airflow/dags/monitoring_retraining_dag.py
[2026-01-16T07:38:05.018+0000] {processor.py:840} INFO - DAG(s) 'monitoring_retraining_pipeline' retrieved from /opt/airflow/dags/monitoring_retraining_dag.py
[2026-01-16T07:38:05.062+0000] {logging_mixin.py:188} INFO - [2026-01-16T07:38:05.062+0000] {dag.py:3089} INFO - Sync 1 DAGs
[2026-01-16T07:38:05.087+0000] {logging_mixin.py:188} INFO - [2026-01-16T07:38:05.086+0000] {dag.py:3947} INFO - Setting next_dagrun for monitoring_retraining_pipeline to 2026-01-16 00:00:00+00:00, run_after=2026-01-17 00:00:00+00:00
[2026-01-16T07:38:05.111+0000] {processor.py:183} INFO - Processing /opt/airflow/dags/monitoring_retraining_dag.py took 0.427 seconds
[2026-01-16T07:38:35.373+0000] {processor.py:161} INFO - Started process (PID=650) to work on /opt/airflow/dags/monitoring_retraining_dag.py
[2026-01-16T07:38:35.374+0000] {processor.py:830} INFO - Processing file /opt/airflow/dags/monitoring_retraining_dag.py for tasks to queue
[2026-01-16T07:38:35.377+0000] {logging_mixin.py:188} INFO - [2026-01-16T07:38:35.377+0000] {dagbag.py:545} INFO - Filling up the DagBag from /opt/airflow/dags/monitoring_retraining_dag.py
[2026-01-16T07:38:35.713+0000] {processor.py:840} INFO - DAG(s) 'monitoring_retraining_pipeline' retrieved from /opt/airflow/dags/monitoring_retraining_dag.py
[2026-01-16T07:38:35.753+0000] {logging_mixin.py:188} INFO - [2026-01-16T07:38:35.752+0000] {dag.py:3089} INFO - Sync 1 DAGs
[2026-01-16T07:38:35.778+0000] {logging_mixin.py:188} INFO - [2026-01-16T07:38:35.777+0000] {dag.py:3947} INFO - Setting next_dagrun for monitoring_retraining_pipeline to 2026-01-16 00:00:00+00:00, run_after=2026-01-17 00:00:00+00:00
[2026-01-16T07:38:35.802+0000] {processor.py:183} INFO - Processing /opt/airflow/dags/monitoring_retraining_dag.py took 0.436 seconds
[2026-01-16T07:39:06.062+0000] {processor.py:161} INFO - Started process (PID=656) to work on /opt/airflow/dags/monitoring_retraining_dag.py
[2026-01-16T07:39:06.064+0000] {processor.py:830} INFO - Processing file /opt/airflow/dags/monitoring_retraining_dag.py for tasks to queue
[2026-01-16T07:39:06.066+0000] {logging_mixin.py:188} INFO - [2026-01-16T07:39:06.066+0000] {dagbag.py:545} INFO - Filling up the DagBag from /opt/airflow/dags/monitoring_retraining_dag.py
[2026-01-16T07:39:06.390+0000] {processor.py:840} INFO - DAG(s) 'monitoring_retraining_pipeline' retrieved from /opt/airflow/dags/monitoring_retraining_dag.py
[2026-01-16T07:39:06.429+0000] {logging_mixin.py:188} INFO - [2026-01-16T07:39:06.429+0000] {dag.py:3089} INFO - Sync 1 DAGs
[2026-01-16T07:39:06.453+0000] {logging_mixin.py:188} INFO - [2026-01-16T07:39:06.453+0000] {dag.py:3947} INFO - Setting next_dagrun for monitoring_retraining_pipeline to 2026-01-16 00:00:00+00:00, run_after=2026-01-17 00:00:00+00:00
[2026-01-16T07:39:06.474+0000] {processor.py:183} INFO - Processing /opt/airflow/dags/monitoring_retraining_dag.py took 0.419 seconds
[2026-01-16T07:39:36.748+0000] {processor.py:161} INFO - Started process (PID=662) to work on /opt/airflow/dags/monitoring_retraining_dag.py
[2026-01-16T07:39:36.750+0000] {processor.py:830} INFO - Processing file /opt/airflow/dags/monitoring_retraining_dag.py for tasks to queue
[2026-01-16T07:39:36.752+0000] {logging_mixin.py:188} INFO - [2026-01-16T07:39:36.752+0000] {dagbag.py:545} INFO - Filling up the DagBag from /opt/airflow/dags/monitoring_retraining_dag.py
[2026-01-16T07:39:37.084+0000] {processor.py:840} INFO - DAG(s) 'monitoring_retraining_pipeline' retrieved from /opt/airflow/dags/monitoring_retraining_dag.py
[2026-01-16T07:39:37.121+0000] {logging_mixin.py:188} INFO - [2026-01-16T07:39:37.120+0000] {dag.py:3089} INFO - Sync 1 DAGs
[2026-01-16T07:39:37.142+0000] {logging_mixin.py:188} INFO - [2026-01-16T07:39:37.142+0000] {dag.py:3947} INFO - Setting next_dagrun for monitoring_retraining_pipeline to 2026-01-16 00:00:00+00:00, run_after=2026-01-17 00:00:00+00:00
[2026-01-16T07:39:37.164+0000] {processor.py:183} INFO - Processing /opt/airflow/dags/monitoring_retraining_dag.py took 0.424 seconds
[2026-01-16T07:40:07.436+0000] {processor.py:161} INFO - Started process (PID=668) to work on /opt/airflow/dags/monitoring_retraining_dag.py
[2026-01-16T07:40:07.438+0000] {processor.py:830} INFO - Processing file /opt/airflow/dags/monitoring_retraining_dag.py for tasks to queue
[2026-01-16T07:40:07.440+0000] {logging_mixin.py:188} INFO - [2026-01-16T07:40:07.440+0000] {dagbag.py:545} INFO - Filling up the DagBag from /opt/airflow/dags/monitoring_retraining_dag.py
[2026-01-16T07:40:07.756+0000] {processor.py:840} INFO - DAG(s) 'monitoring_retraining_pipeline' retrieved from /opt/airflow/dags/monitoring_retraining_dag.py
[2026-01-16T07:40:07.789+0000] {logging_mixin.py:188} INFO - [2026-01-16T07:40:07.789+0000] {dag.py:3089} INFO - Sync 1 DAGs
[2026-01-16T07:40:07.810+0000] {logging_mixin.py:188} INFO - [2026-01-16T07:40:07.810+0000] {dag.py:3947} INFO - Setting next_dagrun for monitoring_retraining_pipeline to 2026-01-16 00:00:00+00:00, run_after=2026-01-17 00:00:00+00:00
[2026-01-16T07:40:07.832+0000] {processor.py:183} INFO - Processing /opt/airflow/dags/monitoring_retraining_dag.py took 0.408 seconds
[2026-01-16T07:40:38.101+0000] {processor.py:161} INFO - Started process (PID=674) to work on /opt/airflow/dags/monitoring_retraining_dag.py
[2026-01-16T07:40:38.102+0000] {processor.py:830} INFO - Processing file /opt/airflow/dags/monitoring_retraining_dag.py for tasks to queue
[2026-01-16T07:40:38.105+0000] {logging_mixin.py:188} INFO - [2026-01-16T07:40:38.104+0000] {dagbag.py:545} INFO - Filling up the DagBag from /opt/airflow/dags/monitoring_retraining_dag.py
[2026-01-16T07:40:38.439+0000] {processor.py:840} INFO - DAG(s) 'monitoring_retraining_pipeline' retrieved from /opt/airflow/dags/monitoring_retraining_dag.py
[2026-01-16T07:40:38.480+0000] {logging_mixin.py:188} INFO - [2026-01-16T07:40:38.479+0000] {dag.py:3089} INFO - Sync 1 DAGs
[2026-01-16T07:40:38.502+0000] {logging_mixin.py:188} INFO - [2026-01-16T07:40:38.502+0000] {dag.py:3947} INFO - Setting next_dagrun for monitoring_retraining_pipeline to 2026-01-16 00:00:00+00:00, run_after=2026-01-17 00:00:00+00:00
[2026-01-16T07:40:38.524+0000] {processor.py:183} INFO - Processing /opt/airflow/dags/monitoring_retraining_dag.py took 0.430 seconds
[2026-01-16T07:41:08.779+0000] {processor.py:161} INFO - Started process (PID=680) to work on /opt/airflow/dags/monitoring_retraining_dag.py
[2026-01-16T07:41:08.780+0000] {processor.py:830} INFO - Processing file /opt/airflow/dags/monitoring_retraining_dag.py for tasks to queue
[2026-01-16T07:41:08.783+0000] {logging_mixin.py:188} INFO - [2026-01-16T07:41:08.783+0000] {dagbag.py:545} INFO - Filling up the DagBag from /opt/airflow/dags/monitoring_retraining_dag.py
[2026-01-16T07:41:09.080+0000] {processor.py:840} INFO - DAG(s) 'monitoring_retraining_pipeline' retrieved from /opt/airflow/dags/monitoring_retraining_dag.py
[2026-01-16T07:41:09.115+0000] {logging_mixin.py:188} INFO - [2026-01-16T07:41:09.115+0000] {dag.py:3089} INFO - Sync 1 DAGs
[2026-01-16T07:41:09.137+0000] {logging_mixin.py:188} INFO - [2026-01-16T07:41:09.137+0000] {dag.py:3947} INFO - Setting next_dagrun for monitoring_retraining_pipeline to 2026-01-16 00:00:00+00:00, run_after=2026-01-17 00:00:00+00:00
[2026-01-16T07:41:09.158+0000] {processor.py:183} INFO - Processing /opt/airflow/dags/monitoring_retraining_dag.py took 0.386 seconds
[2026-01-16T07:41:39.442+0000] {processor.py:161} INFO - Started process (PID=686) to work on /opt/airflow/dags/monitoring_retraining_dag.py
[2026-01-16T07:41:39.444+0000] {processor.py:830} INFO - Processing file /opt/airflow/dags/monitoring_retraining_dag.py for tasks to queue
[2026-01-16T07:41:39.447+0000] {logging_mixin.py:188} INFO - [2026-01-16T07:41:39.447+0000] {dagbag.py:545} INFO - Filling up the DagBag from /opt/airflow/dags/monitoring_retraining_dag.py
[2026-01-16T07:41:39.774+0000] {processor.py:840} INFO - DAG(s) 'monitoring_retraining_pipeline' retrieved from /opt/airflow/dags/monitoring_retraining_dag.py
[2026-01-16T07:41:39.810+0000] {logging_mixin.py:188} INFO - [2026-01-16T07:41:39.810+0000] {dag.py:3089} INFO - Sync 1 DAGs
[2026-01-16T07:41:39.836+0000] {logging_mixin.py:188} INFO - [2026-01-16T07:41:39.836+0000] {dag.py:3947} INFO - Setting next_dagrun for monitoring_retraining_pipeline to 2026-01-16 00:00:00+00:00, run_after=2026-01-17 00:00:00+00:00
[2026-01-16T07:41:39.859+0000] {processor.py:183} INFO - Processing /opt/airflow/dags/monitoring_retraining_dag.py took 0.425 seconds
[2026-01-16T07:42:10.166+0000] {processor.py:161} INFO - Started process (PID=692) to work on /opt/airflow/dags/monitoring_retraining_dag.py
[2026-01-16T07:42:10.168+0000] {processor.py:830} INFO - Processing file /opt/airflow/dags/monitoring_retraining_dag.py for tasks to queue
[2026-01-16T07:42:10.171+0000] {logging_mixin.py:188} INFO - [2026-01-16T07:42:10.171+0000] {dagbag.py:545} INFO - Filling up the DagBag from /opt/airflow/dags/monitoring_retraining_dag.py
[2026-01-16T07:42:10.483+0000] {processor.py:840} INFO - DAG(s) 'monitoring_retraining_pipeline' retrieved from /opt/airflow/dags/monitoring_retraining_dag.py
[2026-01-16T07:42:10.516+0000] {logging_mixin.py:188} INFO - [2026-01-16T07:42:10.516+0000] {dag.py:3089} INFO - Sync 1 DAGs
[2026-01-16T07:42:10.537+0000] {logging_mixin.py:188} INFO - [2026-01-16T07:42:10.537+0000] {dag.py:3947} INFO - Setting next_dagrun for monitoring_retraining_pipeline to 2026-01-16 00:00:00+00:00, run_after=2026-01-17 00:00:00+00:00
[2026-01-16T07:42:10.560+0000] {processor.py:183} INFO - Processing /opt/airflow/dags/monitoring_retraining_dag.py took 0.400 seconds
[2026-01-16T07:42:40.850+0000] {processor.py:161} INFO - Started process (PID=698) to work on /opt/airflow/dags/monitoring_retraining_dag.py
[2026-01-16T07:42:40.852+0000] {processor.py:830} INFO - Processing file /opt/airflow/dags/monitoring_retraining_dag.py for tasks to queue
[2026-01-16T07:42:40.854+0000] {logging_mixin.py:188} INFO - [2026-01-16T07:42:40.854+0000] {dagbag.py:545} INFO - Filling up the DagBag from /opt/airflow/dags/monitoring_retraining_dag.py
[2026-01-16T07:42:41.196+0000] {processor.py:840} INFO - DAG(s) 'monitoring_retraining_pipeline' retrieved from /opt/airflow/dags/monitoring_retraining_dag.py
[2026-01-16T07:42:41.232+0000] {logging_mixin.py:188} INFO - [2026-01-16T07:42:41.231+0000] {dag.py:3089} INFO - Sync 1 DAGs
[2026-01-16T07:42:41.256+0000] {logging_mixin.py:188} INFO - [2026-01-16T07:42:41.255+0000] {dag.py:3947} INFO - Setting next_dagrun for monitoring_retraining_pipeline to 2026-01-16 00:00:00+00:00, run_after=2026-01-17 00:00:00+00:00
[2026-01-16T07:42:41.277+0000] {processor.py:183} INFO - Processing /opt/airflow/dags/monitoring_retraining_dag.py took 0.435 seconds
[2026-01-16T07:43:11.583+0000] {processor.py:161} INFO - Started process (PID=704) to work on /opt/airflow/dags/monitoring_retraining_dag.py
[2026-01-16T07:43:11.584+0000] {processor.py:830} INFO - Processing file /opt/airflow/dags/monitoring_retraining_dag.py for tasks to queue
[2026-01-16T07:43:11.587+0000] {logging_mixin.py:188} INFO - [2026-01-16T07:43:11.587+0000] {dagbag.py:545} INFO - Filling up the DagBag from /opt/airflow/dags/monitoring_retraining_dag.py
[2026-01-16T07:43:11.891+0000] {processor.py:840} INFO - DAG(s) 'monitoring_retraining_pipeline' retrieved from /opt/airflow/dags/monitoring_retraining_dag.py
[2026-01-16T07:43:11.927+0000] {logging_mixin.py:188} INFO - [2026-01-16T07:43:11.927+0000] {dag.py:3089} INFO - Sync 1 DAGs
[2026-01-16T07:43:11.953+0000] {logging_mixin.py:188} INFO - [2026-01-16T07:43:11.953+0000] {dag.py:3947} INFO - Setting next_dagrun for monitoring_retraining_pipeline to 2026-01-16 00:00:00+00:00, run_after=2026-01-17 00:00:00+00:00
[2026-01-16T07:43:11.975+0000] {processor.py:183} INFO - Processing /opt/airflow/dags/monitoring_retraining_dag.py took 0.400 seconds
[2026-01-16T07:43:42.224+0000] {processor.py:161} INFO - Started process (PID=710) to work on /opt/airflow/dags/monitoring_retraining_dag.py
[2026-01-16T07:43:42.226+0000] {processor.py:830} INFO - Processing file /opt/airflow/dags/monitoring_retraining_dag.py for tasks to queue
[2026-01-16T07:43:42.229+0000] {logging_mixin.py:188} INFO - [2026-01-16T07:43:42.229+0000] {dagbag.py:545} INFO - Filling up the DagBag from /opt/airflow/dags/monitoring_retraining_dag.py
[2026-01-16T07:43:43.050+0000] {processor.py:840} INFO - DAG(s) 'monitoring_retraining_pipeline' retrieved from /opt/airflow/dags/monitoring_retraining_dag.py
[2026-01-16T07:43:43.109+0000] {logging_mixin.py:188} INFO - [2026-01-16T07:43:43.108+0000] {dag.py:3089} INFO - Sync 1 DAGs
[2026-01-16T07:43:43.133+0000] {logging_mixin.py:188} INFO - [2026-01-16T07:43:43.133+0000] {dag.py:3947} INFO - Setting next_dagrun for monitoring_retraining_pipeline to 2026-01-16 00:00:00+00:00, run_after=2026-01-17 00:00:00+00:00
[2026-01-16T07:43:43.180+0000] {processor.py:183} INFO - Processing /opt/airflow/dags/monitoring_retraining_dag.py took 0.963 seconds
[2026-01-16T07:44:13.545+0000] {processor.py:161} INFO - Started process (PID=716) to work on /opt/airflow/dags/monitoring_retraining_dag.py
[2026-01-16T07:44:13.548+0000] {processor.py:830} INFO - Processing file /opt/airflow/dags/monitoring_retraining_dag.py for tasks to queue
[2026-01-16T07:44:13.552+0000] {logging_mixin.py:188} INFO - [2026-01-16T07:44:13.551+0000] {dagbag.py:545} INFO - Filling up the DagBag from /opt/airflow/dags/monitoring_retraining_dag.py
[2026-01-16T07:44:13.865+0000] {processor.py:840} INFO - DAG(s) 'monitoring_retraining_pipeline' retrieved from /opt/airflow/dags/monitoring_retraining_dag.py
[2026-01-16T07:44:13.906+0000] {logging_mixin.py:188} INFO - [2026-01-16T07:44:13.905+0000] {dag.py:3089} INFO - Sync 1 DAGs
[2026-01-16T07:44:13.928+0000] {logging_mixin.py:188} INFO - [2026-01-16T07:44:13.928+0000] {dag.py:3947} INFO - Setting next_dagrun for monitoring_retraining_pipeline to 2026-01-16 00:00:00+00:00, run_after=2026-01-17 00:00:00+00:00
[2026-01-16T07:44:13.950+0000] {processor.py:183} INFO - Processing /opt/airflow/dags/monitoring_retraining_dag.py took 0.425 seconds
[2026-01-16T07:44:44.182+0000] {processor.py:161} INFO - Started process (PID=722) to work on /opt/airflow/dags/monitoring_retraining_dag.py
[2026-01-16T07:44:44.183+0000] {processor.py:830} INFO - Processing file /opt/airflow/dags/monitoring_retraining_dag.py for tasks to queue
[2026-01-16T07:44:44.186+0000] {logging_mixin.py:188} INFO - [2026-01-16T07:44:44.185+0000] {dagbag.py:545} INFO - Filling up the DagBag from /opt/airflow/dags/monitoring_retraining_dag.py
[2026-01-16T07:44:44.513+0000] {processor.py:840} INFO - DAG(s) 'monitoring_retraining_pipeline' retrieved from /opt/airflow/dags/monitoring_retraining_dag.py
[2026-01-16T07:44:44.546+0000] {logging_mixin.py:188} INFO - [2026-01-16T07:44:44.546+0000] {dag.py:3089} INFO - Sync 1 DAGs
[2026-01-16T07:44:44.568+0000] {logging_mixin.py:188} INFO - [2026-01-16T07:44:44.568+0000] {dag.py:3947} INFO - Setting next_dagrun for monitoring_retraining_pipeline to 2026-01-16 00:00:00+00:00, run_after=2026-01-17 00:00:00+00:00
[2026-01-16T07:44:44.587+0000] {processor.py:183} INFO - Processing /opt/airflow/dags/monitoring_retraining_dag.py took 0.415 seconds
[2026-01-16T07:45:14.771+0000] {processor.py:161} INFO - Started process (PID=728) to work on /opt/airflow/dags/monitoring_retraining_dag.py
[2026-01-16T07:45:14.773+0000] {processor.py:830} INFO - Processing file /opt/airflow/dags/monitoring_retraining_dag.py for tasks to queue
[2026-01-16T07:45:14.776+0000] {logging_mixin.py:188} INFO - [2026-01-16T07:45:14.776+0000] {dagbag.py:545} INFO - Filling up the DagBag from /opt/airflow/dags/monitoring_retraining_dag.py
[2026-01-16T07:45:15.141+0000] {processor.py:840} INFO - DAG(s) 'monitoring_retraining_pipeline' retrieved from /opt/airflow/dags/monitoring_retraining_dag.py
[2026-01-16T07:45:15.184+0000] {logging_mixin.py:188} INFO - [2026-01-16T07:45:15.183+0000] {dag.py:3089} INFO - Sync 1 DAGs
[2026-01-16T07:45:15.211+0000] {logging_mixin.py:188} INFO - [2026-01-16T07:45:15.211+0000] {dag.py:3947} INFO - Setting next_dagrun for monitoring_retraining_pipeline to 2026-01-16 00:00:00+00:00, run_after=2026-01-17 00:00:00+00:00
[2026-01-16T07:45:15.236+0000] {processor.py:183} INFO - Processing /opt/airflow/dags/monitoring_retraining_dag.py took 0.474 seconds
[2026-01-16T07:45:45.523+0000] {processor.py:161} INFO - Started process (PID=734) to work on /opt/airflow/dags/monitoring_retraining_dag.py
[2026-01-16T07:45:45.525+0000] {processor.py:830} INFO - Processing file /opt/airflow/dags/monitoring_retraining_dag.py for tasks to queue
[2026-01-16T07:45:45.529+0000] {logging_mixin.py:188} INFO - [2026-01-16T07:45:45.528+0000] {dagbag.py:545} INFO - Filling up the DagBag from /opt/airflow/dags/monitoring_retraining_dag.py
[2026-01-16T07:45:45.918+0000] {processor.py:840} INFO - DAG(s) 'monitoring_retraining_pipeline' retrieved from /opt/airflow/dags/monitoring_retraining_dag.py
[2026-01-16T07:45:45.960+0000] {logging_mixin.py:188} INFO - [2026-01-16T07:45:45.959+0000] {dag.py:3089} INFO - Sync 1 DAGs
[2026-01-16T07:45:45.987+0000] {logging_mixin.py:188} INFO - [2026-01-16T07:45:45.987+0000] {dag.py:3947} INFO - Setting next_dagrun for monitoring_retraining_pipeline to 2026-01-16 00:00:00+00:00, run_after=2026-01-17 00:00:00+00:00
[2026-01-16T07:45:46.012+0000] {processor.py:183} INFO - Processing /opt/airflow/dags/monitoring_retraining_dag.py took 0.498 seconds
[2026-01-16T07:46:16.213+0000] {processor.py:161} INFO - Started process (PID=740) to work on /opt/airflow/dags/monitoring_retraining_dag.py
[2026-01-16T07:46:16.214+0000] {processor.py:830} INFO - Processing file /opt/airflow/dags/monitoring_retraining_dag.py for tasks to queue
[2026-01-16T07:46:16.216+0000] {logging_mixin.py:188} INFO - [2026-01-16T07:46:16.216+0000] {dagbag.py:545} INFO - Filling up the DagBag from /opt/airflow/dags/monitoring_retraining_dag.py
[2026-01-16T07:46:16.551+0000] {processor.py:840} INFO - DAG(s) 'monitoring_retraining_pipeline' retrieved from /opt/airflow/dags/monitoring_retraining_dag.py
[2026-01-16T07:46:16.586+0000] {logging_mixin.py:188} INFO - [2026-01-16T07:46:16.586+0000] {dag.py:3089} INFO - Sync 1 DAGs
[2026-01-16T07:46:16.607+0000] {logging_mixin.py:188} INFO - [2026-01-16T07:46:16.607+0000] {dag.py:3947} INFO - Setting next_dagrun for monitoring_retraining_pipeline to 2026-01-16 00:00:00+00:00, run_after=2026-01-17 00:00:00+00:00
[2026-01-16T07:46:16.628+0000] {processor.py:183} INFO - Processing /opt/airflow/dags/monitoring_retraining_dag.py took 0.422 seconds
[2026-01-16T07:46:46.867+0000] {processor.py:161} INFO - Started process (PID=746) to work on /opt/airflow/dags/monitoring_retraining_dag.py
[2026-01-16T07:46:46.868+0000] {processor.py:830} INFO - Processing file /opt/airflow/dags/monitoring_retraining_dag.py for tasks to queue
[2026-01-16T07:46:46.870+0000] {logging_mixin.py:188} INFO - [2026-01-16T07:46:46.870+0000] {dagbag.py:545} INFO - Filling up the DagBag from /opt/airflow/dags/monitoring_retraining_dag.py
[2026-01-16T07:46:47.175+0000] {processor.py:840} INFO - DAG(s) 'monitoring_retraining_pipeline' retrieved from /opt/airflow/dags/monitoring_retraining_dag.py
[2026-01-16T07:46:47.209+0000] {logging_mixin.py:188} INFO - [2026-01-16T07:46:47.209+0000] {dag.py:3089} INFO - Sync 1 DAGs
[2026-01-16T07:46:47.237+0000] {logging_mixin.py:188} INFO - [2026-01-16T07:46:47.236+0000] {dag.py:3947} INFO - Setting next_dagrun for monitoring_retraining_pipeline to 2026-01-16 00:00:00+00:00, run_after=2026-01-17 00:00:00+00:00
[2026-01-16T07:46:47.260+0000] {processor.py:183} INFO - Processing /opt/airflow/dags/monitoring_retraining_dag.py took 0.400 seconds
[2026-01-16T07:47:17.535+0000] {processor.py:161} INFO - Started process (PID=752) to work on /opt/airflow/dags/monitoring_retraining_dag.py
[2026-01-16T07:47:17.537+0000] {processor.py:830} INFO - Processing file /opt/airflow/dags/monitoring_retraining_dag.py for tasks to queue
[2026-01-16T07:47:17.540+0000] {logging_mixin.py:188} INFO - [2026-01-16T07:47:17.539+0000] {dagbag.py:545} INFO - Filling up the DagBag from /opt/airflow/dags/monitoring_retraining_dag.py
[2026-01-16T07:47:17.829+0000] {processor.py:840} INFO - DAG(s) 'monitoring_retraining_pipeline' retrieved from /opt/airflow/dags/monitoring_retraining_dag.py
[2026-01-16T07:47:17.866+0000] {logging_mixin.py:188} INFO - [2026-01-16T07:47:17.866+0000] {dag.py:3089} INFO - Sync 1 DAGs
[2026-01-16T07:47:17.888+0000] {logging_mixin.py:188} INFO - [2026-01-16T07:47:17.888+0000] {dag.py:3947} INFO - Setting next_dagrun for monitoring_retraining_pipeline to 2026-01-16 00:00:00+00:00, run_after=2026-01-17 00:00:00+00:00
[2026-01-16T07:47:17.907+0000] {processor.py:183} INFO - Processing /opt/airflow/dags/monitoring_retraining_dag.py took 0.380 seconds
[2026-01-16T07:47:48.144+0000] {processor.py:161} INFO - Started process (PID=758) to work on /opt/airflow/dags/monitoring_retraining_dag.py
[2026-01-16T07:47:48.146+0000] {processor.py:830} INFO - Processing file /opt/airflow/dags/monitoring_retraining_dag.py for tasks to queue
[2026-01-16T07:47:48.150+0000] {logging_mixin.py:188} INFO - [2026-01-16T07:47:48.149+0000] {dagbag.py:545} INFO - Filling up the DagBag from /opt/airflow/dags/monitoring_retraining_dag.py
[2026-01-16T07:47:48.491+0000] {processor.py:840} INFO - DAG(s) 'monitoring_retraining_pipeline' retrieved from /opt/airflow/dags/monitoring_retraining_dag.py
[2026-01-16T07:47:48.527+0000] {logging_mixin.py:188} INFO - [2026-01-16T07:47:48.526+0000] {dag.py:3089} INFO - Sync 1 DAGs
[2026-01-16T07:47:48.548+0000] {logging_mixin.py:188} INFO - [2026-01-16T07:47:48.548+0000] {dag.py:3947} INFO - Setting next_dagrun for monitoring_retraining_pipeline to 2026-01-16 00:00:00+00:00, run_after=2026-01-17 00:00:00+00:00
[2026-01-16T07:47:48.570+0000] {processor.py:183} INFO - Processing /opt/airflow/dags/monitoring_retraining_dag.py took 0.437 seconds
[2026-01-16T07:48:18.835+0000] {processor.py:161} INFO - Started process (PID=764) to work on /opt/airflow/dags/monitoring_retraining_dag.py
[2026-01-16T07:48:18.839+0000] {processor.py:830} INFO - Processing file /opt/airflow/dags/monitoring_retraining_dag.py for tasks to queue
[2026-01-16T07:48:18.844+0000] {logging_mixin.py:188} INFO - [2026-01-16T07:48:18.843+0000] {dagbag.py:545} INFO - Filling up the DagBag from /opt/airflow/dags/monitoring_retraining_dag.py
[2026-01-16T07:48:19.176+0000] {processor.py:840} INFO - DAG(s) 'monitoring_retraining_pipeline' retrieved from /opt/airflow/dags/monitoring_retraining_dag.py
[2026-01-16T07:48:19.216+0000] {logging_mixin.py:188} INFO - [2026-01-16T07:48:19.215+0000] {dag.py:3089} INFO - Sync 1 DAGs
[2026-01-16T07:48:19.242+0000] {logging_mixin.py:188} INFO - [2026-01-16T07:48:19.242+0000] {dag.py:3947} INFO - Setting next_dagrun for monitoring_retraining_pipeline to 2026-01-16 00:00:00+00:00, run_after=2026-01-17 00:00:00+00:00
[2026-01-16T07:48:19.265+0000] {processor.py:183} INFO - Processing /opt/airflow/dags/monitoring_retraining_dag.py took 0.438 seconds
[2026-01-16T07:48:49.517+0000] {processor.py:161} INFO - Started process (PID=770) to work on /opt/airflow/dags/monitoring_retraining_dag.py
[2026-01-16T07:48:49.520+0000] {processor.py:830} INFO - Processing file /opt/airflow/dags/monitoring_retraining_dag.py for tasks to queue
[2026-01-16T07:48:49.524+0000] {logging_mixin.py:188} INFO - [2026-01-16T07:48:49.523+0000] {dagbag.py:545} INFO - Filling up the DagBag from /opt/airflow/dags/monitoring_retraining_dag.py
[2026-01-16T07:48:49.865+0000] {processor.py:840} INFO - DAG(s) 'monitoring_retraining_pipeline' retrieved from /opt/airflow/dags/monitoring_retraining_dag.py
[2026-01-16T07:48:49.898+0000] {logging_mixin.py:188} INFO - [2026-01-16T07:48:49.898+0000] {dag.py:3089} INFO - Sync 1 DAGs
[2026-01-16T07:48:49.920+0000] {logging_mixin.py:188} INFO - [2026-01-16T07:48:49.919+0000] {dag.py:3947} INFO - Setting next_dagrun for monitoring_retraining_pipeline to 2026-01-16 00:00:00+00:00, run_after=2026-01-17 00:00:00+00:00
[2026-01-16T07:48:49.939+0000] {processor.py:183} INFO - Processing /opt/airflow/dags/monitoring_retraining_dag.py took 0.435 seconds
[2026-01-16T07:49:20.162+0000] {processor.py:161} INFO - Started process (PID=776) to work on /opt/airflow/dags/monitoring_retraining_dag.py
[2026-01-16T07:49:20.163+0000] {processor.py:830} INFO - Processing file /opt/airflow/dags/monitoring_retraining_dag.py for tasks to queue
[2026-01-16T07:49:20.165+0000] {logging_mixin.py:188} INFO - [2026-01-16T07:49:20.165+0000] {dagbag.py:545} INFO - Filling up the DagBag from /opt/airflow/dags/monitoring_retraining_dag.py
[2026-01-16T07:49:20.485+0000] {processor.py:840} INFO - DAG(s) 'monitoring_retraining_pipeline' retrieved from /opt/airflow/dags/monitoring_retraining_dag.py
[2026-01-16T07:49:20.520+0000] {logging_mixin.py:188} INFO - [2026-01-16T07:49:20.520+0000] {dag.py:3089} INFO - Sync 1 DAGs
[2026-01-16T07:49:20.541+0000] {logging_mixin.py:188} INFO - [2026-01-16T07:49:20.541+0000] {dag.py:3947} INFO - Setting next_dagrun for monitoring_retraining_pipeline to 2026-01-16 00:00:00+00:00, run_after=2026-01-17 00:00:00+00:00
[2026-01-16T07:49:20.562+0000] {processor.py:183} INFO - Processing /opt/airflow/dags/monitoring_retraining_dag.py took 0.407 seconds
[2026-01-16T07:49:50.812+0000] {processor.py:161} INFO - Started process (PID=782) to work on /opt/airflow/dags/monitoring_retraining_dag.py
[2026-01-16T07:49:50.813+0000] {processor.py:830} INFO - Processing file /opt/airflow/dags/monitoring_retraining_dag.py for tasks to queue
[2026-01-16T07:49:50.817+0000] {logging_mixin.py:188} INFO - [2026-01-16T07:49:50.816+0000] {dagbag.py:545} INFO - Filling up the DagBag from /opt/airflow/dags/monitoring_retraining_dag.py
[2026-01-16T07:49:51.177+0000] {processor.py:840} INFO - DAG(s) 'monitoring_retraining_pipeline' retrieved from /opt/airflow/dags/monitoring_retraining_dag.py
[2026-01-16T07:49:51.216+0000] {logging_mixin.py:188} INFO - [2026-01-16T07:49:51.216+0000] {dag.py:3089} INFO - Sync 1 DAGs
[2026-01-16T07:49:51.239+0000] {logging_mixin.py:188} INFO - [2026-01-16T07:49:51.239+0000] {dag.py:3947} INFO - Setting next_dagrun for monitoring_retraining_pipeline to 2026-01-16 00:00:00+00:00, run_after=2026-01-17 00:00:00+00:00
[2026-01-16T07:49:51.261+0000] {processor.py:183} INFO - Processing /opt/airflow/dags/monitoring_retraining_dag.py took 0.461 seconds
[2026-01-16T07:50:21.539+0000] {processor.py:161} INFO - Started process (PID=788) to work on /opt/airflow/dags/monitoring_retraining_dag.py
[2026-01-16T07:50:21.540+0000] {processor.py:830} INFO - Processing file /opt/airflow/dags/monitoring_retraining_dag.py for tasks to queue
[2026-01-16T07:50:21.543+0000] {logging_mixin.py:188} INFO - [2026-01-16T07:50:21.543+0000] {dagbag.py:545} INFO - Filling up the DagBag from /opt/airflow/dags/monitoring_retraining_dag.py
[2026-01-16T07:50:21.865+0000] {processor.py:840} INFO - DAG(s) 'monitoring_retraining_pipeline' retrieved from /opt/airflow/dags/monitoring_retraining_dag.py
[2026-01-16T07:50:21.901+0000] {logging_mixin.py:188} INFO - [2026-01-16T07:50:21.901+0000] {dag.py:3089} INFO - Sync 1 DAGs
[2026-01-16T07:50:21.923+0000] {logging_mixin.py:188} INFO - [2026-01-16T07:50:21.923+0000] {dag.py:3947} INFO - Setting next_dagrun for monitoring_retraining_pipeline to 2026-01-16 00:00:00+00:00, run_after=2026-01-17 00:00:00+00:00
[2026-01-16T07:50:21.943+0000] {processor.py:183} INFO - Processing /opt/airflow/dags/monitoring_retraining_dag.py took 0.414 seconds
[2026-01-16T07:50:52.162+0000] {processor.py:161} INFO - Started process (PID=794) to work on /opt/airflow/dags/monitoring_retraining_dag.py
[2026-01-16T07:50:52.164+0000] {processor.py:830} INFO - Processing file /opt/airflow/dags/monitoring_retraining_dag.py for tasks to queue
[2026-01-16T07:50:52.167+0000] {logging_mixin.py:188} INFO - [2026-01-16T07:50:52.166+0000] {dagbag.py:545} INFO - Filling up the DagBag from /opt/airflow/dags/monitoring_retraining_dag.py
[2026-01-16T07:50:52.476+0000] {processor.py:840} INFO - DAG(s) 'monitoring_retraining_pipeline' retrieved from /opt/airflow/dags/monitoring_retraining_dag.py
[2026-01-16T07:50:52.512+0000] {logging_mixin.py:188} INFO - [2026-01-16T07:50:52.511+0000] {dag.py:3089} INFO - Sync 1 DAGs
[2026-01-16T07:50:52.535+0000] {logging_mixin.py:188} INFO - [2026-01-16T07:50:52.535+0000] {dag.py:3947} INFO - Setting next_dagrun for monitoring_retraining_pipeline to 2026-01-16 00:00:00+00:00, run_after=2026-01-17 00:00:00+00:00
[2026-01-16T07:50:52.557+0000] {processor.py:183} INFO - Processing /opt/airflow/dags/monitoring_retraining_dag.py took 0.403 seconds
[2026-01-16T07:51:22.915+0000] {processor.py:161} INFO - Started process (PID=800) to work on /opt/airflow/dags/monitoring_retraining_dag.py
[2026-01-16T07:51:22.919+0000] {processor.py:830} INFO - Processing file /opt/airflow/dags/monitoring_retraining_dag.py for tasks to queue
[2026-01-16T07:51:22.935+0000] {logging_mixin.py:188} INFO - [2026-01-16T07:51:22.934+0000] {dagbag.py:545} INFO - Filling up the DagBag from /opt/airflow/dags/monitoring_retraining_dag.py
[2026-01-16T07:51:24.042+0000] {processor.py:840} INFO - DAG(s) 'monitoring_retraining_pipeline' retrieved from /opt/airflow/dags/monitoring_retraining_dag.py
[2026-01-16T07:51:24.093+0000] {logging_mixin.py:188} INFO - [2026-01-16T07:51:24.092+0000] {dag.py:3089} INFO - Sync 1 DAGs
[2026-01-16T07:51:24.123+0000] {logging_mixin.py:188} INFO - [2026-01-16T07:51:24.123+0000] {dag.py:3947} INFO - Setting next_dagrun for monitoring_retraining_pipeline to 2026-01-16 00:00:00+00:00, run_after=2026-01-17 00:00:00+00:00
[2026-01-16T07:51:24.151+0000] {processor.py:183} INFO - Processing /opt/airflow/dags/monitoring_retraining_dag.py took 1.263 seconds
[2026-01-16T07:51:54.382+0000] {processor.py:161} INFO - Started process (PID=806) to work on /opt/airflow/dags/monitoring_retraining_dag.py
[2026-01-16T07:51:54.383+0000] {processor.py:830} INFO - Processing file /opt/airflow/dags/monitoring_retraining_dag.py for tasks to queue
[2026-01-16T07:51:54.386+0000] {logging_mixin.py:188} INFO - [2026-01-16T07:51:54.385+0000] {dagbag.py:545} INFO - Filling up the DagBag from /opt/airflow/dags/monitoring_retraining_dag.py
[2026-01-16T07:51:54.713+0000] {processor.py:840} INFO - DAG(s) 'monitoring_retraining_pipeline' retrieved from /opt/airflow/dags/monitoring_retraining_dag.py
[2026-01-16T07:51:54.749+0000] {logging_mixin.py:188} INFO - [2026-01-16T07:51:54.749+0000] {dag.py:3089} INFO - Sync 1 DAGs
[2026-01-16T07:51:54.769+0000] {logging_mixin.py:188} INFO - [2026-01-16T07:51:54.769+0000] {dag.py:3947} INFO - Setting next_dagrun for monitoring_retraining_pipeline to 2026-01-16 00:00:00+00:00, run_after=2026-01-17 00:00:00+00:00
[2026-01-16T07:51:54.789+0000] {processor.py:183} INFO - Processing /opt/airflow/dags/monitoring_retraining_dag.py took 0.416 seconds
[2026-01-16T07:52:25.032+0000] {processor.py:161} INFO - Started process (PID=812) to work on /opt/airflow/dags/monitoring_retraining_dag.py
[2026-01-16T07:52:25.033+0000] {processor.py:830} INFO - Processing file /opt/airflow/dags/monitoring_retraining_dag.py for tasks to queue
[2026-01-16T07:52:25.036+0000] {logging_mixin.py:188} INFO - [2026-01-16T07:52:25.036+0000] {dagbag.py:545} INFO - Filling up the DagBag from /opt/airflow/dags/monitoring_retraining_dag.py
[2026-01-16T07:52:25.425+0000] {processor.py:840} INFO - DAG(s) 'monitoring_retraining_pipeline' retrieved from /opt/airflow/dags/monitoring_retraining_dag.py
[2026-01-16T07:52:25.464+0000] {logging_mixin.py:188} INFO - [2026-01-16T07:52:25.464+0000] {dag.py:3089} INFO - Sync 1 DAGs
[2026-01-16T07:52:25.488+0000] {logging_mixin.py:188} INFO - [2026-01-16T07:52:25.488+0000] {dag.py:3947} INFO - Setting next_dagrun for monitoring_retraining_pipeline to 2026-01-16 00:00:00+00:00, run_after=2026-01-17 00:00:00+00:00
[2026-01-16T07:52:25.518+0000] {processor.py:183} INFO - Processing /opt/airflow/dags/monitoring_retraining_dag.py took 0.494 seconds
