[2026-01-15T11:19:18.363+0000] {manager.py:470} INFO - Processing files using up to 2 processes at a time 
[2026-01-15T11:19:18.365+0000] {manager.py:471} INFO - Process each file at most once every 30 seconds
[2026-01-15T11:19:18.367+0000] {manager.py:472} INFO - Checking for new files in /opt/airflow/dags every 300 seconds
[2026-01-15T11:19:18.370+0000] {manager.py:737} INFO - Searching for files in /opt/airflow/dags
[2026-01-15T11:19:18.409+0000] {manager.py:740} INFO - There are 1 files in /opt/airflow/dags
[2026-01-15T11:19:18.617+0000] {manager.py:878} INFO - 
================================================================================
DAG File Processing Stats

File Path                                         PID  Runtime      # DAGs    # Errors  Last Runtime    Last Run
----------------------------------------------  -----  ---------  --------  ----------  --------------  ----------
/opt/airflow/dags/monitoring_retraining_dag.py    165  0.12s             0           0
================================================================================
[2026-01-15T11:19:48.691+0000] {manager.py:878} INFO - 
================================================================================
DAG File Processing Stats

File Path                                       PID    Runtime      # DAGs    # Errors  Last Runtime    Last Run
----------------------------------------------  -----  ---------  --------  ----------  --------------  -------------------
/opt/airflow/dags/monitoring_retraining_dag.py                           1           0  3.08s           2026-01-15T11:19:21
================================================================================
[2026-01-15T11:20:18.988+0000] {manager.py:878} INFO - 
================================================================================
DAG File Processing Stats

File Path                                       PID    Runtime      # DAGs    # Errors  Last Runtime    Last Run
----------------------------------------------  -----  ---------  --------  ----------  --------------  -------------------
/opt/airflow/dags/monitoring_retraining_dag.py                           1           0  0.49s           2026-01-15T11:19:52
================================================================================
[2026-01-15T11:20:49.105+0000] {manager.py:878} INFO - 
================================================================================
DAG File Processing Stats

File Path                                       PID    Runtime      # DAGs    # Errors  Last Runtime    Last Run
----------------------------------------------  -----  ---------  --------  ----------  --------------  -------------------
/opt/airflow/dags/monitoring_retraining_dag.py                           1           0  0.44s           2026-01-15T11:20:22
================================================================================
[2026-01-15T11:21:19.349+0000] {manager.py:878} INFO - 
================================================================================
DAG File Processing Stats

File Path                                       PID    Runtime      # DAGs    # Errors  Last Runtime    Last Run
----------------------------------------------  -----  ---------  --------  ----------  --------------  -------------------
/opt/airflow/dags/monitoring_retraining_dag.py                           1           0  0.46s           2026-01-15T11:20:53
================================================================================
[2026-01-15T11:21:49.524+0000] {manager.py:878} INFO - 
================================================================================
DAG File Processing Stats

File Path                                       PID    Runtime      # DAGs    # Errors  Last Runtime    Last Run
----------------------------------------------  -----  ---------  --------  ----------  --------------  -------------------
/opt/airflow/dags/monitoring_retraining_dag.py                           1           0  0.57s           2026-01-15T11:21:24
================================================================================
[2026-01-15T11:22:19.732+0000] {manager.py:878} INFO - 
================================================================================
DAG File Processing Stats

File Path                                       PID    Runtime      # DAGs    # Errors  Last Runtime    Last Run
----------------------------------------------  -----  ---------  --------  ----------  --------------  -------------------
/opt/airflow/dags/monitoring_retraining_dag.py                           1           0  1.15s           2026-01-15T11:21:55
================================================================================
[2026-01-15T11:22:50.164+0000] {manager.py:878} INFO - 
================================================================================
DAG File Processing Stats

File Path                                       PID    Runtime      # DAGs    # Errors  Last Runtime    Last Run
----------------------------------------------  -----  ---------  --------  ----------  --------------  -------------------
/opt/airflow/dags/monitoring_retraining_dag.py                           1           0  0.47s           2026-01-15T11:22:26
================================================================================
[2026-01-15T11:23:20.626+0000] {manager.py:878} INFO - 
================================================================================
DAG File Processing Stats

File Path                                       PID    Runtime      # DAGs    # Errors  Last Runtime    Last Run
----------------------------------------------  -----  ---------  --------  ----------  --------------  -------------------
/opt/airflow/dags/monitoring_retraining_dag.py                           1           0  0.45s           2026-01-15T11:22:56
================================================================================
[2026-01-15T11:23:50.753+0000] {manager.py:878} INFO - 
================================================================================
DAG File Processing Stats

File Path                                       PID    Runtime      # DAGs    # Errors  Last Runtime    Last Run
----------------------------------------------  -----  ---------  --------  ----------  --------------  -------------------
/opt/airflow/dags/monitoring_retraining_dag.py                           1           0  0.45s           2026-01-15T11:23:27
================================================================================
[2026-01-15T11:24:18.429+0000] {manager.py:737} INFO - Searching for files in /opt/airflow/dags
[2026-01-15T11:24:18.451+0000] {manager.py:740} INFO - There are 1 files in /opt/airflow/dags
[2026-01-15T11:24:20.974+0000] {manager.py:878} INFO - 
================================================================================
DAG File Processing Stats

File Path                                       PID    Runtime      # DAGs    # Errors  Last Runtime    Last Run
----------------------------------------------  -----  ---------  --------  ----------  --------------  -------------------
/opt/airflow/dags/monitoring_retraining_dag.py                           1           0  0.46s           2026-01-15T11:23:58
================================================================================
[2026-01-15T11:24:51.156+0000] {manager.py:878} INFO - 
================================================================================
DAG File Processing Stats

File Path                                       PID    Runtime      # DAGs    # Errors  Last Runtime    Last Run
----------------------------------------------  -----  ---------  --------  ----------  --------------  -------------------
/opt/airflow/dags/monitoring_retraining_dag.py                           1           0  0.64s           2026-01-15T11:24:29
================================================================================
[2026-01-15T11:25:21.358+0000] {manager.py:878} INFO - 
================================================================================
DAG File Processing Stats

File Path                                       PID    Runtime      # DAGs    # Errors  Last Runtime    Last Run
----------------------------------------------  -----  ---------  --------  ----------  --------------  -------------------
/opt/airflow/dags/monitoring_retraining_dag.py                           1           0  0.75s           2026-01-15T11:25:00
================================================================================
[2026-01-15T11:25:51.869+0000] {manager.py:878} INFO - 
================================================================================
DAG File Processing Stats

File Path                                       PID    Runtime      # DAGs    # Errors  Last Runtime    Last Run
----------------------------------------------  -----  ---------  --------  ----------  --------------  -------------------
/opt/airflow/dags/monitoring_retraining_dag.py                           1           0  0.44s           2026-01-15T11:25:30
================================================================================
[2026-01-15T11:26:22.248+0000] {manager.py:878} INFO - 
================================================================================
DAG File Processing Stats

File Path                                       PID    Runtime      # DAGs    # Errors  Last Runtime    Last Run
----------------------------------------------  -----  ---------  --------  ----------  --------------  -------------------
/opt/airflow/dags/monitoring_retraining_dag.py                           1           0  0.50s           2026-01-15T11:26:01
================================================================================
[2026-01-15T11:26:52.377+0000] {manager.py:878} INFO - 
================================================================================
DAG File Processing Stats

File Path                                       PID    Runtime      # DAGs    # Errors  Last Runtime    Last Run
----------------------------------------------  -----  ---------  --------  ----------  --------------  -------------------
/opt/airflow/dags/monitoring_retraining_dag.py                           1           0  0.45s           2026-01-15T11:26:32
================================================================================
[2026-01-15T11:27:23.190+0000] {manager.py:878} INFO - 
================================================================================
DAG File Processing Stats

File Path                                       PID    Runtime      # DAGs    # Errors  Last Runtime    Last Run
----------------------------------------------  -----  ---------  --------  ----------  --------------  -------------------
/opt/airflow/dags/monitoring_retraining_dag.py                           1           0  0.59s           2026-01-15T11:27:03
================================================================================
[2026-01-15T11:27:53.477+0000] {manager.py:878} INFO - 
================================================================================
DAG File Processing Stats

File Path                                       PID    Runtime      # DAGs    # Errors  Last Runtime    Last Run
----------------------------------------------  -----  ---------  --------  ----------  --------------  -------------------
/opt/airflow/dags/monitoring_retraining_dag.py                           1           0  0.43s           2026-01-15T11:27:33
================================================================================
[2026-01-15T11:28:23.693+0000] {manager.py:878} INFO - 
================================================================================
DAG File Processing Stats

File Path                                       PID    Runtime      # DAGs    # Errors  Last Runtime    Last Run
----------------------------------------------  -----  ---------  --------  ----------  --------------  -------------------
/opt/airflow/dags/monitoring_retraining_dag.py                           1           0  0.59s           2026-01-15T11:28:04
================================================================================
[2026-01-15T11:28:54.015+0000] {manager.py:878} INFO - 
================================================================================
DAG File Processing Stats

File Path                                       PID    Runtime      # DAGs    # Errors  Last Runtime    Last Run
----------------------------------------------  -----  ---------  --------  ----------  --------------  -------------------
/opt/airflow/dags/monitoring_retraining_dag.py                           1           0  0.45s           2026-01-15T11:28:35
================================================================================
[2026-01-15T11:29:18.675+0000] {manager.py:737} INFO - Searching for files in /opt/airflow/dags
[2026-01-15T11:29:18.707+0000] {manager.py:740} INFO - There are 1 files in /opt/airflow/dags
[2026-01-15T11:29:24.119+0000] {manager.py:878} INFO - 
================================================================================
DAG File Processing Stats

File Path                                       PID    Runtime      # DAGs    # Errors  Last Runtime    Last Run
----------------------------------------------  -----  ---------  --------  ----------  --------------  -------------------
/opt/airflow/dags/monitoring_retraining_dag.py                           1           0  0.44s           2026-01-15T11:29:05
================================================================================
[2026-01-15T11:29:46.954+0000] {manager.py:452} INFO - Exiting gracefully upon receiving signal 15
[2026-01-15T12:10:41.716+0000] {manager.py:470} INFO - Processing files using up to 2 processes at a time 
[2026-01-15T12:10:41.718+0000] {manager.py:471} INFO - Process each file at most once every 30 seconds
[2026-01-15T12:10:41.721+0000] {manager.py:472} INFO - Checking for new files in /opt/airflow/dags every 300 seconds
[2026-01-15T12:10:41.722+0000] {manager.py:737} INFO - Searching for files in /opt/airflow/dags
[2026-01-15T12:10:41.748+0000] {manager.py:740} INFO - There are 1 files in /opt/airflow/dags
[2026-01-15T12:10:41.902+0000] {manager.py:878} INFO - 
================================================================================
DAG File Processing Stats

File Path                                         PID  Runtime      # DAGs    # Errors  Last Runtime    Last Run
----------------------------------------------  -----  ---------  --------  ----------  --------------  ----------
/opt/airflow/dags/monitoring_retraining_dag.py    164  0.07s             0           0
================================================================================
[2026-01-15T12:11:12.083+0000] {manager.py:878} INFO - 
================================================================================
DAG File Processing Stats

File Path                                       PID    Runtime      # DAGs    # Errors  Last Runtime    Last Run
----------------------------------------------  -----  ---------  --------  ----------  --------------  -------------------
/opt/airflow/dags/monitoring_retraining_dag.py                           1           0  2.77s           2026-01-15T12:10:44
================================================================================
[2026-01-15T12:11:42.349+0000] {manager.py:878} INFO - 
================================================================================
DAG File Processing Stats

File Path                                       PID    Runtime      # DAGs    # Errors  Last Runtime    Last Run
----------------------------------------------  -----  ---------  --------  ----------  --------------  -------------------
/opt/airflow/dags/monitoring_retraining_dag.py                           1           0  0.52s           2026-01-15T12:11:15
================================================================================
[2026-01-15T12:12:12.851+0000] {manager.py:878} INFO - 
================================================================================
DAG File Processing Stats

File Path                                       PID    Runtime      # DAGs    # Errors  Last Runtime    Last Run
----------------------------------------------  -----  ---------  --------  ----------  --------------  -------------------
/opt/airflow/dags/monitoring_retraining_dag.py                           1           0  0.47s           2026-01-15T12:11:45
================================================================================
[2026-01-15T12:12:43.401+0000] {manager.py:878} INFO - 
================================================================================
DAG File Processing Stats

File Path                                       PID    Runtime      # DAGs    # Errors  Last Runtime    Last Run
----------------------------------------------  -----  ---------  --------  ----------  --------------  -------------------
/opt/airflow/dags/monitoring_retraining_dag.py                           1           0  0.47s           2026-01-15T12:12:16
================================================================================
[2026-01-15T12:13:13.894+0000] {manager.py:878} INFO - 
================================================================================
DAG File Processing Stats

File Path                                       PID    Runtime      # DAGs    # Errors  Last Runtime    Last Run
----------------------------------------------  -----  ---------  --------  ----------  --------------  -------------------
/opt/airflow/dags/monitoring_retraining_dag.py                           1           0  0.46s           2026-01-15T12:12:46
================================================================================
[2026-01-15T12:13:44.471+0000] {manager.py:878} INFO - 
================================================================================
DAG File Processing Stats

File Path                                       PID    Runtime      # DAGs    # Errors  Last Runtime    Last Run
----------------------------------------------  -----  ---------  --------  ----------  --------------  -------------------
/opt/airflow/dags/monitoring_retraining_dag.py                           1           0  0.45s           2026-01-15T12:13:17
================================================================================
[2026-01-15T12:14:14.667+0000] {manager.py:878} INFO - 
================================================================================
DAG File Processing Stats

File Path                                       PID    Runtime      # DAGs    # Errors  Last Runtime    Last Run
----------------------------------------------  -----  ---------  --------  ----------  --------------  -------------------
/opt/airflow/dags/monitoring_retraining_dag.py                           1           0  0.47s           2026-01-15T12:13:48
================================================================================
[2026-01-15T12:14:44.913+0000] {manager.py:878} INFO - 
================================================================================
DAG File Processing Stats

File Path                                       PID    Runtime      # DAGs    # Errors  Last Runtime    Last Run
----------------------------------------------  -----  ---------  --------  ----------  --------------  -------------------
/opt/airflow/dags/monitoring_retraining_dag.py                           1           0  0.46s           2026-01-15T12:14:19
================================================================================
[2026-01-15T12:15:15.248+0000] {manager.py:878} INFO - 
================================================================================
DAG File Processing Stats

File Path                                       PID    Runtime      # DAGs    # Errors  Last Runtime    Last Run
----------------------------------------------  -----  ---------  --------  ----------  --------------  -------------------
/opt/airflow/dags/monitoring_retraining_dag.py                           1           0  0.47s           2026-01-15T12:14:50
================================================================================
[2026-01-15T12:15:41.965+0000] {manager.py:737} INFO - Searching for files in /opt/airflow/dags
[2026-01-15T12:15:41.993+0000] {manager.py:740} INFO - There are 1 files in /opt/airflow/dags
[2026-01-15T12:15:45.507+0000] {manager.py:878} INFO - 
================================================================================
DAG File Processing Stats

File Path                                       PID    Runtime      # DAGs    # Errors  Last Runtime    Last Run
----------------------------------------------  -----  ---------  --------  ----------  --------------  -------------------
/opt/airflow/dags/monitoring_retraining_dag.py                           1           0  0.47s           2026-01-15T12:15:20
================================================================================
[2026-01-15T12:16:15.709+0000] {manager.py:878} INFO - 
================================================================================
DAG File Processing Stats

File Path                                       PID    Runtime      # DAGs    # Errors  Last Runtime    Last Run
----------------------------------------------  -----  ---------  --------  ----------  --------------  -------------------
/opt/airflow/dags/monitoring_retraining_dag.py                           1           0  0.45s           2026-01-15T12:15:51
================================================================================
[2026-01-15T12:16:45.971+0000] {manager.py:878} INFO - 
================================================================================
DAG File Processing Stats

File Path                                       PID    Runtime      # DAGs    # Errors  Last Runtime    Last Run
----------------------------------------------  -----  ---------  --------  ----------  --------------  -------------------
/opt/airflow/dags/monitoring_retraining_dag.py                           1           0  0.44s           2026-01-15T12:16:22
================================================================================
[2026-01-15T12:17:16.247+0000] {manager.py:878} INFO - 
================================================================================
DAG File Processing Stats

File Path                                       PID    Runtime      # DAGs    # Errors  Last Runtime    Last Run
----------------------------------------------  -----  ---------  --------  ----------  --------------  -------------------
/opt/airflow/dags/monitoring_retraining_dag.py                           1           0  0.77s           2026-01-15T12:16:53
================================================================================
[2026-01-15T12:17:46.758+0000] {manager.py:878} INFO - 
================================================================================
DAG File Processing Stats

File Path                                       PID    Runtime      # DAGs    # Errors  Last Runtime    Last Run
----------------------------------------------  -----  ---------  --------  ----------  --------------  -------------------
/opt/airflow/dags/monitoring_retraining_dag.py                           1           0  0.48s           2026-01-15T12:17:23
================================================================================
[2026-01-15T12:18:17.312+0000] {manager.py:878} INFO - 
================================================================================
DAG File Processing Stats

File Path                                       PID    Runtime      # DAGs    # Errors  Last Runtime    Last Run
----------------------------------------------  -----  ---------  --------  ----------  --------------  -------------------
/opt/airflow/dags/monitoring_retraining_dag.py                           1           0  0.45s           2026-01-15T12:17:54
================================================================================
[2026-01-15T12:18:47.468+0000] {manager.py:878} INFO - 
================================================================================
DAG File Processing Stats

File Path                                       PID    Runtime      # DAGs    # Errors  Last Runtime    Last Run
----------------------------------------------  -----  ---------  --------  ----------  --------------  -------------------
/opt/airflow/dags/monitoring_retraining_dag.py                           1           0  0.49s           2026-01-15T12:18:25
================================================================================
[2026-01-15T12:19:18.239+0000] {manager.py:878} INFO - 
================================================================================
DAG File Processing Stats

File Path                                       PID    Runtime      # DAGs    # Errors  Last Runtime    Last Run
----------------------------------------------  -----  ---------  --------  ----------  --------------  -------------------
/opt/airflow/dags/monitoring_retraining_dag.py                           1           0  0.48s           2026-01-15T12:18:56
================================================================================
[2026-01-15T12:19:48.552+0000] {manager.py:878} INFO - 
================================================================================
DAG File Processing Stats

File Path                                       PID    Runtime      # DAGs    # Errors  Last Runtime    Last Run
----------------------------------------------  -----  ---------  --------  ----------  --------------  -------------------
/opt/airflow/dags/monitoring_retraining_dag.py                           1           0  0.45s           2026-01-15T12:19:26
================================================================================
[2026-01-15T12:20:18.656+0000] {manager.py:878} INFO - 
================================================================================
DAG File Processing Stats

File Path                                       PID    Runtime      # DAGs    # Errors  Last Runtime    Last Run
----------------------------------------------  -----  ---------  --------  ----------  --------------  -------------------
/opt/airflow/dags/monitoring_retraining_dag.py                           1           0  0.46s           2026-01-15T12:19:57
================================================================================
[2026-01-15T12:20:42.309+0000] {manager.py:737} INFO - Searching for files in /opt/airflow/dags
[2026-01-15T12:20:42.367+0000] {manager.py:740} INFO - There are 1 files in /opt/airflow/dags
[2026-01-15T12:20:48.904+0000] {manager.py:878} INFO - 
================================================================================
DAG File Processing Stats

File Path                                       PID    Runtime      # DAGs    # Errors  Last Runtime    Last Run
----------------------------------------------  -----  ---------  --------  ----------  --------------  -------------------
/opt/airflow/dags/monitoring_retraining_dag.py                           1           0  0.46s           2026-01-15T12:20:28
================================================================================
[2026-01-15T12:21:19.056+0000] {manager.py:878} INFO - 
================================================================================
DAG File Processing Stats

File Path                                       PID    Runtime      # DAGs    # Errors  Last Runtime    Last Run
----------------------------------------------  -----  ---------  --------  ----------  --------------  -------------------
/opt/airflow/dags/monitoring_retraining_dag.py                           1           0  0.45s           2026-01-15T12:20:58
================================================================================
[2026-01-15T12:21:49.301+0000] {manager.py:878} INFO - 
================================================================================
DAG File Processing Stats

File Path                                       PID    Runtime      # DAGs    # Errors  Last Runtime    Last Run
----------------------------------------------  -----  ---------  --------  ----------  --------------  -------------------
/opt/airflow/dags/monitoring_retraining_dag.py                           1           0  0.46s           2026-01-15T12:21:29
================================================================================
[2026-01-15T12:22:19.458+0000] {manager.py:878} INFO - 
================================================================================
DAG File Processing Stats

File Path                                       PID    Runtime      # DAGs    # Errors  Last Runtime    Last Run
----------------------------------------------  -----  ---------  --------  ----------  --------------  -------------------
/opt/airflow/dags/monitoring_retraining_dag.py                           1           0  0.45s           2026-01-15T12:22:00
================================================================================
[2026-01-15T12:22:49.729+0000] {manager.py:878} INFO - 
================================================================================
DAG File Processing Stats

File Path                                       PID    Runtime      # DAGs    # Errors  Last Runtime    Last Run
----------------------------------------------  -----  ---------  --------  ----------  --------------  -------------------
/opt/airflow/dags/monitoring_retraining_dag.py                           1           0  0.46s           2026-01-15T12:22:31
================================================================================
[2026-01-15T12:23:19.918+0000] {manager.py:878} INFO - 
================================================================================
DAG File Processing Stats

File Path                                       PID    Runtime      # DAGs    # Errors  Last Runtime    Last Run
----------------------------------------------  -----  ---------  --------  ----------  --------------  -------------------
/opt/airflow/dags/monitoring_retraining_dag.py                           1           0  0.77s           2026-01-15T12:23:02
================================================================================
[2026-01-15T12:23:50.092+0000] {manager.py:878} INFO - 
================================================================================
DAG File Processing Stats

File Path                                       PID    Runtime      # DAGs    # Errors  Last Runtime    Last Run
----------------------------------------------  -----  ---------  --------  ----------  --------------  -------------------
/opt/airflow/dags/monitoring_retraining_dag.py                           1           0  0.76s           2026-01-15T12:23:32
================================================================================
[2026-01-15T12:24:20.126+0000] {manager.py:878} INFO - 
================================================================================
DAG File Processing Stats

File Path                                       PID    Runtime      # DAGs    # Errors  Last Runtime    Last Run
----------------------------------------------  -----  ---------  --------  ----------  --------------  -------------------
/opt/airflow/dags/monitoring_retraining_dag.py                           1           0  0.74s           2026-01-15T12:24:04
================================================================================
[2026-01-15T12:24:50.778+0000] {manager.py:878} INFO - 
================================================================================
DAG File Processing Stats

File Path                                       PID    Runtime      # DAGs    # Errors  Last Runtime    Last Run
----------------------------------------------  -----  ---------  --------  ----------  --------------  -------------------
/opt/airflow/dags/monitoring_retraining_dag.py                           1           0  0.52s           2026-01-15T12:24:34
================================================================================
[2026-01-15T12:25:21.128+0000] {manager.py:878} INFO - 
================================================================================
DAG File Processing Stats

File Path                                       PID    Runtime      # DAGs    # Errors  Last Runtime    Last Run
----------------------------------------------  -----  ---------  --------  ----------  --------------  -------------------
/opt/airflow/dags/monitoring_retraining_dag.py                           1           0  0.44s           2026-01-15T12:25:05
================================================================================
[2026-01-15T12:25:42.717+0000] {manager.py:737} INFO - Searching for files in /opt/airflow/dags
[2026-01-15T12:25:42.740+0000] {manager.py:740} INFO - There are 1 files in /opt/airflow/dags
[2026-01-15T12:25:51.286+0000] {manager.py:878} INFO - 
================================================================================
DAG File Processing Stats

File Path                                       PID    Runtime      # DAGs    # Errors  Last Runtime    Last Run
----------------------------------------------  -----  ---------  --------  ----------  --------------  -------------------
/opt/airflow/dags/monitoring_retraining_dag.py                           1           0  0.50s           2026-01-15T12:25:36
================================================================================
[2026-01-15T12:26:22.044+0000] {manager.py:878} INFO - 
================================================================================
DAG File Processing Stats

File Path                                       PID    Runtime      # DAGs    # Errors  Last Runtime    Last Run
----------------------------------------------  -----  ---------  --------  ----------  --------------  -------------------
/opt/airflow/dags/monitoring_retraining_dag.py                           1           0  0.53s           2026-01-15T12:26:06
================================================================================
[2026-01-15T12:26:52.273+0000] {manager.py:878} INFO - 
================================================================================
DAG File Processing Stats

File Path                                       PID    Runtime      # DAGs    # Errors  Last Runtime    Last Run
----------------------------------------------  -----  ---------  --------  ----------  --------------  -------------------
/opt/airflow/dags/monitoring_retraining_dag.py                           1           0  0.44s           2026-01-15T12:26:37
================================================================================
[2026-01-15T12:27:22.504+0000] {manager.py:878} INFO - 
================================================================================
DAG File Processing Stats

File Path                                       PID    Runtime      # DAGs    # Errors  Last Runtime    Last Run
----------------------------------------------  -----  ---------  --------  ----------  --------------  -------------------
/opt/airflow/dags/monitoring_retraining_dag.py                           1           0  0.45s           2026-01-15T12:27:08
================================================================================
[2026-01-15T12:27:52.770+0000] {manager.py:878} INFO - 
================================================================================
DAG File Processing Stats

File Path                                       PID    Runtime      # DAGs    # Errors  Last Runtime    Last Run
----------------------------------------------  -----  ---------  --------  ----------  --------------  -------------------
/opt/airflow/dags/monitoring_retraining_dag.py                           1           0  0.44s           2026-01-15T12:27:39
================================================================================
[2026-01-15T12:28:22.881+0000] {manager.py:878} INFO - 
================================================================================
DAG File Processing Stats

File Path                                       PID    Runtime      # DAGs    # Errors  Last Runtime    Last Run
----------------------------------------------  -----  ---------  --------  ----------  --------------  -------------------
/opt/airflow/dags/monitoring_retraining_dag.py                           1           0  0.43s           2026-01-15T12:28:09
================================================================================
[2026-01-15T12:28:53.239+0000] {manager.py:878} INFO - 
================================================================================
DAG File Processing Stats

File Path                                       PID    Runtime      # DAGs    # Errors  Last Runtime    Last Run
----------------------------------------------  -----  ---------  --------  ----------  --------------  -------------------
/opt/airflow/dags/monitoring_retraining_dag.py                           1           0  0.45s           2026-01-15T12:28:40
================================================================================
[2026-01-15T12:29:23.241+0000] {manager.py:878} INFO - 
================================================================================
DAG File Processing Stats

File Path                                       PID    Runtime      # DAGs    # Errors  Last Runtime    Last Run
----------------------------------------------  -----  ---------  --------  ----------  --------------  -------------------
/opt/airflow/dags/monitoring_retraining_dag.py                           1           0  0.44s           2026-01-15T12:29:11
================================================================================
[2026-01-15T12:29:53.530+0000] {manager.py:878} INFO - 
================================================================================
DAG File Processing Stats

File Path                                       PID    Runtime      # DAGs    # Errors  Last Runtime    Last Run
----------------------------------------------  -----  ---------  --------  ----------  --------------  -------------------
/opt/airflow/dags/monitoring_retraining_dag.py                           1           0  0.41s           2026-01-15T12:29:41
================================================================================
[2026-01-15T12:30:23.664+0000] {manager.py:878} INFO - 
================================================================================
DAG File Processing Stats

File Path                                       PID    Runtime      # DAGs    # Errors  Last Runtime    Last Run
----------------------------------------------  -----  ---------  --------  ----------  --------------  -------------------
/opt/airflow/dags/monitoring_retraining_dag.py                           1           0  0.42s           2026-01-15T12:30:12
================================================================================
[2026-01-15T12:30:42.803+0000] {manager.py:737} INFO - Searching for files in /opt/airflow/dags
[2026-01-15T12:30:42.824+0000] {manager.py:740} INFO - There are 1 files in /opt/airflow/dags
[2026-01-15T12:30:53.863+0000] {manager.py:878} INFO - 
================================================================================
DAG File Processing Stats

File Path                                       PID    Runtime      # DAGs    # Errors  Last Runtime    Last Run
----------------------------------------------  -----  ---------  --------  ----------  --------------  -------------------
/opt/airflow/dags/monitoring_retraining_dag.py                           1           0  0.94s           2026-01-15T12:30:43
================================================================================
[2026-01-15T12:31:24.163+0000] {manager.py:878} INFO - 
================================================================================
DAG File Processing Stats

File Path                                       PID    Runtime      # DAGs    # Errors  Last Runtime    Last Run
----------------------------------------------  -----  ---------  --------  ----------  --------------  -------------------
/opt/airflow/dags/monitoring_retraining_dag.py                           1           0  0.46s           2026-01-15T12:31:14
================================================================================
[2026-01-15T12:31:54.385+0000] {manager.py:878} INFO - 
================================================================================
DAG File Processing Stats

File Path                                       PID    Runtime      # DAGs    # Errors  Last Runtime    Last Run
----------------------------------------------  -----  ---------  --------  ----------  --------------  -------------------
/opt/airflow/dags/monitoring_retraining_dag.py                           1           0  0.50s           2026-01-15T12:31:45
================================================================================
[2026-01-15T12:32:25.146+0000] {manager.py:878} INFO - 
================================================================================
DAG File Processing Stats

File Path                                       PID    Runtime      # DAGs    # Errors  Last Runtime    Last Run
----------------------------------------------  -----  ---------  --------  ----------  --------------  -------------------
/opt/airflow/dags/monitoring_retraining_dag.py                           1           0  0.48s           2026-01-15T12:32:16
================================================================================
[2026-01-15T12:32:55.465+0000] {manager.py:878} INFO - 
================================================================================
DAG File Processing Stats

File Path                                       PID    Runtime      # DAGs    # Errors  Last Runtime    Last Run
----------------------------------------------  -----  ---------  --------  ----------  --------------  -------------------
/opt/airflow/dags/monitoring_retraining_dag.py                           1           0  0.46s           2026-01-15T12:32:30
================================================================================
[2026-01-15T12:33:25.681+0000] {manager.py:878} INFO - 
================================================================================
DAG File Processing Stats

File Path                                       PID    Runtime      # DAGs    # Errors  Last Runtime    Last Run
----------------------------------------------  -----  ---------  --------  ----------  --------------  -------------------
/opt/airflow/dags/monitoring_retraining_dag.py                           1           0  0.47s           2026-01-15T12:33:01
================================================================================
[2026-01-15T12:33:56.412+0000] {manager.py:878} INFO - 
================================================================================
DAG File Processing Stats

File Path                                       PID    Runtime      # DAGs    # Errors  Last Runtime    Last Run
----------------------------------------------  -----  ---------  --------  ----------  --------------  -------------------
/opt/airflow/dags/monitoring_retraining_dag.py                           1           0  0.49s           2026-01-15T12:33:32
================================================================================
[2026-01-15T12:34:26.685+0000] {manager.py:878} INFO - 
================================================================================
DAG File Processing Stats

File Path                                       PID    Runtime      # DAGs    # Errors  Last Runtime    Last Run
----------------------------------------------  -----  ---------  --------  ----------  --------------  -------------------
/opt/airflow/dags/monitoring_retraining_dag.py                           1           0  0.44s           2026-01-15T12:34:02
================================================================================
[2026-01-15T12:34:56.909+0000] {manager.py:878} INFO - 
================================================================================
DAG File Processing Stats

File Path                                       PID    Runtime      # DAGs    # Errors  Last Runtime    Last Run
----------------------------------------------  -----  ---------  --------  ----------  --------------  -------------------
/opt/airflow/dags/monitoring_retraining_dag.py                           1           0  0.96s           2026-01-15T12:34:34
================================================================================
[2026-01-15T12:35:27.049+0000] {manager.py:878} INFO - 
================================================================================
DAG File Processing Stats

File Path                                       PID    Runtime      # DAGs    # Errors  Last Runtime    Last Run
----------------------------------------------  -----  ---------  --------  ----------  --------------  -------------------
/opt/airflow/dags/monitoring_retraining_dag.py                           1           0  0.43s           2026-01-15T12:35:04
================================================================================
[2026-01-15T12:35:43.263+0000] {manager.py:737} INFO - Searching for files in /opt/airflow/dags
[2026-01-15T12:35:43.317+0000] {manager.py:740} INFO - There are 1 files in /opt/airflow/dags
[2026-01-15T12:35:57.476+0000] {manager.py:878} INFO - 
================================================================================
DAG File Processing Stats

File Path                                       PID    Runtime      # DAGs    # Errors  Last Runtime    Last Run
----------------------------------------------  -----  ---------  --------  ----------  --------------  -------------------
/opt/airflow/dags/monitoring_retraining_dag.py                           1           0  0.42s           2026-01-15T12:35:35
================================================================================
[2026-01-15T12:36:28.027+0000] {manager.py:878} INFO - 
================================================================================
DAG File Processing Stats

File Path                                       PID    Runtime      # DAGs    # Errors  Last Runtime    Last Run
----------------------------------------------  -----  ---------  --------  ----------  --------------  -------------------
/opt/airflow/dags/monitoring_retraining_dag.py                           1           0  0.45s           2026-01-15T12:36:06
================================================================================
[2026-01-15T12:36:58.214+0000] {manager.py:878} INFO - 
================================================================================
DAG File Processing Stats

File Path                                       PID    Runtime      # DAGs    # Errors  Last Runtime    Last Run
----------------------------------------------  -----  ---------  --------  ----------  --------------  -------------------
/opt/airflow/dags/monitoring_retraining_dag.py                           1           0  0.46s           2026-01-15T12:36:37
================================================================================
[2026-01-15T12:37:28.491+0000] {manager.py:878} INFO - 
================================================================================
DAG File Processing Stats

File Path                                       PID    Runtime      # DAGs    # Errors  Last Runtime    Last Run
----------------------------------------------  -----  ---------  --------  ----------  --------------  -------------------
/opt/airflow/dags/monitoring_retraining_dag.py                           1           0  0.48s           2026-01-15T12:37:07
================================================================================
[2026-01-15T12:37:58.680+0000] {manager.py:878} INFO - 
================================================================================
DAG File Processing Stats

File Path                                       PID    Runtime      # DAGs    # Errors  Last Runtime    Last Run
----------------------------------------------  -----  ---------  --------  ----------  --------------  -------------------
/opt/airflow/dags/monitoring_retraining_dag.py                           1           0  0.44s           2026-01-15T12:37:38
================================================================================
[2026-01-15T12:38:28.947+0000] {manager.py:878} INFO - 
================================================================================
DAG File Processing Stats

File Path                                       PID    Runtime      # DAGs    # Errors  Last Runtime    Last Run
----------------------------------------------  -----  ---------  --------  ----------  --------------  -------------------
/opt/airflow/dags/monitoring_retraining_dag.py                           1           0  0.44s           2026-01-15T12:38:09
================================================================================
[2026-01-15T12:38:59.179+0000] {manager.py:878} INFO - 
================================================================================
DAG File Processing Stats

File Path                                       PID    Runtime      # DAGs    # Errors  Last Runtime    Last Run
----------------------------------------------  -----  ---------  --------  ----------  --------------  -------------------
/opt/airflow/dags/monitoring_retraining_dag.py                           1           0  0.45s           2026-01-15T12:38:40
================================================================================
[2026-01-15T12:39:29.971+0000] {manager.py:878} INFO - 
================================================================================
DAG File Processing Stats

File Path                                       PID    Runtime      # DAGs    # Errors  Last Runtime    Last Run
----------------------------------------------  -----  ---------  --------  ----------  --------------  -------------------
/opt/airflow/dags/monitoring_retraining_dag.py                           1           0  0.52s           2026-01-15T12:39:10
================================================================================
[2026-01-15T12:40:00.270+0000] {manager.py:878} INFO - 
================================================================================
DAG File Processing Stats

File Path                                       PID    Runtime      # DAGs    # Errors  Last Runtime    Last Run
----------------------------------------------  -----  ---------  --------  ----------  --------------  -------------------
/opt/airflow/dags/monitoring_retraining_dag.py                           1           0  0.46s           2026-01-15T12:39:41
================================================================================
[2026-01-15T12:40:30.517+0000] {manager.py:878} INFO - 
================================================================================
DAG File Processing Stats

File Path                                       PID    Runtime      # DAGs    # Errors  Last Runtime    Last Run
----------------------------------------------  -----  ---------  --------  ----------  --------------  -------------------
/opt/airflow/dags/monitoring_retraining_dag.py                           1           0  0.44s           2026-01-15T12:40:12
================================================================================
[2026-01-15T12:40:43.632+0000] {manager.py:737} INFO - Searching for files in /opt/airflow/dags
[2026-01-15T12:40:43.722+0000] {manager.py:740} INFO - There are 1 files in /opt/airflow/dags
[2026-01-15T12:41:00.888+0000] {manager.py:878} INFO - 
================================================================================
DAG File Processing Stats

File Path                                       PID    Runtime      # DAGs    # Errors  Last Runtime    Last Run
----------------------------------------------  -----  ---------  --------  ----------  --------------  -------------------
/opt/airflow/dags/monitoring_retraining_dag.py                           1           0  0.45s           2026-01-15T12:40:43
================================================================================
[2026-01-15T12:41:31.116+0000] {manager.py:878} INFO - 
================================================================================
DAG File Processing Stats

File Path                                       PID    Runtime      # DAGs    # Errors  Last Runtime    Last Run
----------------------------------------------  -----  ---------  --------  ----------  --------------  -------------------
/opt/airflow/dags/monitoring_retraining_dag.py                           1           0  0.87s           2026-01-15T12:41:14
================================================================================
[2026-01-15T12:42:01.614+0000] {manager.py:878} INFO - 
================================================================================
DAG File Processing Stats

File Path                                       PID    Runtime      # DAGs    # Errors  Last Runtime    Last Run
----------------------------------------------  -----  ---------  --------  ----------  --------------  -------------------
/opt/airflow/dags/monitoring_retraining_dag.py                           1           0  0.48s           2026-01-15T12:41:44
================================================================================
[2026-01-15T12:42:31.927+0000] {manager.py:878} INFO - 
================================================================================
DAG File Processing Stats

File Path                                       PID    Runtime      # DAGs    # Errors  Last Runtime    Last Run
----------------------------------------------  -----  ---------  --------  ----------  --------------  -------------------
/opt/airflow/dags/monitoring_retraining_dag.py                           1           0  0.52s           2026-01-15T12:42:15
================================================================================
[2026-01-15T12:43:02.205+0000] {manager.py:878} INFO - 
================================================================================
DAG File Processing Stats

File Path                                       PID    Runtime      # DAGs    # Errors  Last Runtime    Last Run
----------------------------------------------  -----  ---------  --------  ----------  --------------  -------------------
/opt/airflow/dags/monitoring_retraining_dag.py                           1           0  0.48s           2026-01-15T12:42:46
================================================================================
[2026-01-15T12:43:32.421+0000] {manager.py:878} INFO - 
================================================================================
DAG File Processing Stats

File Path                                       PID    Runtime      # DAGs    # Errors  Last Runtime    Last Run
----------------------------------------------  -----  ---------  --------  ----------  --------------  -------------------
/opt/airflow/dags/monitoring_retraining_dag.py                           1           0  0.48s           2026-01-15T12:43:17
================================================================================
[2026-01-15T12:44:02.695+0000] {manager.py:878} INFO - 
================================================================================
DAG File Processing Stats

File Path                                       PID    Runtime      # DAGs    # Errors  Last Runtime    Last Run
----------------------------------------------  -----  ---------  --------  ----------  --------------  -------------------
/opt/airflow/dags/monitoring_retraining_dag.py                           1           0  0.44s           2026-01-15T12:43:47
================================================================================
[2026-01-15T12:44:32.849+0000] {manager.py:878} INFO - 
================================================================================
DAG File Processing Stats

File Path                                       PID    Runtime      # DAGs    # Errors  Last Runtime    Last Run
----------------------------------------------  -----  ---------  --------  ----------  --------------  -------------------
/opt/airflow/dags/monitoring_retraining_dag.py                           1           0  0.45s           2026-01-15T12:44:18
================================================================================
[2026-01-15T12:45:03.151+0000] {manager.py:878} INFO - 
================================================================================
DAG File Processing Stats

File Path                                       PID    Runtime      # DAGs    # Errors  Last Runtime    Last Run
----------------------------------------------  -----  ---------  --------  ----------  --------------  -------------------
/opt/airflow/dags/monitoring_retraining_dag.py                           1           0  0.44s           2026-01-15T12:44:49
================================================================================
[2026-01-15T12:45:33.303+0000] {manager.py:878} INFO - 
================================================================================
DAG File Processing Stats

File Path                                       PID    Runtime      # DAGs    # Errors  Last Runtime    Last Run
----------------------------------------------  -----  ---------  --------  ----------  --------------  -------------------
/opt/airflow/dags/monitoring_retraining_dag.py                           1           0  0.47s           2026-01-15T12:45:20
================================================================================
[2026-01-15T12:45:43.910+0000] {manager.py:737} INFO - Searching for files in /opt/airflow/dags
[2026-01-15T12:45:44.015+0000] {manager.py:740} INFO - There are 1 files in /opt/airflow/dags
[2026-01-15T12:46:03.578+0000] {manager.py:878} INFO - 
================================================================================
DAG File Processing Stats

File Path                                       PID    Runtime      # DAGs    # Errors  Last Runtime    Last Run
----------------------------------------------  -----  ---------  --------  ----------  --------------  -------------------
/opt/airflow/dags/monitoring_retraining_dag.py                           1           0  0.46s           2026-01-15T12:45:50
================================================================================
[2026-01-15T12:46:33.766+0000] {manager.py:878} INFO - 
================================================================================
DAG File Processing Stats

File Path                                       PID    Runtime      # DAGs    # Errors  Last Runtime    Last Run
----------------------------------------------  -----  ---------  --------  ----------  --------------  -------------------
/opt/airflow/dags/monitoring_retraining_dag.py                           1           0  0.43s           2026-01-15T12:46:21
================================================================================
[2026-01-15T12:47:04.036+0000] {manager.py:878} INFO - 
================================================================================
DAG File Processing Stats

File Path                                       PID    Runtime      # DAGs    # Errors  Last Runtime    Last Run
----------------------------------------------  -----  ---------  --------  ----------  --------------  -------------------
/opt/airflow/dags/monitoring_retraining_dag.py                           1           0  0.46s           2026-01-15T12:46:52
================================================================================
[2026-01-15T12:47:34.145+0000] {manager.py:878} INFO - 
================================================================================
DAG File Processing Stats

File Path                                       PID    Runtime      # DAGs    # Errors  Last Runtime    Last Run
----------------------------------------------  -----  ---------  --------  ----------  --------------  -------------------
/opt/airflow/dags/monitoring_retraining_dag.py                           1           0  0.45s           2026-01-15T12:47:23
================================================================================
[2026-01-15T12:48:04.396+0000] {manager.py:878} INFO - 
================================================================================
DAG File Processing Stats

File Path                                       PID    Runtime      # DAGs    # Errors  Last Runtime    Last Run
----------------------------------------------  -----  ---------  --------  ----------  --------------  -------------------
/opt/airflow/dags/monitoring_retraining_dag.py                           1           0  0.45s           2026-01-15T12:47:53
================================================================================
[2026-01-15T12:48:34.402+0000] {manager.py:878} INFO - 
================================================================================
DAG File Processing Stats

File Path                                       PID    Runtime      # DAGs    # Errors  Last Runtime    Last Run
----------------------------------------------  -----  ---------  --------  ----------  --------------  -------------------
/opt/airflow/dags/monitoring_retraining_dag.py                           1           0  1.27s           2026-01-15T12:48:25
================================================================================
[2026-01-15T12:49:04.650+0000] {manager.py:878} INFO - 
================================================================================
DAG File Processing Stats

File Path                                       PID    Runtime      # DAGs    # Errors  Last Runtime    Last Run
----------------------------------------------  -----  ---------  --------  ----------  --------------  -------------------
/opt/airflow/dags/monitoring_retraining_dag.py                           1           0  0.45s           2026-01-15T12:48:55
================================================================================
[2026-01-15T12:49:34.862+0000] {manager.py:878} INFO - 
================================================================================
DAG File Processing Stats

File Path                                       PID    Runtime      # DAGs    # Errors  Last Runtime    Last Run
----------------------------------------------  -----  ---------  --------  ----------  --------------  -------------------
/opt/airflow/dags/monitoring_retraining_dag.py                           1           0  0.47s           2026-01-15T12:49:26
================================================================================
[2026-01-15T12:50:05.121+0000] {manager.py:878} INFO - 
================================================================================
DAG File Processing Stats

File Path                                       PID    Runtime      # DAGs    # Errors  Last Runtime    Last Run
----------------------------------------------  -----  ---------  --------  ----------  --------------  -------------------
/opt/airflow/dags/monitoring_retraining_dag.py                           1           0  0.45s           2026-01-15T12:49:57
================================================================================
[2026-01-15T12:50:35.264+0000] {manager.py:878} INFO - 
================================================================================
DAG File Processing Stats

File Path                                       PID    Runtime      # DAGs    # Errors  Last Runtime    Last Run
----------------------------------------------  -----  ---------  --------  ----------  --------------  -------------------
/opt/airflow/dags/monitoring_retraining_dag.py                           1           0  0.48s           2026-01-15T12:50:27
================================================================================
[2026-01-15T12:50:44.334+0000] {manager.py:737} INFO - Searching for files in /opt/airflow/dags
[2026-01-15T12:50:44.497+0000] {manager.py:740} INFO - There are 1 files in /opt/airflow/dags
[2026-01-15T12:50:47.257+0000] {manager.py:452} INFO - Exiting gracefully upon receiving signal 15
[2026-01-16T05:47:21.911+0000] {manager.py:470} INFO - Processing files using up to 2 processes at a time 
[2026-01-16T05:47:21.913+0000] {manager.py:471} INFO - Process each file at most once every 30 seconds
[2026-01-16T05:47:21.915+0000] {manager.py:472} INFO - Checking for new files in /opt/airflow/dags every 300 seconds
[2026-01-16T05:47:21.917+0000] {manager.py:737} INFO - Searching for files in /opt/airflow/dags
[2026-01-16T05:47:21.950+0000] {manager.py:740} INFO - There are 1 files in /opt/airflow/dags
[2026-01-16T05:47:22.327+0000] {manager.py:878} INFO - 
================================================================================
DAG File Processing Stats

File Path                                         PID  Runtime      # DAGs    # Errors  Last Runtime    Last Run
----------------------------------------------  -----  ---------  --------  ----------  --------------  ----------
/opt/airflow/dags/monitoring_retraining_dag.py    163  0.29s             0           0
================================================================================
[2026-01-16T05:47:52.529+0000] {manager.py:878} INFO - 
================================================================================
DAG File Processing Stats

File Path                                       PID    Runtime      # DAGs    # Errors  Last Runtime    Last Run
----------------------------------------------  -----  ---------  --------  ----------  --------------  -------------------
/opt/airflow/dags/monitoring_retraining_dag.py                           1           0  0.93s           2026-01-16T05:47:22
================================================================================
[2026-01-16T05:48:22.707+0000] {manager.py:878} INFO - 
================================================================================
DAG File Processing Stats

File Path                                       PID    Runtime      # DAGs    # Errors  Last Runtime    Last Run
----------------------------------------------  -----  ---------  --------  ----------  --------------  -------------------
/opt/airflow/dags/monitoring_retraining_dag.py                           1           0  0.86s           2026-01-16T05:47:54
================================================================================
[2026-01-16T05:48:52.862+0000] {manager.py:878} INFO - 
================================================================================
DAG File Processing Stats

File Path                                       PID    Runtime      # DAGs    # Errors  Last Runtime    Last Run
----------------------------------------------  -----  ---------  --------  ----------  --------------  -------------------
/opt/airflow/dags/monitoring_retraining_dag.py                           1           0  0.41s           2026-01-16T05:48:24
================================================================================
[2026-01-16T05:49:23.076+0000] {manager.py:878} INFO - 
================================================================================
DAG File Processing Stats

File Path                                       PID    Runtime      # DAGs    # Errors  Last Runtime    Last Run
----------------------------------------------  -----  ---------  --------  ----------  --------------  -------------------
/opt/airflow/dags/monitoring_retraining_dag.py                           1           0  0.45s           2026-01-16T05:48:55
================================================================================
[2026-01-16T05:49:53.291+0000] {manager.py:878} INFO - 
================================================================================
DAG File Processing Stats

File Path                                       PID    Runtime      # DAGs    # Errors  Last Runtime    Last Run
----------------------------------------------  -----  ---------  --------  ----------  --------------  -------------------
/opt/airflow/dags/monitoring_retraining_dag.py                           1           0  0.48s           2026-01-16T05:49:26
================================================================================
[2026-01-16T05:50:23.578+0000] {manager.py:878} INFO - 
================================================================================
DAG File Processing Stats

File Path                                       PID    Runtime      # DAGs    # Errors  Last Runtime    Last Run
----------------------------------------------  -----  ---------  --------  ----------  --------------  -------------------
/opt/airflow/dags/monitoring_retraining_dag.py                           1           0  0.45s           2026-01-16T05:49:56
================================================================================
[2026-01-16T05:50:53.729+0000] {manager.py:878} INFO - 
================================================================================
DAG File Processing Stats

File Path                                       PID    Runtime      # DAGs    # Errors  Last Runtime    Last Run
----------------------------------------------  -----  ---------  --------  ----------  --------------  -------------------
/opt/airflow/dags/monitoring_retraining_dag.py                           1           0  0.44s           2026-01-16T05:50:27
================================================================================
[2026-01-16T05:51:24.002+0000] {manager.py:878} INFO - 
================================================================================
DAG File Processing Stats

File Path                                       PID    Runtime      # DAGs    # Errors  Last Runtime    Last Run
----------------------------------------------  -----  ---------  --------  ----------  --------------  -------------------
/opt/airflow/dags/monitoring_retraining_dag.py                           1           0  0.42s           2026-01-16T05:50:58
================================================================================
[2026-01-16T05:51:54.251+0000] {manager.py:878} INFO - 
================================================================================
DAG File Processing Stats

File Path                                       PID    Runtime      # DAGs    # Errors  Last Runtime    Last Run
----------------------------------------------  -----  ---------  --------  ----------  --------------  -------------------
/opt/airflow/dags/monitoring_retraining_dag.py                           1           0  0.44s           2026-01-16T05:51:29
================================================================================
[2026-01-16T05:52:21.980+0000] {manager.py:737} INFO - Searching for files in /opt/airflow/dags
[2026-01-16T05:52:22.001+0000] {manager.py:740} INFO - There are 1 files in /opt/airflow/dags
[2026-01-16T05:52:24.535+0000] {manager.py:878} INFO - 
================================================================================
DAG File Processing Stats

File Path                                       PID    Runtime      # DAGs    # Errors  Last Runtime    Last Run
----------------------------------------------  -----  ---------  --------  ----------  --------------  -------------------
/opt/airflow/dags/monitoring_retraining_dag.py                           1           0  0.97s           2026-01-16T05:52:00
================================================================================
[2026-01-16T05:52:55.314+0000] {manager.py:878} INFO - 
================================================================================
DAG File Processing Stats

File Path                                       PID    Runtime      # DAGs    # Errors  Last Runtime    Last Run
----------------------------------------------  -----  ---------  --------  ----------  --------------  -------------------
/opt/airflow/dags/monitoring_retraining_dag.py                           1           0  0.47s           2026-01-16T05:52:31
================================================================================
[2026-01-16T05:53:25.570+0000] {manager.py:878} INFO - 
================================================================================
DAG File Processing Stats

File Path                                       PID    Runtime      # DAGs    # Errors  Last Runtime    Last Run
----------------------------------------------  -----  ---------  --------  ----------  --------------  -------------------
/opt/airflow/dags/monitoring_retraining_dag.py                           1           0  0.44s           2026-01-16T05:53:01
================================================================================
[2026-01-16T05:53:55.705+0000] {manager.py:878} INFO - 
================================================================================
DAG File Processing Stats

File Path                                       PID    Runtime      # DAGs    # Errors  Last Runtime    Last Run
----------------------------------------------  -----  ---------  --------  ----------  --------------  -------------------
/opt/airflow/dags/monitoring_retraining_dag.py                           1           0  0.51s           2026-01-16T05:53:32
================================================================================
[2026-01-16T05:54:26.433+0000] {manager.py:878} INFO - 
================================================================================
DAG File Processing Stats

File Path                                       PID    Runtime      # DAGs    # Errors  Last Runtime    Last Run
----------------------------------------------  -----  ---------  --------  ----------  --------------  -------------------
/opt/airflow/dags/monitoring_retraining_dag.py                           1           0  0.72s           2026-01-16T05:54:03
================================================================================
[2026-01-16T05:54:56.853+0000] {manager.py:878} INFO - 
================================================================================
DAG File Processing Stats

File Path                                       PID    Runtime      # DAGs    # Errors  Last Runtime    Last Run
----------------------------------------------  -----  ---------  --------  ----------  --------------  -------------------
/opt/airflow/dags/monitoring_retraining_dag.py                           1           0  0.48s           2026-01-16T05:54:33
================================================================================
[2026-01-16T05:55:26.924+0000] {manager.py:878} INFO - 
================================================================================
DAG File Processing Stats

File Path                                       PID    Runtime      # DAGs    # Errors  Last Runtime    Last Run
----------------------------------------------  -----  ---------  --------  ----------  --------------  -------------------
/opt/airflow/dags/monitoring_retraining_dag.py                           1           0  0.54s           2026-01-16T05:55:04
================================================================================
[2026-01-16T05:55:57.603+0000] {manager.py:878} INFO - 
================================================================================
DAG File Processing Stats

File Path                                       PID    Runtime      # DAGs    # Errors  Last Runtime    Last Run
----------------------------------------------  -----  ---------  --------  ----------  --------------  -------------------
/opt/airflow/dags/monitoring_retraining_dag.py                           1           0  0.47s           2026-01-16T05:55:35
================================================================================
[2026-01-16T05:56:27.884+0000] {manager.py:878} INFO - 
================================================================================
DAG File Processing Stats

File Path                                       PID    Runtime      # DAGs    # Errors  Last Runtime    Last Run
----------------------------------------------  -----  ---------  --------  ----------  --------------  -------------------
/opt/airflow/dags/monitoring_retraining_dag.py                           1           0  0.47s           2026-01-16T05:56:06
================================================================================
[2026-01-16T05:56:58.007+0000] {manager.py:878} INFO - 
================================================================================
DAG File Processing Stats

File Path                                       PID    Runtime      # DAGs    # Errors  Last Runtime    Last Run
----------------------------------------------  -----  ---------  --------  ----------  --------------  -------------------
/opt/airflow/dags/monitoring_retraining_dag.py                           1           0  0.51s           2026-01-16T05:56:36
================================================================================
[2026-01-16T05:57:22.185+0000] {manager.py:737} INFO - Searching for files in /opt/airflow/dags
[2026-01-16T05:57:22.231+0000] {manager.py:740} INFO - There are 1 files in /opt/airflow/dags
[2026-01-16T05:57:28.300+0000] {manager.py:878} INFO - 
================================================================================
DAG File Processing Stats

File Path                                       PID    Runtime      # DAGs    # Errors  Last Runtime    Last Run
----------------------------------------------  -----  ---------  --------  ----------  --------------  -------------------
/opt/airflow/dags/monitoring_retraining_dag.py                           1           0  0.47s           2026-01-16T05:57:07
================================================================================
[2026-01-16T05:57:58.389+0000] {manager.py:878} INFO - 
================================================================================
DAG File Processing Stats

File Path                                       PID    Runtime      # DAGs    # Errors  Last Runtime    Last Run
----------------------------------------------  -----  ---------  --------  ----------  --------------  -------------------
/opt/airflow/dags/monitoring_retraining_dag.py                           1           0  0.47s           2026-01-16T05:57:38
================================================================================
[2026-01-16T05:58:28.701+0000] {manager.py:878} INFO - 
================================================================================
DAG File Processing Stats

File Path                                       PID    Runtime      # DAGs    # Errors  Last Runtime    Last Run
----------------------------------------------  -----  ---------  --------  ----------  --------------  -------------------
/opt/airflow/dags/monitoring_retraining_dag.py                           1           0  0.45s           2026-01-16T05:58:08
================================================================================
[2026-01-16T05:58:58.897+0000] {manager.py:878} INFO - 
================================================================================
DAG File Processing Stats

File Path                                       PID    Runtime      # DAGs    # Errors  Last Runtime    Last Run
----------------------------------------------  -----  ---------  --------  ----------  --------------  -------------------
/opt/airflow/dags/monitoring_retraining_dag.py                           1           0  0.53s           2026-01-16T05:58:39
================================================================================
[2026-01-16T05:59:28.920+0000] {manager.py:878} INFO - 
================================================================================
DAG File Processing Stats

File Path                                       PID    Runtime      # DAGs    # Errors  Last Runtime    Last Run
----------------------------------------------  -----  ---------  --------  ----------  --------------  -------------------
/opt/airflow/dags/monitoring_retraining_dag.py                           1           0  0.73s           2026-01-16T05:59:10
================================================================================
[2026-01-16T05:59:59.444+0000] {manager.py:878} INFO - 
================================================================================
DAG File Processing Stats

File Path                                       PID    Runtime      # DAGs    # Errors  Last Runtime    Last Run
----------------------------------------------  -----  ---------  --------  ----------  --------------  -------------------
/opt/airflow/dags/monitoring_retraining_dag.py                           1           0  0.45s           2026-01-16T05:59:41
================================================================================
[2026-01-16T06:00:29.970+0000] {manager.py:878} INFO - 
================================================================================
DAG File Processing Stats

File Path                                       PID    Runtime      # DAGs    # Errors  Last Runtime    Last Run
----------------------------------------------  -----  ---------  --------  ----------  --------------  -------------------
/opt/airflow/dags/monitoring_retraining_dag.py                           1           0  0.43s           2026-01-16T06:00:11
================================================================================
[2026-01-16T06:01:00.532+0000] {manager.py:878} INFO - 
================================================================================
DAG File Processing Stats

File Path                                       PID    Runtime      # DAGs    # Errors  Last Runtime    Last Run
----------------------------------------------  -----  ---------  --------  ----------  --------------  -------------------
/opt/airflow/dags/monitoring_retraining_dag.py                           1           0  0.46s           2026-01-16T06:00:42
================================================================================
[2026-01-16T06:01:30.666+0000] {manager.py:878} INFO - 
================================================================================
DAG File Processing Stats

File Path                                       PID    Runtime      # DAGs    # Errors  Last Runtime    Last Run
----------------------------------------------  -----  ---------  --------  ----------  --------------  -------------------
/opt/airflow/dags/monitoring_retraining_dag.py                           1           0  0.45s           2026-01-16T06:01:13
================================================================================
[2026-01-16T06:02:00.958+0000] {manager.py:878} INFO - 
================================================================================
DAG File Processing Stats

File Path                                       PID    Runtime      # DAGs    # Errors  Last Runtime    Last Run
----------------------------------------------  -----  ---------  --------  ----------  --------------  -------------------
/opt/airflow/dags/monitoring_retraining_dag.py                           1           0  0.48s           2026-01-16T06:01:44
================================================================================
[2026-01-16T06:02:22.603+0000] {manager.py:737} INFO - Searching for files in /opt/airflow/dags
[2026-01-16T06:02:22.625+0000] {manager.py:740} INFO - There are 1 files in /opt/airflow/dags
[2026-01-16T06:02:31.097+0000] {manager.py:878} INFO - 
================================================================================
DAG File Processing Stats

File Path                                       PID    Runtime      # DAGs    # Errors  Last Runtime    Last Run
----------------------------------------------  -----  ---------  --------  ----------  --------------  -------------------
/opt/airflow/dags/monitoring_retraining_dag.py                           1           0  0.42s           2026-01-16T06:02:14
================================================================================
[2026-01-16T06:03:01.259+0000] {manager.py:878} INFO - 
================================================================================
DAG File Processing Stats

File Path                                       PID    Runtime      # DAGs    # Errors  Last Runtime    Last Run
----------------------------------------------  -----  ---------  --------  ----------  --------------  -------------------
/opt/airflow/dags/monitoring_retraining_dag.py                           1           0  0.88s           2026-01-16T06:02:46
================================================================================
[2026-01-16T06:03:32.212+0000] {manager.py:878} INFO - 
================================================================================
DAG File Processing Stats

File Path                                       PID    Runtime      # DAGs    # Errors  Last Runtime    Last Run
----------------------------------------------  -----  ---------  --------  ----------  --------------  -------------------
/opt/airflow/dags/monitoring_retraining_dag.py                           1           0  0.67s           2026-01-16T06:03:17
================================================================================
[2026-01-16T06:04:02.490+0000] {manager.py:878} INFO - 
================================================================================
DAG File Processing Stats

File Path                                       PID    Runtime      # DAGs    # Errors  Last Runtime    Last Run
----------------------------------------------  -----  ---------  --------  ----------  --------------  -------------------
/opt/airflow/dags/monitoring_retraining_dag.py                           1           0  0.44s           2026-01-16T06:03:47
================================================================================
[2026-01-16T06:04:32.660+0000] {manager.py:878} INFO - 
================================================================================
DAG File Processing Stats

File Path                                       PID    Runtime      # DAGs    # Errors  Last Runtime    Last Run
----------------------------------------------  -----  ---------  --------  ----------  --------------  -------------------
/opt/airflow/dags/monitoring_retraining_dag.py                           1           0  0.47s           2026-01-16T06:04:18
================================================================================
[2026-01-16T06:05:03.416+0000] {manager.py:878} INFO - 
================================================================================
DAG File Processing Stats

File Path                                       PID    Runtime      # DAGs    # Errors  Last Runtime    Last Run
----------------------------------------------  -----  ---------  --------  ----------  --------------  -------------------
/opt/airflow/dags/monitoring_retraining_dag.py                           1           0  0.61s           2026-01-16T06:04:49
================================================================================
[2026-01-16T06:05:33.762+0000] {manager.py:878} INFO - 
================================================================================
DAG File Processing Stats

File Path                                       PID    Runtime      # DAGs    # Errors  Last Runtime    Last Run
----------------------------------------------  -----  ---------  --------  ----------  --------------  -------------------
/opt/airflow/dags/monitoring_retraining_dag.py                           1           0  0.48s           2026-01-16T06:05:20
================================================================================
[2026-01-16T06:06:03.842+0000] {manager.py:878} INFO - 
================================================================================
DAG File Processing Stats

File Path                                       PID    Runtime      # DAGs    # Errors  Last Runtime    Last Run
----------------------------------------------  -----  ---------  --------  ----------  --------------  -------------------
/opt/airflow/dags/monitoring_retraining_dag.py                           1           0  0.47s           2026-01-16T06:05:50
================================================================================
[2026-01-16T06:06:34.098+0000] {manager.py:878} INFO - 
================================================================================
DAG File Processing Stats

File Path                                       PID    Runtime      # DAGs    # Errors  Last Runtime    Last Run
----------------------------------------------  -----  ---------  --------  ----------  --------------  -------------------
/opt/airflow/dags/monitoring_retraining_dag.py                           1           0  0.52s           2026-01-16T06:06:21
================================================================================
[2026-01-16T06:07:04.241+0000] {manager.py:878} INFO - 
================================================================================
DAG File Processing Stats

File Path                                       PID    Runtime      # DAGs    # Errors  Last Runtime    Last Run
----------------------------------------------  -----  ---------  --------  ----------  --------------  -------------------
/opt/airflow/dags/monitoring_retraining_dag.py                           1           0  0.46s           2026-01-16T06:06:52
================================================================================
[2026-01-16T06:07:22.950+0000] {manager.py:737} INFO - Searching for files in /opt/airflow/dags
[2026-01-16T06:07:22.974+0000] {manager.py:740} INFO - There are 1 files in /opt/airflow/dags
[2026-01-16T06:07:34.614+0000] {manager.py:878} INFO - 
================================================================================
DAG File Processing Stats

File Path                                       PID    Runtime      # DAGs    # Errors  Last Runtime    Last Run
----------------------------------------------  -----  ---------  --------  ----------  --------------  -------------------
/opt/airflow/dags/monitoring_retraining_dag.py                           1           0  0.50s           2026-01-16T06:07:22
================================================================================
[2026-01-16T06:08:04.916+0000] {manager.py:878} INFO - 
================================================================================
DAG File Processing Stats

File Path                                       PID    Runtime      # DAGs    # Errors  Last Runtime    Last Run
----------------------------------------------  -----  ---------  --------  ----------  --------------  -------------------
/opt/airflow/dags/monitoring_retraining_dag.py                           1           0  0.45s           2026-01-16T06:07:53
================================================================================
[2026-01-16T06:08:35.276+0000] {manager.py:878} INFO - 
================================================================================
DAG File Processing Stats

File Path                                       PID    Runtime      # DAGs    # Errors  Last Runtime    Last Run
----------------------------------------------  -----  ---------  --------  ----------  --------------  -------------------
/opt/airflow/dags/monitoring_retraining_dag.py                           1           0  0.45s           2026-01-16T06:08:24
================================================================================
[2026-01-16T06:09:05.481+0000] {manager.py:878} INFO - 
================================================================================
DAG File Processing Stats

File Path                                       PID    Runtime      # DAGs    # Errors  Last Runtime    Last Run
----------------------------------------------  -----  ---------  --------  ----------  --------------  -------------------
/opt/airflow/dags/monitoring_retraining_dag.py                           1           0  0.46s           2026-01-16T06:08:55
================================================================================
[2026-01-16T06:09:35.729+0000] {manager.py:878} INFO - 
================================================================================
DAG File Processing Stats

File Path                                       PID    Runtime      # DAGs    # Errors  Last Runtime    Last Run
----------------------------------------------  -----  ---------  --------  ----------  --------------  -------------------
/opt/airflow/dags/monitoring_retraining_dag.py                           1           0  1.20s           2026-01-16T06:09:26
================================================================================
[2026-01-16T06:10:06.193+0000] {manager.py:878} INFO - 
================================================================================
DAG File Processing Stats

File Path                                       PID    Runtime      # DAGs    # Errors  Last Runtime    Last Run
----------------------------------------------  -----  ---------  --------  ----------  --------------  -------------------
/opt/airflow/dags/monitoring_retraining_dag.py                           1           0  0.45s           2026-01-16T06:09:57
================================================================================
[2026-01-16T06:10:36.307+0000] {manager.py:878} INFO - 
================================================================================
DAG File Processing Stats

File Path                                       PID    Runtime      # DAGs    # Errors  Last Runtime    Last Run
----------------------------------------------  -----  ---------  --------  ----------  --------------  -------------------
/opt/airflow/dags/monitoring_retraining_dag.py                           1           0  0.43s           2026-01-16T06:10:28
================================================================================
[2026-01-16T06:11:06.620+0000] {manager.py:878} INFO - 
================================================================================
DAG File Processing Stats

File Path                                       PID    Runtime      # DAGs    # Errors  Last Runtime    Last Run
----------------------------------------------  -----  ---------  --------  ----------  --------------  -------------------
/opt/airflow/dags/monitoring_retraining_dag.py                           1           0  0.44s           2026-01-16T06:10:58
================================================================================
[2026-01-16T06:11:36.907+0000] {manager.py:878} INFO - 
================================================================================
DAG File Processing Stats

File Path                                       PID    Runtime      # DAGs    # Errors  Last Runtime    Last Run
----------------------------------------------  -----  ---------  --------  ----------  --------------  -------------------
/opt/airflow/dags/monitoring_retraining_dag.py                           1           0  0.52s           2026-01-16T06:11:29
================================================================================
[2026-01-16T06:12:07.234+0000] {manager.py:878} INFO - 
================================================================================
DAG File Processing Stats

File Path                                       PID    Runtime      # DAGs    # Errors  Last Runtime    Last Run
----------------------------------------------  -----  ---------  --------  ----------  --------------  -------------------
/opt/airflow/dags/monitoring_retraining_dag.py                           1           0  0.43s           2026-01-16T06:12:00
================================================================================
[2026-01-16T06:12:23.349+0000] {manager.py:737} INFO - Searching for files in /opt/airflow/dags
[2026-01-16T06:12:23.400+0000] {manager.py:740} INFO - There are 1 files in /opt/airflow/dags
[2026-01-16T06:12:37.338+0000] {manager.py:878} INFO - 
================================================================================
DAG File Processing Stats

File Path                                       PID    Runtime      # DAGs    # Errors  Last Runtime    Last Run
----------------------------------------------  -----  ---------  --------  ----------  --------------  -------------------
/opt/airflow/dags/monitoring_retraining_dag.py                           1           0  0.43s           2026-01-16T06:12:31
================================================================================
[2026-01-16T06:13:07.677+0000] {manager.py:878} INFO - 
================================================================================
DAG File Processing Stats

File Path                                       PID    Runtime      # DAGs    # Errors  Last Runtime    Last Run
----------------------------------------------  -----  ---------  --------  ----------  --------------  -------------------
/opt/airflow/dags/monitoring_retraining_dag.py                           1           0  0.45s           2026-01-16T06:13:02
================================================================================
[2026-01-16T06:13:37.857+0000] {manager.py:878} INFO - 
================================================================================
DAG File Processing Stats

File Path                                       PID    Runtime      # DAGs    # Errors  Last Runtime    Last Run
----------------------------------------------  -----  ---------  --------  ----------  --------------  -------------------
/opt/airflow/dags/monitoring_retraining_dag.py                           1           0  0.45s           2026-01-16T06:13:32
================================================================================
[2026-01-16T06:14:08.131+0000] {manager.py:878} INFO - 
================================================================================
DAG File Processing Stats

File Path                                       PID    Runtime      # DAGs    # Errors  Last Runtime    Last Run
----------------------------------------------  -----  ---------  --------  ----------  --------------  -------------------
/opt/airflow/dags/monitoring_retraining_dag.py                           1           0  0.53s           2026-01-16T06:14:03
================================================================================
[2026-01-16T06:14:38.430+0000] {manager.py:878} INFO - 
================================================================================
DAG File Processing Stats

File Path                                       PID    Runtime      # DAGs    # Errors  Last Runtime    Last Run
----------------------------------------------  -----  ---------  --------  ----------  --------------  -------------------
/opt/airflow/dags/monitoring_retraining_dag.py                           1           0  0.46s           2026-01-16T06:14:34
================================================================================
[2026-01-16T06:15:08.738+0000] {manager.py:878} INFO - 
================================================================================
DAG File Processing Stats

File Path                                       PID    Runtime      # DAGs    # Errors  Last Runtime    Last Run
----------------------------------------------  -----  ---------  --------  ----------  --------------  -------------------
/opt/airflow/dags/monitoring_retraining_dag.py                           1           0  0.44s           2026-01-16T06:15:05
================================================================================
[2026-01-16T06:15:38.996+0000] {manager.py:878} INFO - 
================================================================================
DAG File Processing Stats

File Path                                       PID    Runtime      # DAGs    # Errors  Last Runtime    Last Run
----------------------------------------------  -----  ---------  --------  ----------  --------------  -------------------
/opt/airflow/dags/monitoring_retraining_dag.py                           1           0  0.45s           2026-01-16T06:15:35
================================================================================
[2026-01-16T06:16:09.112+0000] {manager.py:878} INFO - 
================================================================================
DAG File Processing Stats

File Path                                       PID    Runtime      # DAGs    # Errors  Last Runtime    Last Run
----------------------------------------------  -----  ---------  --------  ----------  --------------  -------------------
/opt/airflow/dags/monitoring_retraining_dag.py                           1           0  0.79s           2026-01-16T06:16:07
================================================================================
[2026-01-16T06:16:39.347+0000] {manager.py:878} INFO - 
================================================================================
DAG File Processing Stats

File Path                                       PID    Runtime      # DAGs    # Errors  Last Runtime    Last Run
----------------------------------------------  -----  ---------  --------  ----------  --------------  -------------------
/opt/airflow/dags/monitoring_retraining_dag.py                           1           0  0.49s           2026-01-16T06:16:37
================================================================================
[2026-01-16T06:17:09.489+0000] {manager.py:878} INFO - 
================================================================================
DAG File Processing Stats

File Path                                       PID    Runtime      # DAGs    # Errors  Last Runtime    Last Run
----------------------------------------------  -----  ---------  --------  ----------  --------------  -------------------
/opt/airflow/dags/monitoring_retraining_dag.py                           1           0  0.50s           2026-01-16T06:17:08
================================================================================
[2026-01-16T06:17:23.564+0000] {manager.py:737} INFO - Searching for files in /opt/airflow/dags
[2026-01-16T06:17:23.590+0000] {manager.py:740} INFO - There are 1 files in /opt/airflow/dags
[2026-01-16T06:17:40.171+0000] {manager.py:878} INFO - 
================================================================================
DAG File Processing Stats

File Path                                       PID    Runtime      # DAGs    # Errors  Last Runtime    Last Run
----------------------------------------------  -----  ---------  --------  ----------  --------------  -------------------
/opt/airflow/dags/monitoring_retraining_dag.py                           1           0  0.50s           2026-01-16T06:17:39
================================================================================
[2026-01-16T06:18:10.356+0000] {manager.py:878} INFO - 
================================================================================
DAG File Processing Stats

File Path                                       PID    Runtime      # DAGs    # Errors  Last Runtime    Last Run
----------------------------------------------  -----  ---------  --------  ----------  --------------  -------------------
/opt/airflow/dags/monitoring_retraining_dag.py                           1           0  0.49s           2026-01-16T06:18:09
================================================================================
[2026-01-16T06:18:40.482+0000] {manager.py:878} INFO - 
================================================================================
DAG File Processing Stats

File Path                                       PID    Runtime      # DAGs    # Errors  Last Runtime    Last Run
----------------------------------------------  -----  ---------  --------  ----------  --------------  -------------------
/opt/airflow/dags/monitoring_retraining_dag.py                           1           0  0.46s           2026-01-16T06:18:40
================================================================================
[2026-01-16T06:19:10.655+0000] {manager.py:878} INFO - 
================================================================================
DAG File Processing Stats

File Path                                         PID  Runtime      # DAGs    # Errors  Last Runtime    Last Run
----------------------------------------------  -----  ---------  --------  ----------  --------------  -------------------
/opt/airflow/dags/monitoring_retraining_dag.py    844  0.00s             1           0  0.46s           2026-01-16T06:18:40
================================================================================
[2026-01-16T06:19:41.373+0000] {manager.py:878} INFO - 
================================================================================
DAG File Processing Stats

File Path                                         PID  Runtime      # DAGs    # Errors  Last Runtime    Last Run
----------------------------------------------  -----  ---------  --------  ----------  --------------  -------------------
/opt/airflow/dags/monitoring_retraining_dag.py    850  0.00s             1           0  0.57s           2026-01-16T06:19:11
================================================================================
[2026-01-16T06:20:11.666+0000] {manager.py:878} INFO - 
================================================================================
DAG File Processing Stats

File Path                                       PID    Runtime      # DAGs    # Errors  Last Runtime    Last Run
----------------------------------------------  -----  ---------  --------  ----------  --------------  -------------------
/opt/airflow/dags/monitoring_retraining_dag.py                           1           0  0.49s           2026-01-16T06:19:41
================================================================================
[2026-01-16T06:20:41.871+0000] {manager.py:878} INFO - 
================================================================================
DAG File Processing Stats

File Path                                       PID    Runtime      # DAGs    # Errors  Last Runtime    Last Run
----------------------------------------------  -----  ---------  --------  ----------  --------------  -------------------
/opt/airflow/dags/monitoring_retraining_dag.py                           1           0  0.46s           2026-01-16T06:20:12
================================================================================
[2026-01-16T06:21:12.116+0000] {manager.py:878} INFO - 
================================================================================
DAG File Processing Stats

File Path                                       PID    Runtime      # DAGs    # Errors  Last Runtime    Last Run
----------------------------------------------  -----  ---------  --------  ----------  --------------  -------------------
/opt/airflow/dags/monitoring_retraining_dag.py                           1           0  0.47s           2026-01-16T06:20:43
================================================================================
[2026-01-16T06:21:42.450+0000] {manager.py:878} INFO - 
================================================================================
DAG File Processing Stats

File Path                                       PID    Runtime      # DAGs    # Errors  Last Runtime    Last Run
----------------------------------------------  -----  ---------  --------  ----------  --------------  -------------------
/opt/airflow/dags/monitoring_retraining_dag.py                           1           0  0.46s           2026-01-16T06:21:14
================================================================================
[2026-01-16T06:22:12.795+0000] {manager.py:878} INFO - 
================================================================================
DAG File Processing Stats

File Path                                       PID    Runtime      # DAGs    # Errors  Last Runtime    Last Run
----------------------------------------------  -----  ---------  --------  ----------  --------------  -------------------
/opt/airflow/dags/monitoring_retraining_dag.py                           1           0  0.44s           2026-01-16T06:21:44
================================================================================
[2026-01-16T06:22:23.698+0000] {manager.py:737} INFO - Searching for files in /opt/airflow/dags
[2026-01-16T06:22:23.731+0000] {manager.py:740} INFO - There are 1 files in /opt/airflow/dags
[2026-01-16T06:22:42.910+0000] {manager.py:878} INFO - 
================================================================================
DAG File Processing Stats

File Path                                       PID    Runtime      # DAGs    # Errors  Last Runtime    Last Run
----------------------------------------------  -----  ---------  --------  ----------  --------------  -------------------
/opt/airflow/dags/monitoring_retraining_dag.py                           1           0  0.44s           2026-01-16T06:22:15
================================================================================
[2026-01-16T06:23:13.175+0000] {manager.py:878} INFO - 
================================================================================
DAG File Processing Stats

File Path                                       PID    Runtime      # DAGs    # Errors  Last Runtime    Last Run
----------------------------------------------  -----  ---------  --------  ----------  --------------  -------------------
/opt/airflow/dags/monitoring_retraining_dag.py                           1           0  0.45s           2026-01-16T06:22:46
================================================================================
[2026-01-16T06:23:43.439+0000] {manager.py:878} INFO - 
================================================================================
DAG File Processing Stats

File Path                                       PID    Runtime      # DAGs    # Errors  Last Runtime    Last Run
----------------------------------------------  -----  ---------  --------  ----------  --------------  -------------------
/opt/airflow/dags/monitoring_retraining_dag.py                           1           0  0.77s           2026-01-16T06:23:17
================================================================================
[2026-01-16T06:24:13.562+0000] {manager.py:878} INFO - 
================================================================================
DAG File Processing Stats

File Path                                       PID    Runtime      # DAGs    # Errors  Last Runtime    Last Run
----------------------------------------------  -----  ---------  --------  ----------  --------------  -------------------
/opt/airflow/dags/monitoring_retraining_dag.py                           1           0  0.45s           2026-01-16T06:23:48
================================================================================
[2026-01-16T06:24:44.269+0000] {manager.py:878} INFO - 
================================================================================
DAG File Processing Stats

File Path                                       PID    Runtime      # DAGs    # Errors  Last Runtime    Last Run
----------------------------------------------  -----  ---------  --------  ----------  --------------  -------------------
/opt/airflow/dags/monitoring_retraining_dag.py                           1           0  0.54s           2026-01-16T06:24:19
================================================================================
[2026-01-16T06:25:14.496+0000] {manager.py:878} INFO - 
================================================================================
DAG File Processing Stats

File Path                                       PID    Runtime      # DAGs    # Errors  Last Runtime    Last Run
----------------------------------------------  -----  ---------  --------  ----------  --------------  -------------------
/opt/airflow/dags/monitoring_retraining_dag.py                           1           0  0.50s           2026-01-16T06:24:49
================================================================================
[2026-01-16T06:25:44.635+0000] {manager.py:878} INFO - 
================================================================================
DAG File Processing Stats

File Path                                       PID    Runtime      # DAGs    # Errors  Last Runtime    Last Run
----------------------------------------------  -----  ---------  --------  ----------  --------------  -------------------
/opt/airflow/dags/monitoring_retraining_dag.py                           1           0  0.46s           2026-01-16T06:25:20
================================================================================
[2026-01-16T06:26:14.893+0000] {manager.py:878} INFO - 
================================================================================
DAG File Processing Stats

File Path                                       PID    Runtime      # DAGs    # Errors  Last Runtime    Last Run
----------------------------------------------  -----  ---------  --------  ----------  --------------  -------------------
/opt/airflow/dags/monitoring_retraining_dag.py                           1           0  0.45s           2026-01-16T06:25:51
================================================================================
[2026-01-16T06:26:45.010+0000] {manager.py:878} INFO - 
================================================================================
DAG File Processing Stats

File Path                                       PID    Runtime      # DAGs    # Errors  Last Runtime    Last Run
----------------------------------------------  -----  ---------  --------  ----------  --------------  -------------------
/opt/airflow/dags/monitoring_retraining_dag.py                           1           0  0.49s           2026-01-16T06:26:21
================================================================================
[2026-01-16T06:27:15.203+0000] {manager.py:878} INFO - 
================================================================================
DAG File Processing Stats

File Path                                       PID    Runtime      # DAGs    # Errors  Last Runtime    Last Run
----------------------------------------------  -----  ---------  --------  ----------  --------------  -------------------
/opt/airflow/dags/monitoring_retraining_dag.py                           1           0  0.45s           2026-01-16T06:26:52
================================================================================
[2026-01-16T06:27:23.759+0000] {manager.py:737} INFO - Searching for files in /opt/airflow/dags
[2026-01-16T06:27:23.786+0000] {manager.py:740} INFO - There are 1 files in /opt/airflow/dags
[2026-01-16T06:27:45.360+0000] {manager.py:878} INFO - 
================================================================================
DAG File Processing Stats

File Path                                       PID    Runtime      # DAGs    # Errors  Last Runtime    Last Run
----------------------------------------------  -----  ---------  --------  ----------  --------------  -------------------
/opt/airflow/dags/monitoring_retraining_dag.py                           1           0  0.47s           2026-01-16T06:27:23
================================================================================
[2026-01-16T06:28:15.560+0000] {manager.py:878} INFO - 
================================================================================
DAG File Processing Stats

File Path                                       PID    Runtime      # DAGs    # Errors  Last Runtime    Last Run
----------------------------------------------  -----  ---------  --------  ----------  --------------  -------------------
/opt/airflow/dags/monitoring_retraining_dag.py                           1           0  0.47s           2026-01-16T06:27:53
================================================================================
[2026-01-16T06:28:45.689+0000] {manager.py:878} INFO - 
================================================================================
DAG File Processing Stats

File Path                                       PID    Runtime      # DAGs    # Errors  Last Runtime    Last Run
----------------------------------------------  -----  ---------  --------  ----------  --------------  -------------------
/opt/airflow/dags/monitoring_retraining_dag.py                           1           0  0.46s           2026-01-16T06:28:24
================================================================================
[2026-01-16T06:29:15.902+0000] {manager.py:878} INFO - 
================================================================================
DAG File Processing Stats

File Path                                       PID    Runtime      # DAGs    # Errors  Last Runtime    Last Run
----------------------------------------------  -----  ---------  --------  ----------  --------------  -------------------
/opt/airflow/dags/monitoring_retraining_dag.py                           1           0  0.46s           2026-01-16T06:28:55
================================================================================
[2026-01-16T06:29:46.045+0000] {manager.py:878} INFO - 
================================================================================
DAG File Processing Stats

File Path                                       PID    Runtime      # DAGs    # Errors  Last Runtime    Last Run
----------------------------------------------  -----  ---------  --------  ----------  --------------  -------------------
/opt/airflow/dags/monitoring_retraining_dag.py                           1           0  0.49s           2026-01-16T06:29:25
================================================================================
[2026-01-16T06:30:16.265+0000] {manager.py:878} INFO - 
================================================================================
DAG File Processing Stats

File Path                                       PID    Runtime      # DAGs    # Errors  Last Runtime    Last Run
----------------------------------------------  -----  ---------  --------  ----------  --------------  -------------------
/opt/airflow/dags/monitoring_retraining_dag.py                           1           0  0.47s           2026-01-16T06:29:56
================================================================================
[2026-01-16T06:30:46.478+0000] {manager.py:878} INFO - 
================================================================================
DAG File Processing Stats

File Path                                       PID    Runtime      # DAGs    # Errors  Last Runtime    Last Run
----------------------------------------------  -----  ---------  --------  ----------  --------------  -------------------
/opt/airflow/dags/monitoring_retraining_dag.py                           1           0  0.96s           2026-01-16T06:30:27
================================================================================
[2026-01-16T06:31:16.610+0000] {manager.py:878} INFO - 
================================================================================
DAG File Processing Stats

File Path                                       PID    Runtime      # DAGs    # Errors  Last Runtime    Last Run
----------------------------------------------  -----  ---------  --------  ----------  --------------  -------------------
/opt/airflow/dags/monitoring_retraining_dag.py                           1           0  0.51s           2026-01-16T06:30:58
================================================================================
[2026-01-16T06:31:47.330+0000] {manager.py:878} INFO - 
================================================================================
DAG File Processing Stats

File Path                                       PID    Runtime      # DAGs    # Errors  Last Runtime    Last Run
----------------------------------------------  -----  ---------  --------  ----------  --------------  -------------------
/opt/airflow/dags/monitoring_retraining_dag.py                           1           0  0.48s           2026-01-16T06:31:29
================================================================================
[2026-01-16T06:32:17.583+0000] {manager.py:878} INFO - 
================================================================================
DAG File Processing Stats

File Path                                       PID    Runtime      # DAGs    # Errors  Last Runtime    Last Run
----------------------------------------------  -----  ---------  --------  ----------  --------------  -------------------
/opt/airflow/dags/monitoring_retraining_dag.py                           1           0  0.45s           2026-01-16T06:31:59
================================================================================
[2026-01-16T06:32:24.062+0000] {manager.py:737} INFO - Searching for files in /opt/airflow/dags
[2026-01-16T06:32:24.083+0000] {manager.py:740} INFO - There are 1 files in /opt/airflow/dags
[2026-01-16T06:32:47.763+0000] {manager.py:878} INFO - 
================================================================================
DAG File Processing Stats

File Path                                       PID    Runtime      # DAGs    # Errors  Last Runtime    Last Run
----------------------------------------------  -----  ---------  --------  ----------  --------------  -------------------
/opt/airflow/dags/monitoring_retraining_dag.py                           1           0  0.50s           2026-01-16T06:32:30
================================================================================
[2026-01-16T06:33:18.472+0000] {manager.py:878} INFO - 
================================================================================
DAG File Processing Stats

File Path                                       PID    Runtime      # DAGs    # Errors  Last Runtime    Last Run
----------------------------------------------  -----  ---------  --------  ----------  --------------  -------------------
/opt/airflow/dags/monitoring_retraining_dag.py                           1           0  0.51s           2026-01-16T06:33:01
================================================================================
[2026-01-16T06:33:48.762+0000] {manager.py:878} INFO - 
================================================================================
DAG File Processing Stats

File Path                                       PID    Runtime      # DAGs    # Errors  Last Runtime    Last Run
----------------------------------------------  -----  ---------  --------  ----------  --------------  -------------------
/opt/airflow/dags/monitoring_retraining_dag.py                           1           0  0.46s           2026-01-16T06:33:32
================================================================================
[2026-01-16T06:34:18.874+0000] {manager.py:878} INFO - 
================================================================================
DAG File Processing Stats

File Path                                       PID    Runtime      # DAGs    # Errors  Last Runtime    Last Run
----------------------------------------------  -----  ---------  --------  ----------  --------------  -------------------
/opt/airflow/dags/monitoring_retraining_dag.py                           1           0  0.44s           2026-01-16T06:34:02
================================================================================
[2026-01-16T06:34:49.088+0000] {manager.py:878} INFO - 
================================================================================
DAG File Processing Stats

File Path                                       PID    Runtime      # DAGs    # Errors  Last Runtime    Last Run
----------------------------------------------  -----  ---------  --------  ----------  --------------  -------------------
/opt/airflow/dags/monitoring_retraining_dag.py                           1           0  0.45s           2026-01-16T06:34:33
================================================================================
[2026-01-16T06:35:19.324+0000] {manager.py:878} INFO - 
================================================================================
DAG File Processing Stats

File Path                                       PID    Runtime      # DAGs    # Errors  Last Runtime    Last Run
----------------------------------------------  -----  ---------  --------  ----------  --------------  -------------------
/opt/airflow/dags/monitoring_retraining_dag.py                           1           0  0.53s           2026-01-16T06:35:04
================================================================================
[2026-01-16T06:35:49.543+0000] {manager.py:878} INFO - 
================================================================================
DAG File Processing Stats

File Path                                       PID    Runtime      # DAGs    # Errors  Last Runtime    Last Run
----------------------------------------------  -----  ---------  --------  ----------  --------------  -------------------
/opt/airflow/dags/monitoring_retraining_dag.py                           1           0  0.48s           2026-01-16T06:35:34
================================================================================
[2026-01-16T06:36:19.679+0000] {manager.py:878} INFO - 
================================================================================
DAG File Processing Stats

File Path                                       PID    Runtime      # DAGs    # Errors  Last Runtime    Last Run
----------------------------------------------  -----  ---------  --------  ----------  --------------  -------------------
/opt/airflow/dags/monitoring_retraining_dag.py                           1           0  0.44s           2026-01-16T06:36:05
================================================================================
[2026-01-16T06:36:49.880+0000] {manager.py:878} INFO - 
================================================================================
DAG File Processing Stats

File Path                                       PID    Runtime      # DAGs    # Errors  Last Runtime    Last Run
----------------------------------------------  -----  ---------  --------  ----------  --------------  -------------------
/opt/airflow/dags/monitoring_retraining_dag.py                           1           0  0.44s           2026-01-16T06:36:36
================================================================================
[2026-01-16T06:37:20.017+0000] {manager.py:878} INFO - 
================================================================================
DAG File Processing Stats

File Path                                       PID    Runtime      # DAGs    # Errors  Last Runtime    Last Run
----------------------------------------------  -----  ---------  --------  ----------  --------------  -------------------
/opt/airflow/dags/monitoring_retraining_dag.py                           1           0  0.47s           2026-01-16T06:37:06
================================================================================
[2026-01-16T06:37:24.570+0000] {manager.py:737} INFO - Searching for files in /opt/airflow/dags
[2026-01-16T06:37:24.598+0000] {manager.py:740} INFO - There are 1 files in /opt/airflow/dags
[2026-01-16T06:37:50.202+0000] {manager.py:878} INFO - 
================================================================================
DAG File Processing Stats

File Path                                       PID    Runtime      # DAGs    # Errors  Last Runtime    Last Run
----------------------------------------------  -----  ---------  --------  ----------  --------------  -------------------
/opt/airflow/dags/monitoring_retraining_dag.py                           1           0  1.00s           2026-01-16T06:37:38
================================================================================
[2026-01-16T06:38:20.444+0000] {manager.py:878} INFO - 
================================================================================
DAG File Processing Stats

File Path                                       PID    Runtime      # DAGs    # Errors  Last Runtime    Last Run
----------------------------------------------  -----  ---------  --------  ----------  --------------  -------------------
/opt/airflow/dags/monitoring_retraining_dag.py                           1           0  0.46s           2026-01-16T06:38:08
================================================================================
[2026-01-16T06:38:50.552+0000] {manager.py:878} INFO - 
================================================================================
DAG File Processing Stats

File Path                                       PID    Runtime      # DAGs    # Errors  Last Runtime    Last Run
----------------------------------------------  -----  ---------  --------  ----------  --------------  -------------------
/opt/airflow/dags/monitoring_retraining_dag.py                           1           0  0.48s           2026-01-16T06:38:39
================================================================================
[2026-01-16T06:39:20.739+0000] {manager.py:878} INFO - 
================================================================================
DAG File Processing Stats

File Path                                       PID    Runtime      # DAGs    # Errors  Last Runtime    Last Run
----------------------------------------------  -----  ---------  --------  ----------  --------------  -------------------
/opt/airflow/dags/monitoring_retraining_dag.py                           1           0  0.46s           2026-01-16T06:39:10
================================================================================
[2026-01-16T06:39:50.915+0000] {manager.py:878} INFO - 
================================================================================
DAG File Processing Stats

File Path                                       PID    Runtime      # DAGs    # Errors  Last Runtime    Last Run
----------------------------------------------  -----  ---------  --------  ----------  --------------  -------------------
/opt/airflow/dags/monitoring_retraining_dag.py                           1           0  0.51s           2026-01-16T06:39:40
================================================================================
[2026-01-16T06:40:21.123+0000] {manager.py:878} INFO - 
================================================================================
DAG File Processing Stats

File Path                                       PID    Runtime      # DAGs    # Errors  Last Runtime    Last Run
----------------------------------------------  -----  ---------  --------  ----------  --------------  -------------------
/opt/airflow/dags/monitoring_retraining_dag.py                           1           0  0.48s           2026-01-16T06:40:11
================================================================================
[2026-01-16T06:40:51.271+0000] {manager.py:878} INFO - 
================================================================================
DAG File Processing Stats

File Path                                       PID    Runtime      # DAGs    # Errors  Last Runtime    Last Run
----------------------------------------------  -----  ---------  --------  ----------  --------------  -------------------
/opt/airflow/dags/monitoring_retraining_dag.py                           1           0  0.47s           2026-01-16T06:40:42
================================================================================
[2026-01-16T06:41:21.485+0000] {manager.py:878} INFO - 
================================================================================
DAG File Processing Stats

File Path                                       PID    Runtime      # DAGs    # Errors  Last Runtime    Last Run
----------------------------------------------  -----  ---------  --------  ----------  --------------  -------------------
/opt/airflow/dags/monitoring_retraining_dag.py                           1           0  0.47s           2026-01-16T06:41:12
================================================================================
[2026-01-16T06:41:51.585+0000] {manager.py:878} INFO - 
================================================================================
DAG File Processing Stats

File Path                                       PID    Runtime      # DAGs    # Errors  Last Runtime    Last Run
----------------------------------------------  -----  ---------  --------  ----------  --------------  -------------------
/opt/airflow/dags/monitoring_retraining_dag.py                           1           0  0.46s           2026-01-16T06:41:43
================================================================================
[2026-01-16T06:42:21.805+0000] {manager.py:878} INFO - 
================================================================================
DAG File Processing Stats

File Path                                       PID    Runtime      # DAGs    # Errors  Last Runtime    Last Run
----------------------------------------------  -----  ---------  --------  ----------  --------------  -------------------
/opt/airflow/dags/monitoring_retraining_dag.py                           1           0  0.50s           2026-01-16T06:42:14
================================================================================
[2026-01-16T06:42:24.824+0000] {manager.py:737} INFO - Searching for files in /opt/airflow/dags
[2026-01-16T06:42:24.854+0000] {manager.py:740} INFO - There are 1 files in /opt/airflow/dags
[2026-01-16T06:42:52.030+0000] {manager.py:878} INFO - 
================================================================================
DAG File Processing Stats

File Path                                       PID    Runtime      # DAGs    # Errors  Last Runtime    Last Run
----------------------------------------------  -----  ---------  --------  ----------  --------------  -------------------
/opt/airflow/dags/monitoring_retraining_dag.py                           1           0  0.65s           2026-01-16T06:42:45
================================================================================
[2026-01-16T06:43:22.311+0000] {manager.py:878} INFO - 
================================================================================
DAG File Processing Stats

File Path                                       PID    Runtime      # DAGs    # Errors  Last Runtime    Last Run
----------------------------------------------  -----  ---------  --------  ----------  --------------  -------------------
/opt/airflow/dags/monitoring_retraining_dag.py                           1           0  0.45s           2026-01-16T06:43:15
================================================================================
[2026-01-16T06:43:52.950+0000] {manager.py:878} INFO - 
================================================================================
DAG File Processing Stats

File Path                                       PID    Runtime      # DAGs    # Errors  Last Runtime    Last Run
----------------------------------------------  -----  ---------  --------  ----------  --------------  -------------------
/opt/airflow/dags/monitoring_retraining_dag.py                           1           0  1.04s           2026-01-16T06:43:46
================================================================================
[2026-01-16T06:44:23.206+0000] {manager.py:878} INFO - 
================================================================================
DAG File Processing Stats

File Path                                       PID    Runtime      # DAGs    # Errors  Last Runtime    Last Run
----------------------------------------------  -----  ---------  --------  ----------  --------------  -------------------
/opt/airflow/dags/monitoring_retraining_dag.py                           1           0  0.45s           2026-01-16T06:44:17
================================================================================
[2026-01-16T06:44:53.856+0000] {manager.py:878} INFO - 
================================================================================
DAG File Processing Stats

File Path                                       PID    Runtime      # DAGs    # Errors  Last Runtime    Last Run
----------------------------------------------  -----  ---------  --------  ----------  --------------  -------------------
/opt/airflow/dags/monitoring_retraining_dag.py                           1           0  1.08s           2026-01-16T06:44:48
================================================================================
[2026-01-16T06:45:24.115+0000] {manager.py:878} INFO - 
================================================================================
DAG File Processing Stats

File Path                                       PID    Runtime      # DAGs    # Errors  Last Runtime    Last Run
----------------------------------------------  -----  ---------  --------  ----------  --------------  -------------------
/opt/airflow/dags/monitoring_retraining_dag.py                           1           0  0.44s           2026-01-16T06:45:19
================================================================================
[2026-01-16T06:45:54.323+0000] {manager.py:878} INFO - 
================================================================================
DAG File Processing Stats

File Path                                       PID    Runtime      # DAGs    # Errors  Last Runtime    Last Run
----------------------------------------------  -----  ---------  --------  ----------  --------------  -------------------
/opt/airflow/dags/monitoring_retraining_dag.py                           1           0  0.98s           2026-01-16T06:45:50
================================================================================
[2026-01-16T06:46:24.424+0000] {manager.py:878} INFO - 
================================================================================
DAG File Processing Stats

File Path                                       PID    Runtime      # DAGs    # Errors  Last Runtime    Last Run
----------------------------------------------  -----  ---------  --------  ----------  --------------  -------------------
/opt/airflow/dags/monitoring_retraining_dag.py                           1           0  0.45s           2026-01-16T06:46:21
================================================================================
[2026-01-16T06:46:55.147+0000] {manager.py:878} INFO - 
================================================================================
DAG File Processing Stats

File Path                                       PID    Runtime      # DAGs    # Errors  Last Runtime    Last Run
----------------------------------------------  -----  ---------  --------  ----------  --------------  -------------------
/opt/airflow/dags/monitoring_retraining_dag.py                           1           0  0.67s           2026-01-16T06:46:52
================================================================================
[2026-01-16T06:47:24.836+0000] {manager.py:737} INFO - Searching for files in /opt/airflow/dags
[2026-01-16T06:47:24.862+0000] {manager.py:740} INFO - There are 1 files in /opt/airflow/dags
[2026-01-16T06:47:25.500+0000] {manager.py:878} INFO - 
================================================================================
DAG File Processing Stats

File Path                                       PID    Runtime      # DAGs    # Errors  Last Runtime    Last Run
----------------------------------------------  -----  ---------  --------  ----------  --------------  -------------------
/opt/airflow/dags/monitoring_retraining_dag.py                           1           0  0.46s           2026-01-16T06:47:22
================================================================================
[2026-01-16T06:47:55.543+0000] {manager.py:878} INFO - 
================================================================================
DAG File Processing Stats

File Path                                       PID    Runtime      # DAGs    # Errors  Last Runtime    Last Run
----------------------------------------------  -----  ---------  --------  ----------  --------------  -------------------
/opt/airflow/dags/monitoring_retraining_dag.py                           1           0  0.47s           2026-01-16T06:47:53
================================================================================
[2026-01-16T06:48:25.776+0000] {manager.py:878} INFO - 
================================================================================
DAG File Processing Stats

File Path                                       PID    Runtime      # DAGs    # Errors  Last Runtime    Last Run
----------------------------------------------  -----  ---------  --------  ----------  --------------  -------------------
/opt/airflow/dags/monitoring_retraining_dag.py                           1           0  0.46s           2026-01-16T06:48:24
================================================================================
[2026-01-16T06:48:55.986+0000] {manager.py:878} INFO - 
================================================================================
DAG File Processing Stats

File Path                                       PID    Runtime      # DAGs    # Errors  Last Runtime    Last Run
----------------------------------------------  -----  ---------  --------  ----------  --------------  -------------------
/opt/airflow/dags/monitoring_retraining_dag.py                           1           0  0.88s           2026-01-16T06:48:55
================================================================================
[2026-01-16T06:49:26.108+0000] {manager.py:878} INFO - 
================================================================================
DAG File Processing Stats

File Path                                       PID    Runtime      # DAGs    # Errors  Last Runtime    Last Run
----------------------------------------------  -----  ---------  --------  ----------  --------------  -------------------
/opt/airflow/dags/monitoring_retraining_dag.py                           1           0  0.60s           2026-01-16T06:49:26
================================================================================
[2026-01-16T06:49:39.536+0000] {manager.py:452} INFO - Exiting gracefully upon receiving signal 15
[2026-01-16T06:50:48.405+0000] {manager.py:470} INFO - Processing files using up to 2 processes at a time 
[2026-01-16T06:50:48.407+0000] {manager.py:471} INFO - Process each file at most once every 30 seconds
[2026-01-16T06:50:48.408+0000] {manager.py:472} INFO - Checking for new files in /opt/airflow/dags every 300 seconds
[2026-01-16T06:50:48.410+0000] {manager.py:737} INFO - Searching for files in /opt/airflow/dags
[2026-01-16T06:50:48.440+0000] {manager.py:740} INFO - There are 1 files in /opt/airflow/dags
[2026-01-16T06:50:48.864+0000] {manager.py:878} INFO - 
================================================================================
DAG File Processing Stats

File Path                                         PID  Runtime      # DAGs    # Errors  Last Runtime    Last Run
----------------------------------------------  -----  ---------  --------  ----------  --------------  ----------
/opt/airflow/dags/monitoring_retraining_dag.py    163  0.34s             0           0
================================================================================
[2026-01-16T06:51:19.790+0000] {manager.py:878} INFO - 
================================================================================
DAG File Processing Stats

File Path                                         PID  Runtime      # DAGs    # Errors  Last Runtime    Last Run
----------------------------------------------  -----  ---------  --------  ----------  --------------  -------------------
/opt/airflow/dags/monitoring_retraining_dag.py    185  0.01s             1           0  1.07s           2026-01-16T06:50:49
================================================================================
[2026-01-16T06:51:49.996+0000] {manager.py:878} INFO - 
================================================================================
DAG File Processing Stats

File Path                                       PID    Runtime      # DAGs    # Errors  Last Runtime    Last Run
----------------------------------------------  -----  ---------  --------  ----------  --------------  -------------------
/opt/airflow/dags/monitoring_retraining_dag.py                           1           0  1.03s           2026-01-16T06:51:20
================================================================================
[2026-01-16T06:52:20.229+0000] {manager.py:878} INFO - 
================================================================================
DAG File Processing Stats

File Path                                       PID    Runtime      # DAGs    # Errors  Last Runtime    Last Run
----------------------------------------------  -----  ---------  --------  ----------  --------------  -------------------
/opt/airflow/dags/monitoring_retraining_dag.py                           1           0  0.54s           2026-01-16T06:51:51
================================================================================
[2026-01-16T06:52:50.460+0000] {manager.py:878} INFO - 
================================================================================
DAG File Processing Stats

File Path                                       PID    Runtime      # DAGs    # Errors  Last Runtime    Last Run
----------------------------------------------  -----  ---------  --------  ----------  --------------  -------------------
/opt/airflow/dags/monitoring_retraining_dag.py                           1           0  0.56s           2026-01-16T06:52:22
================================================================================
[2026-01-16T06:53:20.761+0000] {manager.py:878} INFO - 
================================================================================
DAG File Processing Stats

File Path                                       PID    Runtime      # DAGs    # Errors  Last Runtime    Last Run
----------------------------------------------  -----  ---------  --------  ----------  --------------  -------------------
/opt/airflow/dags/monitoring_retraining_dag.py                           1           0  0.44s           2026-01-16T06:52:52
================================================================================
[2026-01-16T06:53:51.314+0000] {manager.py:878} INFO - 
================================================================================
DAG File Processing Stats

File Path                                       PID    Runtime      # DAGs    # Errors  Last Runtime    Last Run
----------------------------------------------  -----  ---------  --------  ----------  --------------  -------------------
/opt/airflow/dags/monitoring_retraining_dag.py                           1           0  0.42s           2026-01-16T06:53:23
================================================================================
[2026-01-16T06:54:21.497+0000] {manager.py:878} INFO - 
================================================================================
DAG File Processing Stats

File Path                                       PID    Runtime      # DAGs    # Errors  Last Runtime    Last Run
----------------------------------------------  -----  ---------  --------  ----------  --------------  -------------------
/opt/airflow/dags/monitoring_retraining_dag.py                           1           0  0.57s           2026-01-16T06:53:54
================================================================================
[2026-01-16T06:54:52.103+0000] {manager.py:878} INFO - 
================================================================================
DAG File Processing Stats

File Path                                       PID    Runtime      # DAGs    # Errors  Last Runtime    Last Run
----------------------------------------------  -----  ---------  --------  ----------  --------------  -------------------
/opt/airflow/dags/monitoring_retraining_dag.py                           1           0  0.46s           2026-01-16T06:54:24
================================================================================
[2026-01-16T06:55:22.300+0000] {manager.py:878} INFO - 
================================================================================
DAG File Processing Stats

File Path                                       PID    Runtime      # DAGs    # Errors  Last Runtime    Last Run
----------------------------------------------  -----  ---------  --------  ----------  --------------  -------------------
/opt/airflow/dags/monitoring_retraining_dag.py                           1           0  0.50s           2026-01-16T06:54:55
================================================================================
[2026-01-16T06:55:41.272+0000] {manager.py:452} INFO - Exiting gracefully upon receiving signal 15
[2026-01-16T06:57:07.078+0000] {manager.py:470} INFO - Processing files using up to 2 processes at a time 
[2026-01-16T06:57:07.080+0000] {manager.py:471} INFO - Process each file at most once every 30 seconds
[2026-01-16T06:57:07.081+0000] {manager.py:472} INFO - Checking for new files in /opt/airflow/dags every 300 seconds
[2026-01-16T06:57:07.082+0000] {manager.py:737} INFO - Searching for files in /opt/airflow/dags
[2026-01-16T06:57:07.104+0000] {manager.py:740} INFO - There are 1 files in /opt/airflow/dags
[2026-01-16T06:57:07.471+0000] {manager.py:878} INFO - 
================================================================================
DAG File Processing Stats

File Path                                         PID  Runtime      # DAGs    # Errors  Last Runtime    Last Run
----------------------------------------------  -----  ---------  --------  ----------  --------------  ----------
/opt/airflow/dags/monitoring_retraining_dag.py    163  0.30s             0           0
================================================================================
[2026-01-16T06:57:37.696+0000] {manager.py:878} INFO - 
================================================================================
DAG File Processing Stats

File Path                                       PID    Runtime      # DAGs    # Errors  Last Runtime    Last Run
----------------------------------------------  -----  ---------  --------  ----------  --------------  -------------------
/opt/airflow/dags/monitoring_retraining_dag.py                           1           0  0.86s           2026-01-16T06:57:08
================================================================================
[2026-01-16T06:58:07.906+0000] {manager.py:878} INFO - 
================================================================================
DAG File Processing Stats

File Path                                       PID    Runtime      # DAGs    # Errors  Last Runtime    Last Run
----------------------------------------------  -----  ---------  --------  ----------  --------------  -------------------
/opt/airflow/dags/monitoring_retraining_dag.py                           1           0  0.55s           2026-01-16T06:57:38
================================================================================
[2026-01-16T06:58:38.191+0000] {manager.py:878} INFO - 
================================================================================
DAG File Processing Stats

File Path                                       PID    Runtime      # DAGs    # Errors  Last Runtime    Last Run
----------------------------------------------  -----  ---------  --------  ----------  --------------  -------------------
/opt/airflow/dags/monitoring_retraining_dag.py                           1           0  0.46s           2026-01-16T06:58:09
================================================================================
[2026-01-16T06:59:08.311+0000] {manager.py:878} INFO - 
================================================================================
DAG File Processing Stats

File Path                                       PID    Runtime      # DAGs    # Errors  Last Runtime    Last Run
----------------------------------------------  -----  ---------  --------  ----------  --------------  -------------------
/opt/airflow/dags/monitoring_retraining_dag.py                           1           0  0.45s           2026-01-16T06:58:40
================================================================================
[2026-01-16T06:59:38.340+0000] {manager.py:878} INFO - 
================================================================================
DAG File Processing Stats

File Path                                       PID    Runtime      # DAGs    # Errors  Last Runtime    Last Run
----------------------------------------------  -----  ---------  --------  ----------  --------------  -------------------
/opt/airflow/dags/monitoring_retraining_dag.py                           1           0  0.78s           2026-01-16T06:59:11
================================================================================
[2026-01-16T07:00:08.558+0000] {manager.py:878} INFO - 
================================================================================
DAG File Processing Stats

File Path                                       PID    Runtime      # DAGs    # Errors  Last Runtime    Last Run
----------------------------------------------  -----  ---------  --------  ----------  --------------  -------------------
/opt/airflow/dags/monitoring_retraining_dag.py                           1           0  0.46s           2026-01-16T06:59:41
================================================================================
[2026-01-16T07:00:38.655+0000] {manager.py:878} INFO - 
================================================================================
DAG File Processing Stats

File Path                                       PID    Runtime      # DAGs    # Errors  Last Runtime    Last Run
----------------------------------------------  -----  ---------  --------  ----------  --------------  -------------------
/opt/airflow/dags/monitoring_retraining_dag.py                           1           0  0.45s           2026-01-16T07:00:12
================================================================================
[2026-01-16T07:01:08.883+0000] {manager.py:878} INFO - 
================================================================================
DAG File Processing Stats

File Path                                       PID    Runtime      # DAGs    # Errors  Last Runtime    Last Run
----------------------------------------------  -----  ---------  --------  ----------  --------------  -------------------
/opt/airflow/dags/monitoring_retraining_dag.py                           1           0  0.46s           2026-01-16T07:00:43
================================================================================
[2026-01-16T07:01:39.023+0000] {manager.py:878} INFO - 
================================================================================
DAG File Processing Stats

File Path                                       PID    Runtime      # DAGs    # Errors  Last Runtime    Last Run
----------------------------------------------  -----  ---------  --------  ----------  --------------  -------------------
/opt/airflow/dags/monitoring_retraining_dag.py                           1           0  0.48s           2026-01-16T07:01:13
================================================================================
[2026-01-16T07:02:07.205+0000] {manager.py:737} INFO - Searching for files in /opt/airflow/dags
[2026-01-16T07:02:07.239+0000] {manager.py:740} INFO - There are 1 files in /opt/airflow/dags
[2026-01-16T07:02:09.264+0000] {manager.py:878} INFO - 
================================================================================
DAG File Processing Stats

File Path                                       PID    Runtime      # DAGs    # Errors  Last Runtime    Last Run
----------------------------------------------  -----  ---------  --------  ----------  --------------  -------------------
/opt/airflow/dags/monitoring_retraining_dag.py                           1           0  0.45s           2026-01-16T07:01:44
================================================================================
[2026-01-16T07:02:39.303+0000] {manager.py:878} INFO - 
================================================================================
DAG File Processing Stats

File Path                                       PID    Runtime      # DAGs    # Errors  Last Runtime    Last Run
----------------------------------------------  -----  ---------  --------  ----------  --------------  -------------------
/opt/airflow/dags/monitoring_retraining_dag.py                           1           0  0.44s           2026-01-16T07:02:15
================================================================================
[2026-01-16T07:03:09.539+0000] {manager.py:878} INFO - 
================================================================================
DAG File Processing Stats

File Path                                       PID    Runtime      # DAGs    # Errors  Last Runtime    Last Run
----------------------------------------------  -----  ---------  --------  ----------  --------------  -------------------
/opt/airflow/dags/monitoring_retraining_dag.py                           1           0  0.43s           2026-01-16T07:02:45
================================================================================
[2026-01-16T07:03:39.677+0000] {manager.py:878} INFO - 
================================================================================
DAG File Processing Stats

File Path                                       PID    Runtime      # DAGs    # Errors  Last Runtime    Last Run
----------------------------------------------  -----  ---------  --------  ----------  --------------  -------------------
/opt/airflow/dags/monitoring_retraining_dag.py                           1           0  0.51s           2026-01-16T07:03:16
================================================================================
[2026-01-16T07:04:09.886+0000] {manager.py:878} INFO - 
================================================================================
DAG File Processing Stats

File Path                                       PID    Runtime      # DAGs    # Errors  Last Runtime    Last Run
----------------------------------------------  -----  ---------  --------  ----------  --------------  -------------------
/opt/airflow/dags/monitoring_retraining_dag.py                           1           0  0.45s           2026-01-16T07:03:47
================================================================================
[2026-01-16T07:04:39.969+0000] {manager.py:878} INFO - 
================================================================================
DAG File Processing Stats

File Path                                       PID    Runtime      # DAGs    # Errors  Last Runtime    Last Run
----------------------------------------------  -----  ---------  --------  ----------  --------------  -------------------
/opt/airflow/dags/monitoring_retraining_dag.py                           1           0  0.44s           2026-01-16T07:04:17
================================================================================
[2026-01-16T07:05:10.172+0000] {manager.py:878} INFO - 
================================================================================
DAG File Processing Stats

File Path                                       PID    Runtime      # DAGs    # Errors  Last Runtime    Last Run
----------------------------------------------  -----  ---------  --------  ----------  --------------  -------------------
/opt/airflow/dags/monitoring_retraining_dag.py                           1           0  0.45s           2026-01-16T07:04:48
================================================================================
[2026-01-16T07:05:40.275+0000] {manager.py:878} INFO - 
================================================================================
DAG File Processing Stats

File Path                                       PID    Runtime      # DAGs    # Errors  Last Runtime    Last Run
----------------------------------------------  -----  ---------  --------  ----------  --------------  -------------------
/opt/airflow/dags/monitoring_retraining_dag.py                           1           0  0.43s           2026-01-16T07:05:19
================================================================================
[2026-01-16T07:06:10.482+0000] {manager.py:878} INFO - 
================================================================================
DAG File Processing Stats

File Path                                       PID    Runtime      # DAGs    # Errors  Last Runtime    Last Run
----------------------------------------------  -----  ---------  --------  ----------  --------------  -------------------
/opt/airflow/dags/monitoring_retraining_dag.py                           1           0  0.43s           2026-01-16T07:05:49
================================================================================
[2026-01-16T07:06:40.619+0000] {manager.py:878} INFO - 
================================================================================
DAG File Processing Stats

File Path                                       PID    Runtime      # DAGs    # Errors  Last Runtime    Last Run
----------------------------------------------  -----  ---------  --------  ----------  --------------  -------------------
/opt/airflow/dags/monitoring_retraining_dag.py                           1           0  0.44s           2026-01-16T07:06:20
================================================================================
[2026-01-16T07:07:07.283+0000] {manager.py:737} INFO - Searching for files in /opt/airflow/dags
[2026-01-16T07:07:07.304+0000] {manager.py:740} INFO - There are 1 files in /opt/airflow/dags
[2026-01-16T07:07:10.693+0000] {manager.py:878} INFO - 
================================================================================
DAG File Processing Stats

File Path                                       PID    Runtime      # DAGs    # Errors  Last Runtime    Last Run
----------------------------------------------  -----  ---------  --------  ----------  --------------  -------------------
/opt/airflow/dags/monitoring_retraining_dag.py                           1           0  0.80s           2026-01-16T07:06:51
================================================================================
[2026-01-16T07:07:40.952+0000] {manager.py:878} INFO - 
================================================================================
DAG File Processing Stats

File Path                                       PID    Runtime      # DAGs    # Errors  Last Runtime    Last Run
----------------------------------------------  -----  ---------  --------  ----------  --------------  -------------------
/opt/airflow/dags/monitoring_retraining_dag.py                           1           0  0.48s           2026-01-16T07:07:22
================================================================================
[2026-01-16T07:08:11.088+0000] {manager.py:878} INFO - 
================================================================================
DAG File Processing Stats

File Path                                       PID    Runtime      # DAGs    # Errors  Last Runtime    Last Run
----------------------------------------------  -----  ---------  --------  ----------  --------------  -------------------
/opt/airflow/dags/monitoring_retraining_dag.py                           1           0  0.45s           2026-01-16T07:07:52
================================================================================
[2026-01-16T07:08:41.324+0000] {manager.py:878} INFO - 
================================================================================
DAG File Processing Stats

File Path                                       PID    Runtime      # DAGs    # Errors  Last Runtime    Last Run
----------------------------------------------  -----  ---------  --------  ----------  --------------  -------------------
/opt/airflow/dags/monitoring_retraining_dag.py                           1           0  0.44s           2026-01-16T07:08:23
================================================================================
[2026-01-16T07:09:11.461+0000] {manager.py:878} INFO - 
================================================================================
DAG File Processing Stats

File Path                                       PID    Runtime      # DAGs    # Errors  Last Runtime    Last Run
----------------------------------------------  -----  ---------  --------  ----------  --------------  -------------------
/opt/airflow/dags/monitoring_retraining_dag.py                           1           0  0.49s           2026-01-16T07:08:54
================================================================================
[2026-01-16T07:09:41.699+0000] {manager.py:878} INFO - 
================================================================================
DAG File Processing Stats

File Path                                       PID    Runtime      # DAGs    # Errors  Last Runtime    Last Run
----------------------------------------------  -----  ---------  --------  ----------  --------------  -------------------
/opt/airflow/dags/monitoring_retraining_dag.py                           1           0  0.45s           2026-01-16T07:09:25
================================================================================
[2026-01-16T07:10:11.785+0000] {manager.py:878} INFO - 
================================================================================
DAG File Processing Stats

File Path                                       PID    Runtime      # DAGs    # Errors  Last Runtime    Last Run
----------------------------------------------  -----  ---------  --------  ----------  --------------  -------------------
/opt/airflow/dags/monitoring_retraining_dag.py                           1           0  0.45s           2026-01-16T07:09:55
================================================================================
[2026-01-16T07:10:42.005+0000] {manager.py:878} INFO - 
================================================================================
DAG File Processing Stats

File Path                                       PID    Runtime      # DAGs    # Errors  Last Runtime    Last Run
----------------------------------------------  -----  ---------  --------  ----------  --------------  -------------------
/opt/airflow/dags/monitoring_retraining_dag.py                           1           0  0.46s           2026-01-16T07:10:26
================================================================================
[2026-01-16T07:11:12.143+0000] {manager.py:878} INFO - 
================================================================================
DAG File Processing Stats

File Path                                       PID    Runtime      # DAGs    # Errors  Last Runtime    Last Run
----------------------------------------------  -----  ---------  --------  ----------  --------------  -------------------
/opt/airflow/dags/monitoring_retraining_dag.py                           1           0  0.46s           2026-01-16T07:10:57
================================================================================
[2026-01-16T07:11:42.378+0000] {manager.py:878} INFO - 
================================================================================
DAG File Processing Stats

File Path                                       PID    Runtime      # DAGs    # Errors  Last Runtime    Last Run
----------------------------------------------  -----  ---------  --------  ----------  --------------  -------------------
/opt/airflow/dags/monitoring_retraining_dag.py                           1           0  0.46s           2026-01-16T07:11:27
================================================================================
[2026-01-16T07:12:07.520+0000] {manager.py:737} INFO - Searching for files in /opt/airflow/dags
[2026-01-16T07:12:07.544+0000] {manager.py:740} INFO - There are 1 files in /opt/airflow/dags
[2026-01-16T07:12:12.588+0000] {manager.py:878} INFO - 
================================================================================
DAG File Processing Stats

File Path                                       PID    Runtime      # DAGs    # Errors  Last Runtime    Last Run
----------------------------------------------  -----  ---------  --------  ----------  --------------  -------------------
/opt/airflow/dags/monitoring_retraining_dag.py                           1           0  0.51s           2026-01-16T07:11:58
================================================================================
[2026-01-16T07:12:43.270+0000] {manager.py:878} INFO - 
================================================================================
DAG File Processing Stats

File Path                                       PID    Runtime      # DAGs    # Errors  Last Runtime    Last Run
----------------------------------------------  -----  ---------  --------  ----------  --------------  -------------------
/opt/airflow/dags/monitoring_retraining_dag.py                           1           0  0.46s           2026-01-16T07:12:29
================================================================================
[2026-01-16T07:13:13.491+0000] {manager.py:878} INFO - 
================================================================================
DAG File Processing Stats

File Path                                       PID    Runtime      # DAGs    # Errors  Last Runtime    Last Run
----------------------------------------------  -----  ---------  --------  ----------  --------------  -------------------
/opt/airflow/dags/monitoring_retraining_dag.py                           1           0  0.45s           2026-01-16T07:12:59
================================================================================
[2026-01-16T07:13:43.595+0000] {manager.py:878} INFO - 
================================================================================
DAG File Processing Stats

File Path                                       PID    Runtime      # DAGs    # Errors  Last Runtime    Last Run
----------------------------------------------  -----  ---------  --------  ----------  --------------  -------------------
/opt/airflow/dags/monitoring_retraining_dag.py                           1           0  0.47s           2026-01-16T07:13:30
================================================================================
[2026-01-16T07:14:13.752+0000] {manager.py:878} INFO - 
================================================================================
DAG File Processing Stats

File Path                                       PID    Runtime      # DAGs    # Errors  Last Runtime    Last Run
----------------------------------------------  -----  ---------  --------  ----------  --------------  -------------------
/opt/airflow/dags/monitoring_retraining_dag.py                           1           0  0.97s           2026-01-16T07:14:01
================================================================================
[2026-01-16T07:14:44.038+0000] {manager.py:878} INFO - 
================================================================================
DAG File Processing Stats

File Path                                       PID    Runtime      # DAGs    # Errors  Last Runtime    Last Run
----------------------------------------------  -----  ---------  --------  ----------  --------------  -------------------
/opt/airflow/dags/monitoring_retraining_dag.py                           1           0  0.51s           2026-01-16T07:14:32
================================================================================
[2026-01-16T07:15:14.187+0000] {manager.py:878} INFO - 
================================================================================
DAG File Processing Stats

File Path                                       PID    Runtime      # DAGs    # Errors  Last Runtime    Last Run
----------------------------------------------  -----  ---------  --------  ----------  --------------  -------------------
/opt/airflow/dags/monitoring_retraining_dag.py                           1           0  0.44s           2026-01-16T07:15:03
================================================================================
[2026-01-16T07:15:44.403+0000] {manager.py:878} INFO - 
================================================================================
DAG File Processing Stats

File Path                                       PID    Runtime      # DAGs    # Errors  Last Runtime    Last Run
----------------------------------------------  -----  ---------  --------  ----------  --------------  -------------------
/opt/airflow/dags/monitoring_retraining_dag.py                           1           0  0.46s           2026-01-16T07:15:33
================================================================================
[2026-01-16T07:16:14.618+0000] {manager.py:878} INFO - 
================================================================================
DAG File Processing Stats

File Path                                       PID    Runtime      # DAGs    # Errors  Last Runtime    Last Run
----------------------------------------------  -----  ---------  --------  ----------  --------------  -------------------
/opt/airflow/dags/monitoring_retraining_dag.py                           1           0  0.56s           2026-01-16T07:16:04
================================================================================
[2026-01-16T07:16:44.861+0000] {manager.py:878} INFO - 
================================================================================
DAG File Processing Stats

File Path                                       PID    Runtime      # DAGs    # Errors  Last Runtime    Last Run
----------------------------------------------  -----  ---------  --------  ----------  --------------  -------------------
/opt/airflow/dags/monitoring_retraining_dag.py                           1           0  0.48s           2026-01-16T07:16:35
================================================================================
[2026-01-16T07:17:07.932+0000] {manager.py:737} INFO - Searching for files in /opt/airflow/dags
[2026-01-16T07:17:07.988+0000] {manager.py:740} INFO - There are 1 files in /opt/airflow/dags
[2026-01-16T07:17:15.058+0000] {manager.py:878} INFO - 
================================================================================
DAG File Processing Stats

File Path                                       PID    Runtime      # DAGs    # Errors  Last Runtime    Last Run
----------------------------------------------  -----  ---------  --------  ----------  --------------  -------------------
/opt/airflow/dags/monitoring_retraining_dag.py                           1           0  0.44s           2026-01-16T07:17:05
================================================================================
[2026-01-16T07:17:45.284+0000] {manager.py:878} INFO - 
================================================================================
DAG File Processing Stats

File Path                                       PID    Runtime      # DAGs    # Errors  Last Runtime    Last Run
----------------------------------------------  -----  ---------  --------  ----------  --------------  -------------------
/opt/airflow/dags/monitoring_retraining_dag.py                           1           0  0.44s           2026-01-16T07:17:36
================================================================================
[2026-01-16T07:18:15.377+0000] {manager.py:878} INFO - 
================================================================================
DAG File Processing Stats

File Path                                       PID    Runtime      # DAGs    # Errors  Last Runtime    Last Run
----------------------------------------------  -----  ---------  --------  ----------  --------------  -------------------
/opt/airflow/dags/monitoring_retraining_dag.py                           1           0  0.45s           2026-01-16T07:18:07
================================================================================
[2026-01-16T07:18:45.622+0000] {manager.py:878} INFO - 
================================================================================
DAG File Processing Stats

File Path                                       PID    Runtime      # DAGs    # Errors  Last Runtime    Last Run
----------------------------------------------  -----  ---------  --------  ----------  --------------  -------------------
/opt/airflow/dags/monitoring_retraining_dag.py                           1           0  0.49s           2026-01-16T07:18:38
================================================================================
[2026-01-16T07:19:15.780+0000] {manager.py:878} INFO - 
================================================================================
DAG File Processing Stats

File Path                                       PID    Runtime      # DAGs    # Errors  Last Runtime    Last Run
----------------------------------------------  -----  ---------  --------  ----------  --------------  -------------------
/opt/airflow/dags/monitoring_retraining_dag.py                           1           0  0.46s           2026-01-16T07:19:08
================================================================================
[2026-01-16T07:19:45.977+0000] {manager.py:878} INFO - 
================================================================================
DAG File Processing Stats

File Path                                       PID    Runtime      # DAGs    # Errors  Last Runtime    Last Run
----------------------------------------------  -----  ---------  --------  ----------  --------------  -------------------
/opt/airflow/dags/monitoring_retraining_dag.py                           1           0  0.46s           2026-01-16T07:19:39
================================================================================
[2026-01-16T07:20:16.133+0000] {manager.py:878} INFO - 
================================================================================
DAG File Processing Stats

File Path                                       PID    Runtime      # DAGs    # Errors  Last Runtime    Last Run
----------------------------------------------  -----  ---------  --------  ----------  --------------  -------------------
/opt/airflow/dags/monitoring_retraining_dag.py                           1           0  0.45s           2026-01-16T07:20:10
================================================================================
[2026-01-16T07:20:46.365+0000] {manager.py:878} INFO - 
================================================================================
DAG File Processing Stats

File Path                                       PID    Runtime      # DAGs    # Errors  Last Runtime    Last Run
----------------------------------------------  -----  ---------  --------  ----------  --------------  -------------------
/opt/airflow/dags/monitoring_retraining_dag.py                           1           0  0.45s           2026-01-16T07:20:40
================================================================================
[2026-01-16T07:21:16.603+0000] {manager.py:878} INFO - 
================================================================================
DAG File Processing Stats

File Path                                       PID    Runtime      # DAGs    # Errors  Last Runtime    Last Run
----------------------------------------------  -----  ---------  --------  ----------  --------------  -------------------
/opt/airflow/dags/monitoring_retraining_dag.py                           1           0  0.72s           2026-01-16T07:21:11
================================================================================
[2026-01-16T07:21:46.880+0000] {manager.py:878} INFO - 
================================================================================
DAG File Processing Stats

File Path                                       PID    Runtime      # DAGs    # Errors  Last Runtime    Last Run
----------------------------------------------  -----  ---------  --------  ----------  --------------  -------------------
/opt/airflow/dags/monitoring_retraining_dag.py                           1           0  0.61s           2026-01-16T07:21:42
================================================================================
[2026-01-16T07:22:07.998+0000] {manager.py:737} INFO - Searching for files in /opt/airflow/dags
[2026-01-16T07:22:08.029+0000] {manager.py:740} INFO - There are 1 files in /opt/airflow/dags
[2026-01-16T07:22:17.100+0000] {manager.py:878} INFO - 
================================================================================
DAG File Processing Stats

File Path                                       PID    Runtime      # DAGs    # Errors  Last Runtime    Last Run
----------------------------------------------  -----  ---------  --------  ----------  --------------  -------------------
/opt/airflow/dags/monitoring_retraining_dag.py                           1           0  0.46s           2026-01-16T07:22:13
================================================================================
[2026-01-16T07:22:47.318+0000] {manager.py:878} INFO - 
================================================================================
DAG File Processing Stats

File Path                                       PID    Runtime      # DAGs    # Errors  Last Runtime    Last Run
----------------------------------------------  -----  ---------  --------  ----------  --------------  -------------------
/opt/airflow/dags/monitoring_retraining_dag.py                           1           0  0.45s           2026-01-16T07:22:43
================================================================================
[2026-01-16T07:23:17.430+0000] {manager.py:878} INFO - 
================================================================================
DAG File Processing Stats

File Path                                       PID    Runtime      # DAGs    # Errors  Last Runtime    Last Run
----------------------------------------------  -----  ---------  --------  ----------  --------------  -------------------
/opt/airflow/dags/monitoring_retraining_dag.py                           1           0  0.48s           2026-01-16T07:23:14
================================================================================
[2026-01-16T07:23:48.123+0000] {manager.py:878} INFO - 
================================================================================
DAG File Processing Stats

File Path                                       PID    Runtime      # DAGs    # Errors  Last Runtime    Last Run
----------------------------------------------  -----  ---------  --------  ----------  --------------  -------------------
/opt/airflow/dags/monitoring_retraining_dag.py                           1           0  0.50s           2026-01-16T07:23:45
================================================================================
[2026-01-16T07:24:18.345+0000] {manager.py:878} INFO - 
================================================================================
DAG File Processing Stats

File Path                                       PID    Runtime      # DAGs    # Errors  Last Runtime    Last Run
----------------------------------------------  -----  ---------  --------  ----------  --------------  -------------------
/opt/airflow/dags/monitoring_retraining_dag.py                           1           0  0.45s           2026-01-16T07:24:15
================================================================================
[2026-01-16T07:24:48.431+0000] {manager.py:878} INFO - 
================================================================================
DAG File Processing Stats

File Path                                       PID    Runtime      # DAGs    # Errors  Last Runtime    Last Run
----------------------------------------------  -----  ---------  --------  ----------  --------------  -------------------
/opt/airflow/dags/monitoring_retraining_dag.py                           1           0  0.44s           2026-01-16T07:24:46
================================================================================
[2026-01-16T07:25:18.670+0000] {manager.py:878} INFO - 
================================================================================
DAG File Processing Stats

File Path                                       PID    Runtime      # DAGs    # Errors  Last Runtime    Last Run
----------------------------------------------  -----  ---------  --------  ----------  --------------  -------------------
/opt/airflow/dags/monitoring_retraining_dag.py                           1           0  0.45s           2026-01-16T07:25:17
================================================================================
[2026-01-16T07:25:48.785+0000] {manager.py:878} INFO - 
================================================================================
DAG File Processing Stats

File Path                                       PID    Runtime      # DAGs    # Errors  Last Runtime    Last Run
----------------------------------------------  -----  ---------  --------  ----------  --------------  -------------------
/opt/airflow/dags/monitoring_retraining_dag.py                           1           0  0.44s           2026-01-16T07:25:47
================================================================================
[2026-01-16T07:26:19.020+0000] {manager.py:878} INFO - 
================================================================================
DAG File Processing Stats

File Path                                       PID    Runtime      # DAGs    # Errors  Last Runtime    Last Run
----------------------------------------------  -----  ---------  --------  ----------  --------------  -------------------
/opt/airflow/dags/monitoring_retraining_dag.py                           1           0  0.44s           2026-01-16T07:26:18
================================================================================
[2026-01-16T07:26:49.177+0000] {manager.py:878} INFO - 
================================================================================
DAG File Processing Stats

File Path                                       PID    Runtime      # DAGs    # Errors  Last Runtime    Last Run
----------------------------------------------  -----  ---------  --------  ----------  --------------  -------------------
/opt/airflow/dags/monitoring_retraining_dag.py                           1           0  0.51s           2026-01-16T07:26:49
================================================================================
[2026-01-16T07:27:08.323+0000] {manager.py:737} INFO - Searching for files in /opt/airflow/dags
[2026-01-16T07:27:08.347+0000] {manager.py:740} INFO - There are 1 files in /opt/airflow/dags
[2026-01-16T07:27:19.450+0000] {manager.py:878} INFO - 
================================================================================
DAG File Processing Stats

File Path                                         PID  Runtime      # DAGs    # Errors  Last Runtime    Last Run
----------------------------------------------  -----  ---------  --------  ----------  --------------  -------------------
/opt/airflow/dags/monitoring_retraining_dag.py    518  0.00s             1           0  0.51s           2026-01-16T07:26:49
================================================================================
[2026-01-16T07:27:50.109+0000] {manager.py:878} INFO - 
================================================================================
DAG File Processing Stats

File Path                                         PID  Runtime      # DAGs    # Errors  Last Runtime    Last Run
----------------------------------------------  -----  ---------  --------  ----------  --------------  -------------------
/opt/airflow/dags/monitoring_retraining_dag.py    524  0.00s             1           0  0.44s           2026-01-16T07:27:19
================================================================================
[2026-01-16T07:28:20.356+0000] {manager.py:878} INFO - 
================================================================================
DAG File Processing Stats

File Path                                       PID    Runtime      # DAGs    # Errors  Last Runtime    Last Run
----------------------------------------------  -----  ---------  --------  ----------  --------------  -------------------
/opt/airflow/dags/monitoring_retraining_dag.py                           1           0  0.43s           2026-01-16T07:27:50
================================================================================
[2026-01-16T07:28:50.409+0000] {manager.py:878} INFO - 
================================================================================
DAG File Processing Stats

File Path                                       PID    Runtime      # DAGs    # Errors  Last Runtime    Last Run
----------------------------------------------  -----  ---------  --------  ----------  --------------  -------------------
/opt/airflow/dags/monitoring_retraining_dag.py                           1           0  0.43s           2026-01-16T07:28:21
================================================================================
[2026-01-16T07:29:20.508+0000] {manager.py:878} INFO - 
================================================================================
DAG File Processing Stats

File Path                                       PID    Runtime      # DAGs    # Errors  Last Runtime    Last Run
----------------------------------------------  -----  ---------  --------  ----------  --------------  -------------------
/opt/airflow/dags/monitoring_retraining_dag.py                           1           0  0.84s           2026-01-16T07:28:52
================================================================================
[2026-01-16T07:29:50.768+0000] {manager.py:878} INFO - 
================================================================================
DAG File Processing Stats

File Path                                       PID    Runtime      # DAGs    # Errors  Last Runtime    Last Run
----------------------------------------------  -----  ---------  --------  ----------  --------------  -------------------
/opt/airflow/dags/monitoring_retraining_dag.py                           1           0  0.49s           2026-01-16T07:29:23
================================================================================
[2026-01-16T07:30:20.890+0000] {manager.py:878} INFO - 
================================================================================
DAG File Processing Stats

File Path                                       PID    Runtime      # DAGs    # Errors  Last Runtime    Last Run
----------------------------------------------  -----  ---------  --------  ----------  --------------  -------------------
/opt/airflow/dags/monitoring_retraining_dag.py                           1           0  0.47s           2026-01-16T07:29:53
================================================================================
[2026-01-16T07:30:51.107+0000] {manager.py:878} INFO - 
================================================================================
DAG File Processing Stats

File Path                                       PID    Runtime      # DAGs    # Errors  Last Runtime    Last Run
----------------------------------------------  -----  ---------  --------  ----------  --------------  -------------------
/opt/airflow/dags/monitoring_retraining_dag.py                           1           0  0.44s           2026-01-16T07:30:24
================================================================================
[2026-01-16T07:31:21.296+0000] {manager.py:878} INFO - 
================================================================================
DAG File Processing Stats

File Path                                       PID    Runtime      # DAGs    # Errors  Last Runtime    Last Run
----------------------------------------------  -----  ---------  --------  ----------  --------------  -------------------
/opt/airflow/dags/monitoring_retraining_dag.py                           1           0  0.53s           2026-01-16T07:30:55
================================================================================
[2026-01-16T07:31:51.491+0000] {manager.py:878} INFO - 
================================================================================
DAG File Processing Stats

File Path                                       PID    Runtime      # DAGs    # Errors  Last Runtime    Last Run
----------------------------------------------  -----  ---------  --------  ----------  --------------  -------------------
/opt/airflow/dags/monitoring_retraining_dag.py                           1           0  0.44s           2026-01-16T07:31:25
================================================================================
[2026-01-16T07:32:08.523+0000] {manager.py:737} INFO - Searching for files in /opt/airflow/dags
[2026-01-16T07:32:08.545+0000] {manager.py:740} INFO - There are 1 files in /opt/airflow/dags
[2026-01-16T07:32:21.628+0000] {manager.py:878} INFO - 
================================================================================
DAG File Processing Stats

File Path                                       PID    Runtime      # DAGs    # Errors  Last Runtime    Last Run
----------------------------------------------  -----  ---------  --------  ----------  --------------  -------------------
/opt/airflow/dags/monitoring_retraining_dag.py                           1           0  0.46s           2026-01-16T07:31:56
================================================================================
[2026-01-16T07:32:51.827+0000] {manager.py:878} INFO - 
================================================================================
DAG File Processing Stats

File Path                                       PID    Runtime      # DAGs    # Errors  Last Runtime    Last Run
----------------------------------------------  -----  ---------  --------  ----------  --------------  -------------------
/opt/airflow/dags/monitoring_retraining_dag.py                           1           0  0.47s           2026-01-16T07:32:27
================================================================================
[2026-01-16T07:33:21.897+0000] {manager.py:878} INFO - 
================================================================================
DAG File Processing Stats

File Path                                       PID    Runtime      # DAGs    # Errors  Last Runtime    Last Run
----------------------------------------------  -----  ---------  --------  ----------  --------------  -------------------
/opt/airflow/dags/monitoring_retraining_dag.py                           1           0  0.45s           2026-01-16T07:32:57
================================================================================
[2026-01-16T07:33:52.127+0000] {manager.py:878} INFO - 
================================================================================
DAG File Processing Stats

File Path                                       PID    Runtime      # DAGs    # Errors  Last Runtime    Last Run
----------------------------------------------  -----  ---------  --------  ----------  --------------  -------------------
/opt/airflow/dags/monitoring_retraining_dag.py                           1           0  0.44s           2026-01-16T07:33:28
================================================================================
[2026-01-16T07:34:22.220+0000] {manager.py:878} INFO - 
================================================================================
DAG File Processing Stats

File Path                                       PID    Runtime      # DAGs    # Errors  Last Runtime    Last Run
----------------------------------------------  -----  ---------  --------  ----------  --------------  -------------------
/opt/airflow/dags/monitoring_retraining_dag.py                           1           0  0.47s           2026-01-16T07:33:59
================================================================================
[2026-01-16T07:34:52.410+0000] {manager.py:878} INFO - 
================================================================================
DAG File Processing Stats

File Path                                       PID    Runtime      # DAGs    # Errors  Last Runtime    Last Run
----------------------------------------------  -----  ---------  --------  ----------  --------------  -------------------
/opt/airflow/dags/monitoring_retraining_dag.py                           1           0  0.44s           2026-01-16T07:34:29
================================================================================
[2026-01-16T07:35:22.549+0000] {manager.py:878} INFO - 
================================================================================
DAG File Processing Stats

File Path                                       PID    Runtime      # DAGs    # Errors  Last Runtime    Last Run
----------------------------------------------  -----  ---------  --------  ----------  --------------  -------------------
/opt/airflow/dags/monitoring_retraining_dag.py                           1           0  0.45s           2026-01-16T07:35:00
================================================================================
[2026-01-16T07:35:52.760+0000] {manager.py:878} INFO - 
================================================================================
DAG File Processing Stats

File Path                                       PID    Runtime      # DAGs    # Errors  Last Runtime    Last Run
----------------------------------------------  -----  ---------  --------  ----------  --------------  -------------------
/opt/airflow/dags/monitoring_retraining_dag.py                           1           0  0.46s           2026-01-16T07:35:31
================================================================================
[2026-01-16T07:36:22.928+0000] {manager.py:878} INFO - 
================================================================================
DAG File Processing Stats

File Path                                       PID    Runtime      # DAGs    # Errors  Last Runtime    Last Run
----------------------------------------------  -----  ---------  --------  ----------  --------------  -------------------
/opt/airflow/dags/monitoring_retraining_dag.py                           1           0  0.46s           2026-01-16T07:36:01
================================================================================
[2026-01-16T07:36:53.142+0000] {manager.py:878} INFO - 
================================================================================
DAG File Processing Stats

File Path                                       PID    Runtime      # DAGs    # Errors  Last Runtime    Last Run
----------------------------------------------  -----  ---------  --------  ----------  --------------  -------------------
/opt/airflow/dags/monitoring_retraining_dag.py                           1           0  0.97s           2026-01-16T07:36:32
================================================================================
[2026-01-16T07:37:08.732+0000] {manager.py:737} INFO - Searching for files in /opt/airflow/dags
[2026-01-16T07:37:08.786+0000] {manager.py:740} INFO - There are 1 files in /opt/airflow/dags
[2026-01-16T07:37:23.921+0000] {manager.py:878} INFO - 
================================================================================
DAG File Processing Stats

File Path                                       PID    Runtime      # DAGs    # Errors  Last Runtime    Last Run
----------------------------------------------  -----  ---------  --------  ----------  --------------  -------------------
/opt/airflow/dags/monitoring_retraining_dag.py                           1           0  0.49s           2026-01-16T07:37:03
================================================================================
[2026-01-16T07:37:54.177+0000] {manager.py:878} INFO - 
================================================================================
DAG File Processing Stats

File Path                                       PID    Runtime      # DAGs    # Errors  Last Runtime    Last Run
----------------------------------------------  -----  ---------  --------  ----------  --------------  -------------------
/opt/airflow/dags/monitoring_retraining_dag.py                           1           0  0.43s           2026-01-16T07:37:34
================================================================================
[2026-01-16T07:38:24.262+0000] {manager.py:878} INFO - 
================================================================================
DAG File Processing Stats

File Path                                       PID    Runtime      # DAGs    # Errors  Last Runtime    Last Run
----------------------------------------------  -----  ---------  --------  ----------  --------------  -------------------
/opt/airflow/dags/monitoring_retraining_dag.py                           1           0  0.47s           2026-01-16T07:38:05
================================================================================
[2026-01-16T07:38:54.475+0000] {manager.py:878} INFO - 
================================================================================
DAG File Processing Stats

File Path                                       PID    Runtime      # DAGs    # Errors  Last Runtime    Last Run
----------------------------------------------  -----  ---------  --------  ----------  --------------  -------------------
/opt/airflow/dags/monitoring_retraining_dag.py                           1           0  0.48s           2026-01-16T07:38:35
================================================================================
[2026-01-16T07:39:24.628+0000] {manager.py:878} INFO - 
================================================================================
DAG File Processing Stats

File Path                                       PID    Runtime      # DAGs    # Errors  Last Runtime    Last Run
----------------------------------------------  -----  ---------  --------  ----------  --------------  -------------------
/opt/airflow/dags/monitoring_retraining_dag.py                           1           0  0.46s           2026-01-16T07:39:06
================================================================================
[2026-01-16T07:39:54.853+0000] {manager.py:878} INFO - 
================================================================================
DAG File Processing Stats

File Path                                       PID    Runtime      # DAGs    # Errors  Last Runtime    Last Run
----------------------------------------------  -----  ---------  --------  ----------  --------------  -------------------
/opt/airflow/dags/monitoring_retraining_dag.py                           1           0  0.46s           2026-01-16T07:39:37
================================================================================
[2026-01-16T07:40:24.963+0000] {manager.py:878} INFO - 
================================================================================
DAG File Processing Stats

File Path                                       PID    Runtime      # DAGs    # Errors  Last Runtime    Last Run
----------------------------------------------  -----  ---------  --------  ----------  --------------  -------------------
/opt/airflow/dags/monitoring_retraining_dag.py                           1           0  0.45s           2026-01-16T07:40:07
================================================================================
[2026-01-16T07:40:55.207+0000] {manager.py:878} INFO - 
================================================================================
DAG File Processing Stats

File Path                                       PID    Runtime      # DAGs    # Errors  Last Runtime    Last Run
----------------------------------------------  -----  ---------  --------  ----------  --------------  -------------------
/opt/airflow/dags/monitoring_retraining_dag.py                           1           0  0.47s           2026-01-16T07:40:38
================================================================================
[2026-01-16T07:41:25.303+0000] {manager.py:878} INFO - 
================================================================================
DAG File Processing Stats

File Path                                       PID    Runtime      # DAGs    # Errors  Last Runtime    Last Run
----------------------------------------------  -----  ---------  --------  ----------  --------------  -------------------
/opt/airflow/dags/monitoring_retraining_dag.py                           1           0  0.42s           2026-01-16T07:41:09
================================================================================
[2026-01-16T07:41:55.539+0000] {manager.py:878} INFO - 
================================================================================
DAG File Processing Stats

File Path                                       PID    Runtime      # DAGs    # Errors  Last Runtime    Last Run
----------------------------------------------  -----  ---------  --------  ----------  --------------  -------------------
/opt/airflow/dags/monitoring_retraining_dag.py                           1           0  0.47s           2026-01-16T07:41:39
================================================================================
[2026-01-16T07:42:09.065+0000] {manager.py:737} INFO - Searching for files in /opt/airflow/dags
[2026-01-16T07:42:09.110+0000] {manager.py:740} INFO - There are 1 files in /opt/airflow/dags
[2026-01-16T07:42:25.694+0000] {manager.py:878} INFO - 
================================================================================
DAG File Processing Stats

File Path                                       PID    Runtime      # DAGs    # Errors  Last Runtime    Last Run
----------------------------------------------  -----  ---------  --------  ----------  --------------  -------------------
/opt/airflow/dags/monitoring_retraining_dag.py                           1           0  0.44s           2026-01-16T07:42:10
================================================================================
[2026-01-16T07:42:55.911+0000] {manager.py:878} INFO - 
================================================================================
DAG File Processing Stats

File Path                                       PID    Runtime      # DAGs    # Errors  Last Runtime    Last Run
----------------------------------------------  -----  ---------  --------  ----------  --------------  -------------------
/opt/airflow/dags/monitoring_retraining_dag.py                           1           0  0.48s           2026-01-16T07:42:41
================================================================================
[2026-01-16T07:43:26.088+0000] {manager.py:878} INFO - 
================================================================================
DAG File Processing Stats

File Path                                       PID    Runtime      # DAGs    # Errors  Last Runtime    Last Run
----------------------------------------------  -----  ---------  --------  ----------  --------------  -------------------
/opt/airflow/dags/monitoring_retraining_dag.py                           1           0  0.44s           2026-01-16T07:43:11
================================================================================
[2026-01-16T07:43:56.304+0000] {manager.py:878} INFO - 
================================================================================
DAG File Processing Stats

File Path                                       PID    Runtime      # DAGs    # Errors  Last Runtime    Last Run
----------------------------------------------  -----  ---------  --------  ----------  --------------  -------------------
/opt/airflow/dags/monitoring_retraining_dag.py                           1           0  1.02s           2026-01-16T07:43:43
================================================================================
[2026-01-16T07:44:26.593+0000] {manager.py:878} INFO - 
================================================================================
DAG File Processing Stats

File Path                                       PID    Runtime      # DAGs    # Errors  Last Runtime    Last Run
----------------------------------------------  -----  ---------  --------  ----------  --------------  -------------------
/opt/airflow/dags/monitoring_retraining_dag.py                           1           0  0.50s           2026-01-16T07:44:13
================================================================================
[2026-01-16T07:44:56.790+0000] {manager.py:878} INFO - 
================================================================================
DAG File Processing Stats

File Path                                       PID    Runtime      # DAGs    # Errors  Last Runtime    Last Run
----------------------------------------------  -----  ---------  --------  ----------  --------------  -------------------
/opt/airflow/dags/monitoring_retraining_dag.py                           1           0  0.45s           2026-01-16T07:44:44
================================================================================
[2026-01-16T07:45:26.970+0000] {manager.py:878} INFO - 
================================================================================
DAG File Processing Stats

File Path                                       PID    Runtime      # DAGs    # Errors  Last Runtime    Last Run
----------------------------------------------  -----  ---------  --------  ----------  --------------  -------------------
/opt/airflow/dags/monitoring_retraining_dag.py                           1           0  0.53s           2026-01-16T07:45:15
================================================================================
[2026-01-16T07:45:57.092+0000] {manager.py:878} INFO - 
================================================================================
DAG File Processing Stats

File Path                                       PID    Runtime      # DAGs    # Errors  Last Runtime    Last Run
----------------------------------------------  -----  ---------  --------  ----------  --------------  -------------------
/opt/airflow/dags/monitoring_retraining_dag.py                           1           0  0.55s           2026-01-16T07:45:46
================================================================================
[2026-01-16T07:46:27.243+0000] {manager.py:878} INFO - 
================================================================================
DAG File Processing Stats

File Path                                       PID    Runtime      # DAGs    # Errors  Last Runtime    Last Run
----------------------------------------------  -----  ---------  --------  ----------  --------------  -------------------
/opt/airflow/dags/monitoring_retraining_dag.py                           1           0  0.46s           2026-01-16T07:46:16
================================================================================
[2026-01-16T07:46:57.321+0000] {manager.py:878} INFO - 
================================================================================
DAG File Processing Stats

File Path                                       PID    Runtime      # DAGs    # Errors  Last Runtime    Last Run
----------------------------------------------  -----  ---------  --------  ----------  --------------  -------------------
/opt/airflow/dags/monitoring_retraining_dag.py                           1           0  0.44s           2026-01-16T07:46:47
================================================================================
[2026-01-16T07:47:09.390+0000] {manager.py:737} INFO - Searching for files in /opt/airflow/dags
[2026-01-16T07:47:09.422+0000] {manager.py:740} INFO - There are 1 files in /opt/airflow/dags
[2026-01-16T07:47:27.580+0000] {manager.py:878} INFO - 
================================================================================
DAG File Processing Stats

File Path                                       PID    Runtime      # DAGs    # Errors  Last Runtime    Last Run
----------------------------------------------  -----  ---------  --------  ----------  --------------  -------------------
/opt/airflow/dags/monitoring_retraining_dag.py                           1           0  0.42s           2026-01-16T07:47:17
================================================================================
[2026-01-16T07:47:57.648+0000] {manager.py:878} INFO - 
================================================================================
DAG File Processing Stats

File Path                                       PID    Runtime      # DAGs    # Errors  Last Runtime    Last Run
----------------------------------------------  -----  ---------  --------  ----------  --------------  -------------------
/opt/airflow/dags/monitoring_retraining_dag.py                           1           0  0.48s           2026-01-16T07:47:48
================================================================================
[2026-01-16T07:48:27.863+0000] {manager.py:878} INFO - 
================================================================================
DAG File Processing Stats

File Path                                       PID    Runtime      # DAGs    # Errors  Last Runtime    Last Run
----------------------------------------------  -----  ---------  --------  ----------  --------------  -------------------
/opt/airflow/dags/monitoring_retraining_dag.py                           1           0  0.48s           2026-01-16T07:48:19
================================================================================
[2026-01-16T07:48:58.012+0000] {manager.py:878} INFO - 
================================================================================
DAG File Processing Stats

File Path                                       PID    Runtime      # DAGs    # Errors  Last Runtime    Last Run
----------------------------------------------  -----  ---------  --------  ----------  --------------  -------------------
/opt/airflow/dags/monitoring_retraining_dag.py                           1           0  0.47s           2026-01-16T07:48:49
================================================================================
[2026-01-16T07:49:28.190+0000] {manager.py:878} INFO - 
================================================================================
DAG File Processing Stats

File Path                                       PID    Runtime      # DAGs    # Errors  Last Runtime    Last Run
----------------------------------------------  -----  ---------  --------  ----------  --------------  -------------------
/opt/airflow/dags/monitoring_retraining_dag.py                           1           0  0.44s           2026-01-16T07:49:20
================================================================================
[2026-01-16T07:49:58.316+0000] {manager.py:878} INFO - 
================================================================================
DAG File Processing Stats

File Path                                       PID    Runtime      # DAGs    # Errors  Last Runtime    Last Run
----------------------------------------------  -----  ---------  --------  ----------  --------------  -------------------
/opt/airflow/dags/monitoring_retraining_dag.py                           1           0  0.50s           2026-01-16T07:49:51
================================================================================
[2026-01-16T07:50:28.567+0000] {manager.py:878} INFO - 
================================================================================
DAG File Processing Stats

File Path                                       PID    Runtime      # DAGs    # Errors  Last Runtime    Last Run
----------------------------------------------  -----  ---------  --------  ----------  --------------  -------------------
/opt/airflow/dags/monitoring_retraining_dag.py                           1           0  0.46s           2026-01-16T07:50:21
================================================================================
[2026-01-16T07:50:58.619+0000] {manager.py:878} INFO - 
================================================================================
DAG File Processing Stats

File Path                                       PID    Runtime      # DAGs    # Errors  Last Runtime    Last Run
----------------------------------------------  -----  ---------  --------  ----------  --------------  -------------------
/opt/airflow/dags/monitoring_retraining_dag.py                           1           0  0.44s           2026-01-16T07:50:52
================================================================================
[2026-01-16T07:51:28.850+0000] {manager.py:878} INFO - 
================================================================================
DAG File Processing Stats

File Path                                       PID    Runtime      # DAGs    # Errors  Last Runtime    Last Run
----------------------------------------------  -----  ---------  --------  ----------  --------------  -------------------
/opt/airflow/dags/monitoring_retraining_dag.py                           1           0  1.37s           2026-01-16T07:51:24
================================================================================
[2026-01-16T07:51:59.374+0000] {manager.py:878} INFO - 
================================================================================
DAG File Processing Stats

File Path                                       PID    Runtime      # DAGs    # Errors  Last Runtime    Last Run
----------------------------------------------  -----  ---------  --------  ----------  --------------  -------------------
/opt/airflow/dags/monitoring_retraining_dag.py                           1           0  0.46s           2026-01-16T07:51:54
================================================================================
[2026-01-16T07:52:09.443+0000] {manager.py:737} INFO - Searching for files in /opt/airflow/dags
[2026-01-16T07:52:09.471+0000] {manager.py:740} INFO - There are 1 files in /opt/airflow/dags
[2026-01-16T07:52:27.916+0000] {manager.py:452} INFO - Exiting gracefully upon receiving signal 15
