[2026-01-15T11:19:18.565+0000] {processor.py:161} INFO - Started process (PID=165) to work on /opt/airflow/dags/monitoring_retraining_dag.py
[2026-01-15T11:19:18.568+0000] {processor.py:830} INFO - Processing file /opt/airflow/dags/monitoring_retraining_dag.py for tasks to queue
[2026-01-15T11:19:18.575+0000] {logging_mixin.py:188} INFO - [2026-01-15T11:19:18.574+0000] {dagbag.py:545} INFO - Filling up the DagBag from /opt/airflow/dags/monitoring_retraining_dag.py
[2026-01-15T11:19:21.239+0000] {processor.py:840} INFO - DAG(s) 'monitoring_retraining_pipeline' retrieved from /opt/airflow/dags/monitoring_retraining_dag.py
[2026-01-15T11:19:21.494+0000] {logging_mixin.py:188} INFO - [2026-01-15T11:19:21.493+0000] {override.py:1858} INFO - Created Permission View: can delete on DAG:monitoring_retraining_pipeline
[2026-01-15T11:19:21.504+0000] {logging_mixin.py:188} INFO - [2026-01-15T11:19:21.503+0000] {override.py:1858} INFO - Created Permission View: can read on DAG:monitoring_retraining_pipeline
[2026-01-15T11:19:21.512+0000] {logging_mixin.py:188} INFO - [2026-01-15T11:19:21.511+0000] {override.py:1858} INFO - Created Permission View: can edit on DAG:monitoring_retraining_pipeline
[2026-01-15T11:19:21.512+0000] {logging_mixin.py:188} INFO - [2026-01-15T11:19:21.512+0000] {dag.py:3089} INFO - Sync 1 DAGs
[2026-01-15T11:19:21.523+0000] {logging_mixin.py:188} INFO - [2026-01-15T11:19:21.523+0000] {dag.py:3111} INFO - Creating ORM DAG for monitoring_retraining_pipeline
[2026-01-15T11:19:21.535+0000] {logging_mixin.py:188} INFO - [2026-01-15T11:19:21.535+0000] {dag.py:3947} INFO - Setting next_dagrun for monitoring_retraining_pipeline to 2026-01-14 00:00:00+00:00, run_after=2026-01-15 00:00:00+00:00
[2026-01-15T11:19:21.557+0000] {processor.py:183} INFO - Processing /opt/airflow/dags/monitoring_retraining_dag.py took 3.015 seconds
[2026-01-15T11:19:51.806+0000] {processor.py:161} INFO - Started process (PID=171) to work on /opt/airflow/dags/monitoring_retraining_dag.py
[2026-01-15T11:19:51.807+0000] {processor.py:830} INFO - Processing file /opt/airflow/dags/monitoring_retraining_dag.py for tasks to queue
[2026-01-15T11:19:51.810+0000] {logging_mixin.py:188} INFO - [2026-01-15T11:19:51.810+0000] {dagbag.py:545} INFO - Filling up the DagBag from /opt/airflow/dags/monitoring_retraining_dag.py
[2026-01-15T11:19:52.153+0000] {processor.py:840} INFO - DAG(s) 'monitoring_retraining_pipeline' retrieved from /opt/airflow/dags/monitoring_retraining_dag.py
[2026-01-15T11:19:52.194+0000] {logging_mixin.py:188} INFO - [2026-01-15T11:19:52.193+0000] {dag.py:3089} INFO - Sync 1 DAGs
[2026-01-15T11:19:52.216+0000] {logging_mixin.py:188} INFO - [2026-01-15T11:19:52.215+0000] {dag.py:3947} INFO - Setting next_dagrun for monitoring_retraining_pipeline to 2026-01-14 00:00:00+00:00, run_after=2026-01-15 00:00:00+00:00
[2026-01-15T11:19:52.237+0000] {processor.py:183} INFO - Processing /opt/airflow/dags/monitoring_retraining_dag.py took 0.439 seconds
[2026-01-15T11:20:22.493+0000] {processor.py:161} INFO - Started process (PID=177) to work on /opt/airflow/dags/monitoring_retraining_dag.py
[2026-01-15T11:20:22.494+0000] {processor.py:830} INFO - Processing file /opt/airflow/dags/monitoring_retraining_dag.py for tasks to queue
[2026-01-15T11:20:22.496+0000] {logging_mixin.py:188} INFO - [2026-01-15T11:20:22.495+0000] {dagbag.py:545} INFO - Filling up the DagBag from /opt/airflow/dags/monitoring_retraining_dag.py
[2026-01-15T11:20:22.816+0000] {processor.py:840} INFO - DAG(s) 'monitoring_retraining_pipeline' retrieved from /opt/airflow/dags/monitoring_retraining_dag.py
[2026-01-15T11:20:22.852+0000] {logging_mixin.py:188} INFO - [2026-01-15T11:20:22.852+0000] {dag.py:3089} INFO - Sync 1 DAGs
[2026-01-15T11:20:22.874+0000] {logging_mixin.py:188} INFO - [2026-01-15T11:20:22.874+0000] {dag.py:3947} INFO - Setting next_dagrun for monitoring_retraining_pipeline to 2026-01-14 00:00:00+00:00, run_after=2026-01-15 00:00:00+00:00
[2026-01-15T11:20:22.893+0000] {processor.py:183} INFO - Processing /opt/airflow/dags/monitoring_retraining_dag.py took 0.408 seconds
[2026-01-15T11:20:53.180+0000] {processor.py:161} INFO - Started process (PID=183) to work on /opt/airflow/dags/monitoring_retraining_dag.py
[2026-01-15T11:20:53.181+0000] {processor.py:830} INFO - Processing file /opt/airflow/dags/monitoring_retraining_dag.py for tasks to queue
[2026-01-15T11:20:53.184+0000] {logging_mixin.py:188} INFO - [2026-01-15T11:20:53.184+0000] {dagbag.py:545} INFO - Filling up the DagBag from /opt/airflow/dags/monitoring_retraining_dag.py
[2026-01-15T11:20:53.512+0000] {processor.py:840} INFO - DAG(s) 'monitoring_retraining_pipeline' retrieved from /opt/airflow/dags/monitoring_retraining_dag.py
[2026-01-15T11:20:53.548+0000] {logging_mixin.py:188} INFO - [2026-01-15T11:20:53.548+0000] {dag.py:3089} INFO - Sync 1 DAGs
[2026-01-15T11:20:53.570+0000] {logging_mixin.py:188} INFO - [2026-01-15T11:20:53.570+0000] {dag.py:3947} INFO - Setting next_dagrun for monitoring_retraining_pipeline to 2026-01-14 00:00:00+00:00, run_after=2026-01-15 00:00:00+00:00
[2026-01-15T11:20:53.591+0000] {processor.py:183} INFO - Processing /opt/airflow/dags/monitoring_retraining_dag.py took 0.419 seconds
[2026-01-15T11:21:23.814+0000] {processor.py:161} INFO - Started process (PID=436) to work on /opt/airflow/dags/monitoring_retraining_dag.py
[2026-01-15T11:21:23.815+0000] {processor.py:830} INFO - Processing file /opt/airflow/dags/monitoring_retraining_dag.py for tasks to queue
[2026-01-15T11:21:23.817+0000] {logging_mixin.py:188} INFO - [2026-01-15T11:21:23.817+0000] {dagbag.py:545} INFO - Filling up the DagBag from /opt/airflow/dags/monitoring_retraining_dag.py
[2026-01-15T11:21:24.183+0000] {processor.py:840} INFO - DAG(s) 'monitoring_retraining_pipeline' retrieved from /opt/airflow/dags/monitoring_retraining_dag.py
[2026-01-15T11:21:24.239+0000] {logging_mixin.py:188} INFO - [2026-01-15T11:21:24.238+0000] {dag.py:3089} INFO - Sync 1 DAGs
[2026-01-15T11:21:24.277+0000] {logging_mixin.py:188} INFO - [2026-01-15T11:21:24.277+0000] {dag.py:3947} INFO - Setting next_dagrun for monitoring_retraining_pipeline to 2026-01-15 00:00:00+00:00, run_after=2026-01-16 00:00:00+00:00
[2026-01-15T11:21:24.304+0000] {processor.py:183} INFO - Processing /opt/airflow/dags/monitoring_retraining_dag.py took 0.499 seconds
[2026-01-15T11:21:54.616+0000] {processor.py:161} INFO - Started process (PID=608) to work on /opt/airflow/dags/monitoring_retraining_dag.py
[2026-01-15T11:21:54.619+0000] {processor.py:830} INFO - Processing file /opt/airflow/dags/monitoring_retraining_dag.py for tasks to queue
[2026-01-15T11:21:54.625+0000] {logging_mixin.py:188} INFO - [2026-01-15T11:21:54.623+0000] {dagbag.py:545} INFO - Filling up the DagBag from /opt/airflow/dags/monitoring_retraining_dag.py
[2026-01-15T11:21:55.496+0000] {processor.py:840} INFO - DAG(s) 'monitoring_retraining_pipeline' retrieved from /opt/airflow/dags/monitoring_retraining_dag.py
[2026-01-15T11:21:55.577+0000] {logging_mixin.py:188} INFO - [2026-01-15T11:21:55.577+0000] {dag.py:3089} INFO - Sync 1 DAGs
[2026-01-15T11:21:55.629+0000] {logging_mixin.py:188} INFO - [2026-01-15T11:21:55.628+0000] {dag.py:3947} INFO - Setting next_dagrun for monitoring_retraining_pipeline to 2026-01-15 00:00:00+00:00, run_after=2026-01-16 00:00:00+00:00
[2026-01-15T11:21:55.659+0000] {processor.py:183} INFO - Processing /opt/airflow/dags/monitoring_retraining_dag.py took 1.062 seconds
[2026-01-15T11:22:25.806+0000] {processor.py:161} INFO - Started process (PID=812) to work on /opt/airflow/dags/monitoring_retraining_dag.py
[2026-01-15T11:22:25.807+0000] {processor.py:830} INFO - Processing file /opt/airflow/dags/monitoring_retraining_dag.py for tasks to queue
[2026-01-15T11:22:25.810+0000] {logging_mixin.py:188} INFO - [2026-01-15T11:22:25.810+0000] {dagbag.py:545} INFO - Filling up the DagBag from /opt/airflow/dags/monitoring_retraining_dag.py
[2026-01-15T11:22:26.152+0000] {processor.py:840} INFO - DAG(s) 'monitoring_retraining_pipeline' retrieved from /opt/airflow/dags/monitoring_retraining_dag.py
[2026-01-15T11:22:26.188+0000] {logging_mixin.py:188} INFO - [2026-01-15T11:22:26.188+0000] {dag.py:3089} INFO - Sync 1 DAGs
[2026-01-15T11:22:26.209+0000] {logging_mixin.py:188} INFO - [2026-01-15T11:22:26.209+0000] {dag.py:3947} INFO - Setting next_dagrun for monitoring_retraining_pipeline to 2026-01-15 00:00:00+00:00, run_after=2026-01-16 00:00:00+00:00
[2026-01-15T11:22:26.227+0000] {processor.py:183} INFO - Processing /opt/airflow/dags/monitoring_retraining_dag.py took 0.428 seconds
[2026-01-15T11:22:56.449+0000] {processor.py:161} INFO - Started process (PID=828) to work on /opt/airflow/dags/monitoring_retraining_dag.py
[2026-01-15T11:22:56.451+0000] {processor.py:830} INFO - Processing file /opt/airflow/dags/monitoring_retraining_dag.py for tasks to queue
[2026-01-15T11:22:56.453+0000] {logging_mixin.py:188} INFO - [2026-01-15T11:22:56.453+0000] {dagbag.py:545} INFO - Filling up the DagBag from /opt/airflow/dags/monitoring_retraining_dag.py
[2026-01-15T11:22:56.783+0000] {processor.py:840} INFO - DAG(s) 'monitoring_retraining_pipeline' retrieved from /opt/airflow/dags/monitoring_retraining_dag.py
[2026-01-15T11:22:56.818+0000] {logging_mixin.py:188} INFO - [2026-01-15T11:22:56.818+0000] {dag.py:3089} INFO - Sync 1 DAGs
[2026-01-15T11:22:56.838+0000] {logging_mixin.py:188} INFO - [2026-01-15T11:22:56.838+0000] {dag.py:3947} INFO - Setting next_dagrun for monitoring_retraining_pipeline to 2026-01-15 00:00:00+00:00, run_after=2026-01-16 00:00:00+00:00
[2026-01-15T11:22:56.856+0000] {processor.py:183} INFO - Processing /opt/airflow/dags/monitoring_retraining_dag.py took 0.415 seconds
[2026-01-15T11:23:27.141+0000] {processor.py:161} INFO - Started process (PID=834) to work on /opt/airflow/dags/monitoring_retraining_dag.py
[2026-01-15T11:23:27.142+0000] {processor.py:830} INFO - Processing file /opt/airflow/dags/monitoring_retraining_dag.py for tasks to queue
[2026-01-15T11:23:27.144+0000] {logging_mixin.py:188} INFO - [2026-01-15T11:23:27.144+0000] {dagbag.py:545} INFO - Filling up the DagBag from /opt/airflow/dags/monitoring_retraining_dag.py
[2026-01-15T11:23:27.469+0000] {processor.py:840} INFO - DAG(s) 'monitoring_retraining_pipeline' retrieved from /opt/airflow/dags/monitoring_retraining_dag.py
[2026-01-15T11:23:27.504+0000] {logging_mixin.py:188} INFO - [2026-01-15T11:23:27.503+0000] {dag.py:3089} INFO - Sync 1 DAGs
[2026-01-15T11:23:27.524+0000] {logging_mixin.py:188} INFO - [2026-01-15T11:23:27.524+0000] {dag.py:3947} INFO - Setting next_dagrun for monitoring_retraining_pipeline to 2026-01-15 00:00:00+00:00, run_after=2026-01-16 00:00:00+00:00
[2026-01-15T11:23:27.546+0000] {processor.py:183} INFO - Processing /opt/airflow/dags/monitoring_retraining_dag.py took 0.412 seconds
[2026-01-15T11:23:57.867+0000] {processor.py:161} INFO - Started process (PID=840) to work on /opt/airflow/dags/monitoring_retraining_dag.py
[2026-01-15T11:23:57.868+0000] {processor.py:830} INFO - Processing file /opt/airflow/dags/monitoring_retraining_dag.py for tasks to queue
[2026-01-15T11:23:57.870+0000] {logging_mixin.py:188} INFO - [2026-01-15T11:23:57.870+0000] {dagbag.py:545} INFO - Filling up the DagBag from /opt/airflow/dags/monitoring_retraining_dag.py
[2026-01-15T11:23:58.186+0000] {processor.py:840} INFO - DAG(s) 'monitoring_retraining_pipeline' retrieved from /opt/airflow/dags/monitoring_retraining_dag.py
[2026-01-15T11:23:58.222+0000] {logging_mixin.py:188} INFO - [2026-01-15T11:23:58.221+0000] {dag.py:3089} INFO - Sync 1 DAGs
[2026-01-15T11:23:58.243+0000] {logging_mixin.py:188} INFO - [2026-01-15T11:23:58.243+0000] {dag.py:3947} INFO - Setting next_dagrun for monitoring_retraining_pipeline to 2026-01-15 00:00:00+00:00, run_after=2026-01-16 00:00:00+00:00
[2026-01-15T11:23:58.265+0000] {processor.py:183} INFO - Processing /opt/airflow/dags/monitoring_retraining_dag.py took 0.405 seconds
[2026-01-15T11:24:28.642+0000] {processor.py:161} INFO - Started process (PID=846) to work on /opt/airflow/dags/monitoring_retraining_dag.py
[2026-01-15T11:24:28.644+0000] {processor.py:830} INFO - Processing file /opt/airflow/dags/monitoring_retraining_dag.py for tasks to queue
[2026-01-15T11:24:28.646+0000] {logging_mixin.py:188} INFO - [2026-01-15T11:24:28.646+0000] {dagbag.py:545} INFO - Filling up the DagBag from /opt/airflow/dags/monitoring_retraining_dag.py
[2026-01-15T11:24:29.124+0000] {processor.py:840} INFO - DAG(s) 'monitoring_retraining_pipeline' retrieved from /opt/airflow/dags/monitoring_retraining_dag.py
[2026-01-15T11:24:29.162+0000] {logging_mixin.py:188} INFO - [2026-01-15T11:24:29.162+0000] {dag.py:3089} INFO - Sync 1 DAGs
[2026-01-15T11:24:29.187+0000] {logging_mixin.py:188} INFO - [2026-01-15T11:24:29.187+0000] {dag.py:3947} INFO - Setting next_dagrun for monitoring_retraining_pipeline to 2026-01-15 00:00:00+00:00, run_after=2026-01-16 00:00:00+00:00
[2026-01-15T11:24:29.211+0000] {processor.py:183} INFO - Processing /opt/airflow/dags/monitoring_retraining_dag.py took 0.576 seconds
[2026-01-15T11:24:59.512+0000] {processor.py:161} INFO - Started process (PID=852) to work on /opt/airflow/dags/monitoring_retraining_dag.py
[2026-01-15T11:24:59.513+0000] {processor.py:830} INFO - Processing file /opt/airflow/dags/monitoring_retraining_dag.py for tasks to queue
[2026-01-15T11:24:59.517+0000] {logging_mixin.py:188} INFO - [2026-01-15T11:24:59.517+0000] {dagbag.py:545} INFO - Filling up the DagBag from /opt/airflow/dags/monitoring_retraining_dag.py
[2026-01-15T11:25:00.121+0000] {processor.py:840} INFO - DAG(s) 'monitoring_retraining_pipeline' retrieved from /opt/airflow/dags/monitoring_retraining_dag.py
[2026-01-15T11:25:00.153+0000] {logging_mixin.py:188} INFO - [2026-01-15T11:25:00.153+0000] {dag.py:3089} INFO - Sync 1 DAGs
[2026-01-15T11:25:00.174+0000] {logging_mixin.py:188} INFO - [2026-01-15T11:25:00.174+0000] {dag.py:3947} INFO - Setting next_dagrun for monitoring_retraining_pipeline to 2026-01-15 00:00:00+00:00, run_after=2026-01-16 00:00:00+00:00
[2026-01-15T11:25:00.193+0000] {processor.py:183} INFO - Processing /opt/airflow/dags/monitoring_retraining_dag.py took 0.690 seconds
[2026-01-15T11:25:30.480+0000] {processor.py:161} INFO - Started process (PID=858) to work on /opt/airflow/dags/monitoring_retraining_dag.py
[2026-01-15T11:25:30.482+0000] {processor.py:830} INFO - Processing file /opt/airflow/dags/monitoring_retraining_dag.py for tasks to queue
[2026-01-15T11:25:30.484+0000] {logging_mixin.py:188} INFO - [2026-01-15T11:25:30.483+0000] {dagbag.py:545} INFO - Filling up the DagBag from /opt/airflow/dags/monitoring_retraining_dag.py
[2026-01-15T11:25:30.793+0000] {processor.py:840} INFO - DAG(s) 'monitoring_retraining_pipeline' retrieved from /opt/airflow/dags/monitoring_retraining_dag.py
[2026-01-15T11:25:30.833+0000] {logging_mixin.py:188} INFO - [2026-01-15T11:25:30.833+0000] {dag.py:3089} INFO - Sync 1 DAGs
[2026-01-15T11:25:30.856+0000] {logging_mixin.py:188} INFO - [2026-01-15T11:25:30.856+0000] {dag.py:3947} INFO - Setting next_dagrun for monitoring_retraining_pipeline to 2026-01-15 00:00:00+00:00, run_after=2026-01-16 00:00:00+00:00
[2026-01-15T11:25:30.876+0000] {processor.py:183} INFO - Processing /opt/airflow/dags/monitoring_retraining_dag.py took 0.402 seconds
[2026-01-15T11:26:01.023+0000] {processor.py:161} INFO - Started process (PID=864) to work on /opt/airflow/dags/monitoring_retraining_dag.py
[2026-01-15T11:26:01.025+0000] {processor.py:830} INFO - Processing file /opt/airflow/dags/monitoring_retraining_dag.py for tasks to queue
[2026-01-15T11:26:01.028+0000] {logging_mixin.py:188} INFO - [2026-01-15T11:26:01.028+0000] {dagbag.py:545} INFO - Filling up the DagBag from /opt/airflow/dags/monitoring_retraining_dag.py
[2026-01-15T11:26:01.368+0000] {processor.py:840} INFO - DAG(s) 'monitoring_retraining_pipeline' retrieved from /opt/airflow/dags/monitoring_retraining_dag.py
[2026-01-15T11:26:01.422+0000] {logging_mixin.py:188} INFO - [2026-01-15T11:26:01.422+0000] {dag.py:3089} INFO - Sync 1 DAGs
[2026-01-15T11:26:01.451+0000] {logging_mixin.py:188} INFO - [2026-01-15T11:26:01.451+0000] {dag.py:3947} INFO - Setting next_dagrun for monitoring_retraining_pipeline to 2026-01-15 00:00:00+00:00, run_after=2026-01-16 00:00:00+00:00
[2026-01-15T11:26:01.472+0000] {processor.py:183} INFO - Processing /opt/airflow/dags/monitoring_retraining_dag.py took 0.461 seconds
[2026-01-15T11:26:31.804+0000] {processor.py:161} INFO - Started process (PID=870) to work on /opt/airflow/dags/monitoring_retraining_dag.py
[2026-01-15T11:26:31.805+0000] {processor.py:830} INFO - Processing file /opt/airflow/dags/monitoring_retraining_dag.py for tasks to queue
[2026-01-15T11:26:31.807+0000] {logging_mixin.py:188} INFO - [2026-01-15T11:26:31.807+0000] {dagbag.py:545} INFO - Filling up the DagBag from /opt/airflow/dags/monitoring_retraining_dag.py
[2026-01-15T11:26:32.130+0000] {processor.py:840} INFO - DAG(s) 'monitoring_retraining_pipeline' retrieved from /opt/airflow/dags/monitoring_retraining_dag.py
[2026-01-15T11:26:32.165+0000] {logging_mixin.py:188} INFO - [2026-01-15T11:26:32.165+0000] {dag.py:3089} INFO - Sync 1 DAGs
[2026-01-15T11:26:32.186+0000] {logging_mixin.py:188} INFO - [2026-01-15T11:26:32.186+0000] {dag.py:3947} INFO - Setting next_dagrun for monitoring_retraining_pipeline to 2026-01-15 00:00:00+00:00, run_after=2026-01-16 00:00:00+00:00
[2026-01-15T11:26:32.205+0000] {processor.py:183} INFO - Processing /opt/airflow/dags/monitoring_retraining_dag.py took 0.408 seconds
[2026-01-15T11:27:02.516+0000] {processor.py:161} INFO - Started process (PID=876) to work on /opt/airflow/dags/monitoring_retraining_dag.py
[2026-01-15T11:27:02.518+0000] {processor.py:830} INFO - Processing file /opt/airflow/dags/monitoring_retraining_dag.py for tasks to queue
[2026-01-15T11:27:02.520+0000] {logging_mixin.py:188} INFO - [2026-01-15T11:27:02.520+0000] {dagbag.py:545} INFO - Filling up the DagBag from /opt/airflow/dags/monitoring_retraining_dag.py
[2026-01-15T11:27:02.964+0000] {processor.py:840} INFO - DAG(s) 'monitoring_retraining_pipeline' retrieved from /opt/airflow/dags/monitoring_retraining_dag.py
[2026-01-15T11:27:03.001+0000] {logging_mixin.py:188} INFO - [2026-01-15T11:27:03.001+0000] {dag.py:3089} INFO - Sync 1 DAGs
[2026-01-15T11:27:03.026+0000] {logging_mixin.py:188} INFO - [2026-01-15T11:27:03.026+0000] {dag.py:3947} INFO - Setting next_dagrun for monitoring_retraining_pipeline to 2026-01-15 00:00:00+00:00, run_after=2026-01-16 00:00:00+00:00
[2026-01-15T11:27:03.049+0000] {processor.py:183} INFO - Processing /opt/airflow/dags/monitoring_retraining_dag.py took 0.543 seconds
[2026-01-15T11:27:33.313+0000] {processor.py:161} INFO - Started process (PID=882) to work on /opt/airflow/dags/monitoring_retraining_dag.py
[2026-01-15T11:27:33.315+0000] {processor.py:830} INFO - Processing file /opt/airflow/dags/monitoring_retraining_dag.py for tasks to queue
[2026-01-15T11:27:33.317+0000] {logging_mixin.py:188} INFO - [2026-01-15T11:27:33.317+0000] {dagbag.py:545} INFO - Filling up the DagBag from /opt/airflow/dags/monitoring_retraining_dag.py
[2026-01-15T11:27:33.630+0000] {processor.py:840} INFO - DAG(s) 'monitoring_retraining_pipeline' retrieved from /opt/airflow/dags/monitoring_retraining_dag.py
[2026-01-15T11:27:33.663+0000] {logging_mixin.py:188} INFO - [2026-01-15T11:27:33.663+0000] {dag.py:3089} INFO - Sync 1 DAGs
[2026-01-15T11:27:33.685+0000] {logging_mixin.py:188} INFO - [2026-01-15T11:27:33.684+0000] {dag.py:3947} INFO - Setting next_dagrun for monitoring_retraining_pipeline to 2026-01-15 00:00:00+00:00, run_after=2026-01-16 00:00:00+00:00
[2026-01-15T11:27:33.703+0000] {processor.py:183} INFO - Processing /opt/airflow/dags/monitoring_retraining_dag.py took 0.396 seconds
[2026-01-15T11:28:04.078+0000] {processor.py:161} INFO - Started process (PID=888) to work on /opt/airflow/dags/monitoring_retraining_dag.py
[2026-01-15T11:28:04.080+0000] {processor.py:830} INFO - Processing file /opt/airflow/dags/monitoring_retraining_dag.py for tasks to queue
[2026-01-15T11:28:04.082+0000] {logging_mixin.py:188} INFO - [2026-01-15T11:28:04.081+0000] {dagbag.py:545} INFO - Filling up the DagBag from /opt/airflow/dags/monitoring_retraining_dag.py
[2026-01-15T11:28:04.528+0000] {processor.py:840} INFO - DAG(s) 'monitoring_retraining_pipeline' retrieved from /opt/airflow/dags/monitoring_retraining_dag.py
[2026-01-15T11:28:04.567+0000] {logging_mixin.py:188} INFO - [2026-01-15T11:28:04.567+0000] {dag.py:3089} INFO - Sync 1 DAGs
[2026-01-15T11:28:04.595+0000] {logging_mixin.py:188} INFO - [2026-01-15T11:28:04.595+0000] {dag.py:3947} INFO - Setting next_dagrun for monitoring_retraining_pipeline to 2026-01-15 00:00:00+00:00, run_after=2026-01-16 00:00:00+00:00
[2026-01-15T11:28:04.618+0000] {processor.py:183} INFO - Processing /opt/airflow/dags/monitoring_retraining_dag.py took 0.547 seconds
[2026-01-15T11:28:34.885+0000] {processor.py:161} INFO - Started process (PID=894) to work on /opt/airflow/dags/monitoring_retraining_dag.py
[2026-01-15T11:28:34.886+0000] {processor.py:830} INFO - Processing file /opt/airflow/dags/monitoring_retraining_dag.py for tasks to queue
[2026-01-15T11:28:34.889+0000] {logging_mixin.py:188} INFO - [2026-01-15T11:28:34.888+0000] {dagbag.py:545} INFO - Filling up the DagBag from /opt/airflow/dags/monitoring_retraining_dag.py
[2026-01-15T11:28:35.197+0000] {processor.py:840} INFO - DAG(s) 'monitoring_retraining_pipeline' retrieved from /opt/airflow/dags/monitoring_retraining_dag.py
[2026-01-15T11:28:35.233+0000] {logging_mixin.py:188} INFO - [2026-01-15T11:28:35.233+0000] {dag.py:3089} INFO - Sync 1 DAGs
[2026-01-15T11:28:35.256+0000] {logging_mixin.py:188} INFO - [2026-01-15T11:28:35.256+0000] {dag.py:3947} INFO - Setting next_dagrun for monitoring_retraining_pipeline to 2026-01-15 00:00:00+00:00, run_after=2026-01-16 00:00:00+00:00
[2026-01-15T11:28:35.276+0000] {processor.py:183} INFO - Processing /opt/airflow/dags/monitoring_retraining_dag.py took 0.400 seconds
[2026-01-15T11:29:05.579+0000] {processor.py:161} INFO - Started process (PID=900) to work on /opt/airflow/dags/monitoring_retraining_dag.py
[2026-01-15T11:29:05.580+0000] {processor.py:830} INFO - Processing file /opt/airflow/dags/monitoring_retraining_dag.py for tasks to queue
[2026-01-15T11:29:05.582+0000] {logging_mixin.py:188} INFO - [2026-01-15T11:29:05.582+0000] {dagbag.py:545} INFO - Filling up the DagBag from /opt/airflow/dags/monitoring_retraining_dag.py
[2026-01-15T11:29:05.896+0000] {processor.py:840} INFO - DAG(s) 'monitoring_retraining_pipeline' retrieved from /opt/airflow/dags/monitoring_retraining_dag.py
[2026-01-15T11:29:05.931+0000] {logging_mixin.py:188} INFO - [2026-01-15T11:29:05.931+0000] {dag.py:3089} INFO - Sync 1 DAGs
[2026-01-15T11:29:05.953+0000] {logging_mixin.py:188} INFO - [2026-01-15T11:29:05.953+0000] {dag.py:3947} INFO - Setting next_dagrun for monitoring_retraining_pipeline to 2026-01-15 00:00:00+00:00, run_after=2026-01-16 00:00:00+00:00
[2026-01-15T11:29:05.975+0000] {processor.py:183} INFO - Processing /opt/airflow/dags/monitoring_retraining_dag.py took 0.403 seconds
[2026-01-15T11:29:36.269+0000] {processor.py:161} INFO - Started process (PID=906) to work on /opt/airflow/dags/monitoring_retraining_dag.py
[2026-01-15T11:29:36.271+0000] {processor.py:830} INFO - Processing file /opt/airflow/dags/monitoring_retraining_dag.py for tasks to queue
[2026-01-15T11:29:36.273+0000] {logging_mixin.py:188} INFO - [2026-01-15T11:29:36.273+0000] {dagbag.py:545} INFO - Filling up the DagBag from /opt/airflow/dags/monitoring_retraining_dag.py
[2026-01-15T11:29:36.590+0000] {processor.py:840} INFO - DAG(s) 'monitoring_retraining_pipeline' retrieved from /opt/airflow/dags/monitoring_retraining_dag.py
[2026-01-15T11:29:36.627+0000] {logging_mixin.py:188} INFO - [2026-01-15T11:29:36.626+0000] {dag.py:3089} INFO - Sync 1 DAGs
[2026-01-15T11:29:36.648+0000] {logging_mixin.py:188} INFO - [2026-01-15T11:29:36.648+0000] {dag.py:3947} INFO - Setting next_dagrun for monitoring_retraining_pipeline to 2026-01-15 00:00:00+00:00, run_after=2026-01-16 00:00:00+00:00
[2026-01-15T11:29:36.668+0000] {processor.py:183} INFO - Processing /opt/airflow/dags/monitoring_retraining_dag.py took 0.405 seconds
[2026-01-15T12:10:41.875+0000] {processor.py:161} INFO - Started process (PID=164) to work on /opt/airflow/dags/monitoring_retraining_dag.py
[2026-01-15T12:10:41.876+0000] {processor.py:830} INFO - Processing file /opt/airflow/dags/monitoring_retraining_dag.py for tasks to queue
[2026-01-15T12:10:41.880+0000] {logging_mixin.py:188} INFO - [2026-01-15T12:10:41.880+0000] {dagbag.py:545} INFO - Filling up the DagBag from /opt/airflow/dags/monitoring_retraining_dag.py
[2026-01-15T12:10:44.245+0000] {processor.py:840} INFO - DAG(s) 'monitoring_retraining_pipeline' retrieved from /opt/airflow/dags/monitoring_retraining_dag.py
[2026-01-15T12:10:44.517+0000] {logging_mixin.py:188} INFO - [2026-01-15T12:10:44.516+0000] {override.py:1858} INFO - Created Permission View: can read on DAG:monitoring_retraining_pipeline
[2026-01-15T12:10:44.526+0000] {logging_mixin.py:188} INFO - [2026-01-15T12:10:44.526+0000] {override.py:1858} INFO - Created Permission View: can delete on DAG:monitoring_retraining_pipeline
[2026-01-15T12:10:44.534+0000] {logging_mixin.py:188} INFO - [2026-01-15T12:10:44.534+0000] {override.py:1858} INFO - Created Permission View: can edit on DAG:monitoring_retraining_pipeline
[2026-01-15T12:10:44.535+0000] {logging_mixin.py:188} INFO - [2026-01-15T12:10:44.534+0000] {dag.py:3089} INFO - Sync 1 DAGs
[2026-01-15T12:10:44.545+0000] {logging_mixin.py:188} INFO - [2026-01-15T12:10:44.544+0000] {dag.py:3111} INFO - Creating ORM DAG for monitoring_retraining_pipeline
[2026-01-15T12:10:44.555+0000] {logging_mixin.py:188} INFO - [2026-01-15T12:10:44.555+0000] {dag.py:3947} INFO - Setting next_dagrun for monitoring_retraining_pipeline to 2026-01-14 00:00:00+00:00, run_after=2026-01-15 00:00:00+00:00
[2026-01-15T12:10:44.583+0000] {processor.py:183} INFO - Processing /opt/airflow/dags/monitoring_retraining_dag.py took 2.720 seconds
[2026-01-15T12:11:14.891+0000] {processor.py:161} INFO - Started process (PID=170) to work on /opt/airflow/dags/monitoring_retraining_dag.py
[2026-01-15T12:11:14.893+0000] {processor.py:830} INFO - Processing file /opt/airflow/dags/monitoring_retraining_dag.py for tasks to queue
[2026-01-15T12:11:14.895+0000] {logging_mixin.py:188} INFO - [2026-01-15T12:11:14.895+0000] {dagbag.py:545} INFO - Filling up the DagBag from /opt/airflow/dags/monitoring_retraining_dag.py
[2026-01-15T12:11:15.247+0000] {processor.py:840} INFO - DAG(s) 'monitoring_retraining_pipeline' retrieved from /opt/airflow/dags/monitoring_retraining_dag.py
[2026-01-15T12:11:15.302+0000] {logging_mixin.py:188} INFO - [2026-01-15T12:11:15.302+0000] {dag.py:3089} INFO - Sync 1 DAGs
[2026-01-15T12:11:15.327+0000] {logging_mixin.py:188} INFO - [2026-01-15T12:11:15.327+0000] {dag.py:3947} INFO - Setting next_dagrun for monitoring_retraining_pipeline to 2026-01-14 00:00:00+00:00, run_after=2026-01-15 00:00:00+00:00
[2026-01-15T12:11:15.345+0000] {processor.py:183} INFO - Processing /opt/airflow/dags/monitoring_retraining_dag.py took 0.463 seconds
[2026-01-15T12:11:45.425+0000] {processor.py:161} INFO - Started process (PID=176) to work on /opt/airflow/dags/monitoring_retraining_dag.py
[2026-01-15T12:11:45.427+0000] {processor.py:830} INFO - Processing file /opt/airflow/dags/monitoring_retraining_dag.py for tasks to queue
[2026-01-15T12:11:45.429+0000] {logging_mixin.py:188} INFO - [2026-01-15T12:11:45.428+0000] {dagbag.py:545} INFO - Filling up the DagBag from /opt/airflow/dags/monitoring_retraining_dag.py
[2026-01-15T12:11:45.767+0000] {processor.py:840} INFO - DAG(s) 'monitoring_retraining_pipeline' retrieved from /opt/airflow/dags/monitoring_retraining_dag.py
[2026-01-15T12:11:45.803+0000] {logging_mixin.py:188} INFO - [2026-01-15T12:11:45.803+0000] {dag.py:3089} INFO - Sync 1 DAGs
[2026-01-15T12:11:45.825+0000] {logging_mixin.py:188} INFO - [2026-01-15T12:11:45.825+0000] {dag.py:3947} INFO - Setting next_dagrun for monitoring_retraining_pipeline to 2026-01-14 00:00:00+00:00, run_after=2026-01-15 00:00:00+00:00
[2026-01-15T12:11:45.846+0000] {processor.py:183} INFO - Processing /opt/airflow/dags/monitoring_retraining_dag.py took 0.428 seconds
[2026-01-15T12:12:15.969+0000] {processor.py:161} INFO - Started process (PID=182) to work on /opt/airflow/dags/monitoring_retraining_dag.py
[2026-01-15T12:12:15.970+0000] {processor.py:830} INFO - Processing file /opt/airflow/dags/monitoring_retraining_dag.py for tasks to queue
[2026-01-15T12:12:15.972+0000] {logging_mixin.py:188} INFO - [2026-01-15T12:12:15.972+0000] {dagbag.py:545} INFO - Filling up the DagBag from /opt/airflow/dags/monitoring_retraining_dag.py
[2026-01-15T12:12:16.294+0000] {processor.py:840} INFO - DAG(s) 'monitoring_retraining_pipeline' retrieved from /opt/airflow/dags/monitoring_retraining_dag.py
[2026-01-15T12:12:16.327+0000] {logging_mixin.py:188} INFO - [2026-01-15T12:12:16.327+0000] {dag.py:3089} INFO - Sync 1 DAGs
[2026-01-15T12:12:16.349+0000] {logging_mixin.py:188} INFO - [2026-01-15T12:12:16.349+0000] {dag.py:3947} INFO - Setting next_dagrun for monitoring_retraining_pipeline to 2026-01-14 00:00:00+00:00, run_after=2026-01-15 00:00:00+00:00
[2026-01-15T12:12:16.377+0000] {processor.py:183} INFO - Processing /opt/airflow/dags/monitoring_retraining_dag.py took 0.415 seconds
[2026-01-15T12:12:46.509+0000] {processor.py:161} INFO - Started process (PID=188) to work on /opt/airflow/dags/monitoring_retraining_dag.py
[2026-01-15T12:12:46.510+0000] {processor.py:830} INFO - Processing file /opt/airflow/dags/monitoring_retraining_dag.py for tasks to queue
[2026-01-15T12:12:46.513+0000] {logging_mixin.py:188} INFO - [2026-01-15T12:12:46.513+0000] {dagbag.py:545} INFO - Filling up the DagBag from /opt/airflow/dags/monitoring_retraining_dag.py
[2026-01-15T12:12:46.840+0000] {processor.py:840} INFO - DAG(s) 'monitoring_retraining_pipeline' retrieved from /opt/airflow/dags/monitoring_retraining_dag.py
[2026-01-15T12:12:46.875+0000] {logging_mixin.py:188} INFO - [2026-01-15T12:12:46.875+0000] {dag.py:3089} INFO - Sync 1 DAGs
[2026-01-15T12:12:46.896+0000] {logging_mixin.py:188} INFO - [2026-01-15T12:12:46.896+0000] {dag.py:3947} INFO - Setting next_dagrun for monitoring_retraining_pipeline to 2026-01-14 00:00:00+00:00, run_after=2026-01-15 00:00:00+00:00
[2026-01-15T12:12:46.918+0000] {processor.py:183} INFO - Processing /opt/airflow/dags/monitoring_retraining_dag.py took 0.415 seconds
[2026-01-15T12:13:17.272+0000] {processor.py:161} INFO - Started process (PID=194) to work on /opt/airflow/dags/monitoring_retraining_dag.py
[2026-01-15T12:13:17.274+0000] {processor.py:830} INFO - Processing file /opt/airflow/dags/monitoring_retraining_dag.py for tasks to queue
[2026-01-15T12:13:17.276+0000] {logging_mixin.py:188} INFO - [2026-01-15T12:13:17.275+0000] {dagbag.py:545} INFO - Filling up the DagBag from /opt/airflow/dags/monitoring_retraining_dag.py
[2026-01-15T12:13:17.604+0000] {processor.py:840} INFO - DAG(s) 'monitoring_retraining_pipeline' retrieved from /opt/airflow/dags/monitoring_retraining_dag.py
[2026-01-15T12:13:17.640+0000] {logging_mixin.py:188} INFO - [2026-01-15T12:13:17.640+0000] {dag.py:3089} INFO - Sync 1 DAGs
[2026-01-15T12:13:17.662+0000] {logging_mixin.py:188} INFO - [2026-01-15T12:13:17.662+0000] {dag.py:3947} INFO - Setting next_dagrun for monitoring_retraining_pipeline to 2026-01-14 00:00:00+00:00, run_after=2026-01-15 00:00:00+00:00
[2026-01-15T12:13:17.683+0000] {processor.py:183} INFO - Processing /opt/airflow/dags/monitoring_retraining_dag.py took 0.417 seconds
[2026-01-15T12:13:48.039+0000] {processor.py:161} INFO - Started process (PID=200) to work on /opt/airflow/dags/monitoring_retraining_dag.py
[2026-01-15T12:13:48.040+0000] {processor.py:830} INFO - Processing file /opt/airflow/dags/monitoring_retraining_dag.py for tasks to queue
[2026-01-15T12:13:48.042+0000] {logging_mixin.py:188} INFO - [2026-01-15T12:13:48.042+0000] {dagbag.py:545} INFO - Filling up the DagBag from /opt/airflow/dags/monitoring_retraining_dag.py
[2026-01-15T12:13:48.368+0000] {processor.py:840} INFO - DAG(s) 'monitoring_retraining_pipeline' retrieved from /opt/airflow/dags/monitoring_retraining_dag.py
[2026-01-15T12:13:48.405+0000] {logging_mixin.py:188} INFO - [2026-01-15T12:13:48.405+0000] {dag.py:3089} INFO - Sync 1 DAGs
[2026-01-15T12:13:48.427+0000] {logging_mixin.py:188} INFO - [2026-01-15T12:13:48.427+0000] {dag.py:3947} INFO - Setting next_dagrun for monitoring_retraining_pipeline to 2026-01-14 00:00:00+00:00, run_after=2026-01-15 00:00:00+00:00
[2026-01-15T12:13:48.446+0000] {processor.py:183} INFO - Processing /opt/airflow/dags/monitoring_retraining_dag.py took 0.413 seconds
[2026-01-15T12:14:18.765+0000] {processor.py:161} INFO - Started process (PID=206) to work on /opt/airflow/dags/monitoring_retraining_dag.py
[2026-01-15T12:14:18.767+0000] {processor.py:830} INFO - Processing file /opt/airflow/dags/monitoring_retraining_dag.py for tasks to queue
[2026-01-15T12:14:18.769+0000] {logging_mixin.py:188} INFO - [2026-01-15T12:14:18.769+0000] {dagbag.py:545} INFO - Filling up the DagBag from /opt/airflow/dags/monitoring_retraining_dag.py
[2026-01-15T12:14:19.094+0000] {processor.py:840} INFO - DAG(s) 'monitoring_retraining_pipeline' retrieved from /opt/airflow/dags/monitoring_retraining_dag.py
[2026-01-15T12:14:19.133+0000] {logging_mixin.py:188} INFO - [2026-01-15T12:14:19.132+0000] {dag.py:3089} INFO - Sync 1 DAGs
[2026-01-15T12:14:19.157+0000] {logging_mixin.py:188} INFO - [2026-01-15T12:14:19.157+0000] {dag.py:3947} INFO - Setting next_dagrun for monitoring_retraining_pipeline to 2026-01-14 00:00:00+00:00, run_after=2026-01-15 00:00:00+00:00
[2026-01-15T12:14:19.178+0000] {processor.py:183} INFO - Processing /opt/airflow/dags/monitoring_retraining_dag.py took 0.419 seconds
[2026-01-15T12:14:49.574+0000] {processor.py:161} INFO - Started process (PID=212) to work on /opt/airflow/dags/monitoring_retraining_dag.py
[2026-01-15T12:14:49.575+0000] {processor.py:830} INFO - Processing file /opt/airflow/dags/monitoring_retraining_dag.py for tasks to queue
[2026-01-15T12:14:49.577+0000] {logging_mixin.py:188} INFO - [2026-01-15T12:14:49.577+0000] {dagbag.py:545} INFO - Filling up the DagBag from /opt/airflow/dags/monitoring_retraining_dag.py
[2026-01-15T12:14:49.908+0000] {processor.py:840} INFO - DAG(s) 'monitoring_retraining_pipeline' retrieved from /opt/airflow/dags/monitoring_retraining_dag.py
[2026-01-15T12:14:49.946+0000] {logging_mixin.py:188} INFO - [2026-01-15T12:14:49.946+0000] {dag.py:3089} INFO - Sync 1 DAGs
[2026-01-15T12:14:49.970+0000] {logging_mixin.py:188} INFO - [2026-01-15T12:14:49.970+0000] {dag.py:3947} INFO - Setting next_dagrun for monitoring_retraining_pipeline to 2026-01-14 00:00:00+00:00, run_after=2026-01-15 00:00:00+00:00
[2026-01-15T12:14:49.992+0000] {processor.py:183} INFO - Processing /opt/airflow/dags/monitoring_retraining_dag.py took 0.424 seconds
[2026-01-15T12:15:20.346+0000] {processor.py:161} INFO - Started process (PID=218) to work on /opt/airflow/dags/monitoring_retraining_dag.py
[2026-01-15T12:15:20.347+0000] {processor.py:830} INFO - Processing file /opt/airflow/dags/monitoring_retraining_dag.py for tasks to queue
[2026-01-15T12:15:20.349+0000] {logging_mixin.py:188} INFO - [2026-01-15T12:15:20.348+0000] {dagbag.py:545} INFO - Filling up the DagBag from /opt/airflow/dags/monitoring_retraining_dag.py
[2026-01-15T12:15:20.689+0000] {processor.py:840} INFO - DAG(s) 'monitoring_retraining_pipeline' retrieved from /opt/airflow/dags/monitoring_retraining_dag.py
[2026-01-15T12:15:20.725+0000] {logging_mixin.py:188} INFO - [2026-01-15T12:15:20.725+0000] {dag.py:3089} INFO - Sync 1 DAGs
[2026-01-15T12:15:20.748+0000] {logging_mixin.py:188} INFO - [2026-01-15T12:15:20.748+0000] {dag.py:3947} INFO - Setting next_dagrun for monitoring_retraining_pipeline to 2026-01-14 00:00:00+00:00, run_after=2026-01-15 00:00:00+00:00
[2026-01-15T12:15:20.770+0000] {processor.py:183} INFO - Processing /opt/airflow/dags/monitoring_retraining_dag.py took 0.430 seconds
[2026-01-15T12:15:51.117+0000] {processor.py:161} INFO - Started process (PID=224) to work on /opt/airflow/dags/monitoring_retraining_dag.py
[2026-01-15T12:15:51.118+0000] {processor.py:830} INFO - Processing file /opt/airflow/dags/monitoring_retraining_dag.py for tasks to queue
[2026-01-15T12:15:51.121+0000] {logging_mixin.py:188} INFO - [2026-01-15T12:15:51.121+0000] {dagbag.py:545} INFO - Filling up the DagBag from /opt/airflow/dags/monitoring_retraining_dag.py
[2026-01-15T12:15:51.439+0000] {processor.py:840} INFO - DAG(s) 'monitoring_retraining_pipeline' retrieved from /opt/airflow/dags/monitoring_retraining_dag.py
[2026-01-15T12:15:51.478+0000] {logging_mixin.py:188} INFO - [2026-01-15T12:15:51.478+0000] {dag.py:3089} INFO - Sync 1 DAGs
[2026-01-15T12:15:51.499+0000] {logging_mixin.py:188} INFO - [2026-01-15T12:15:51.499+0000] {dag.py:3947} INFO - Setting next_dagrun for monitoring_retraining_pipeline to 2026-01-14 00:00:00+00:00, run_after=2026-01-15 00:00:00+00:00
[2026-01-15T12:15:51.517+0000] {processor.py:183} INFO - Processing /opt/airflow/dags/monitoring_retraining_dag.py took 0.408 seconds
[2026-01-15T12:16:21.797+0000] {processor.py:161} INFO - Started process (PID=230) to work on /opt/airflow/dags/monitoring_retraining_dag.py
[2026-01-15T12:16:21.798+0000] {processor.py:830} INFO - Processing file /opt/airflow/dags/monitoring_retraining_dag.py for tasks to queue
[2026-01-15T12:16:21.800+0000] {logging_mixin.py:188} INFO - [2026-01-15T12:16:21.800+0000] {dagbag.py:545} INFO - Filling up the DagBag from /opt/airflow/dags/monitoring_retraining_dag.py
[2026-01-15T12:16:22.121+0000] {processor.py:840} INFO - DAG(s) 'monitoring_retraining_pipeline' retrieved from /opt/airflow/dags/monitoring_retraining_dag.py
[2026-01-15T12:16:22.156+0000] {logging_mixin.py:188} INFO - [2026-01-15T12:16:22.156+0000] {dag.py:3089} INFO - Sync 1 DAGs
[2026-01-15T12:16:22.177+0000] {logging_mixin.py:188} INFO - [2026-01-15T12:16:22.177+0000] {dag.py:3947} INFO - Setting next_dagrun for monitoring_retraining_pipeline to 2026-01-14 00:00:00+00:00, run_after=2026-01-15 00:00:00+00:00
[2026-01-15T12:16:22.198+0000] {processor.py:183} INFO - Processing /opt/airflow/dags/monitoring_retraining_dag.py took 0.409 seconds
[2026-01-15T12:16:52.594+0000] {processor.py:161} INFO - Started process (PID=236) to work on /opt/airflow/dags/monitoring_retraining_dag.py
[2026-01-15T12:16:52.600+0000] {processor.py:830} INFO - Processing file /opt/airflow/dags/monitoring_retraining_dag.py for tasks to queue
[2026-01-15T12:16:52.613+0000] {logging_mixin.py:188} INFO - [2026-01-15T12:16:52.612+0000] {dagbag.py:545} INFO - Filling up the DagBag from /opt/airflow/dags/monitoring_retraining_dag.py
[2026-01-15T12:16:53.185+0000] {processor.py:840} INFO - DAG(s) 'monitoring_retraining_pipeline' retrieved from /opt/airflow/dags/monitoring_retraining_dag.py
[2026-01-15T12:16:53.222+0000] {logging_mixin.py:188} INFO - [2026-01-15T12:16:53.221+0000] {dag.py:3089} INFO - Sync 1 DAGs
[2026-01-15T12:16:53.243+0000] {logging_mixin.py:188} INFO - [2026-01-15T12:16:53.242+0000] {dag.py:3947} INFO - Setting next_dagrun for monitoring_retraining_pipeline to 2026-01-14 00:00:00+00:00, run_after=2026-01-15 00:00:00+00:00
[2026-01-15T12:16:53.262+0000] {processor.py:183} INFO - Processing /opt/airflow/dags/monitoring_retraining_dag.py took 0.694 seconds
[2026-01-15T12:17:23.433+0000] {processor.py:161} INFO - Started process (PID=242) to work on /opt/airflow/dags/monitoring_retraining_dag.py
[2026-01-15T12:17:23.434+0000] {processor.py:830} INFO - Processing file /opt/airflow/dags/monitoring_retraining_dag.py for tasks to queue
[2026-01-15T12:17:23.436+0000] {logging_mixin.py:188} INFO - [2026-01-15T12:17:23.436+0000] {dagbag.py:545} INFO - Filling up the DagBag from /opt/airflow/dags/monitoring_retraining_dag.py
[2026-01-15T12:17:23.754+0000] {processor.py:840} INFO - DAG(s) 'monitoring_retraining_pipeline' retrieved from /opt/airflow/dags/monitoring_retraining_dag.py
[2026-01-15T12:17:23.791+0000] {logging_mixin.py:188} INFO - [2026-01-15T12:17:23.791+0000] {dag.py:3089} INFO - Sync 1 DAGs
[2026-01-15T12:17:23.813+0000] {logging_mixin.py:188} INFO - [2026-01-15T12:17:23.812+0000] {dag.py:3947} INFO - Setting next_dagrun for monitoring_retraining_pipeline to 2026-01-14 00:00:00+00:00, run_after=2026-01-15 00:00:00+00:00
[2026-01-15T12:17:23.832+0000] {processor.py:183} INFO - Processing /opt/airflow/dags/monitoring_retraining_dag.py took 0.406 seconds
[2026-01-15T12:17:54.120+0000] {processor.py:161} INFO - Started process (PID=248) to work on /opt/airflow/dags/monitoring_retraining_dag.py
[2026-01-15T12:17:54.121+0000] {processor.py:830} INFO - Processing file /opt/airflow/dags/monitoring_retraining_dag.py for tasks to queue
[2026-01-15T12:17:54.123+0000] {logging_mixin.py:188} INFO - [2026-01-15T12:17:54.123+0000] {dagbag.py:545} INFO - Filling up the DagBag from /opt/airflow/dags/monitoring_retraining_dag.py
[2026-01-15T12:17:54.447+0000] {processor.py:840} INFO - DAG(s) 'monitoring_retraining_pipeline' retrieved from /opt/airflow/dags/monitoring_retraining_dag.py
[2026-01-15T12:17:54.483+0000] {logging_mixin.py:188} INFO - [2026-01-15T12:17:54.482+0000] {dag.py:3089} INFO - Sync 1 DAGs
[2026-01-15T12:17:54.503+0000] {logging_mixin.py:188} INFO - [2026-01-15T12:17:54.503+0000] {dag.py:3947} INFO - Setting next_dagrun for monitoring_retraining_pipeline to 2026-01-14 00:00:00+00:00, run_after=2026-01-15 00:00:00+00:00
[2026-01-15T12:17:54.524+0000] {processor.py:183} INFO - Processing /opt/airflow/dags/monitoring_retraining_dag.py took 0.410 seconds
[2026-01-15T12:18:24.830+0000] {processor.py:161} INFO - Started process (PID=254) to work on /opt/airflow/dags/monitoring_retraining_dag.py
[2026-01-15T12:18:24.831+0000] {processor.py:830} INFO - Processing file /opt/airflow/dags/monitoring_retraining_dag.py for tasks to queue
[2026-01-15T12:18:24.833+0000] {logging_mixin.py:188} INFO - [2026-01-15T12:18:24.833+0000] {dagbag.py:545} INFO - Filling up the DagBag from /opt/airflow/dags/monitoring_retraining_dag.py
[2026-01-15T12:18:25.200+0000] {processor.py:840} INFO - DAG(s) 'monitoring_retraining_pipeline' retrieved from /opt/airflow/dags/monitoring_retraining_dag.py
[2026-01-15T12:18:25.236+0000] {logging_mixin.py:188} INFO - [2026-01-15T12:18:25.235+0000] {dag.py:3089} INFO - Sync 1 DAGs
[2026-01-15T12:18:25.257+0000] {logging_mixin.py:188} INFO - [2026-01-15T12:18:25.257+0000] {dag.py:3947} INFO - Setting next_dagrun for monitoring_retraining_pipeline to 2026-01-14 00:00:00+00:00, run_after=2026-01-15 00:00:00+00:00
[2026-01-15T12:18:25.277+0000] {processor.py:183} INFO - Processing /opt/airflow/dags/monitoring_retraining_dag.py took 0.454 seconds
[2026-01-15T12:18:55.610+0000] {processor.py:161} INFO - Started process (PID=260) to work on /opt/airflow/dags/monitoring_retraining_dag.py
[2026-01-15T12:18:55.611+0000] {processor.py:830} INFO - Processing file /opt/airflow/dags/monitoring_retraining_dag.py for tasks to queue
[2026-01-15T12:18:55.613+0000] {logging_mixin.py:188} INFO - [2026-01-15T12:18:55.613+0000] {dagbag.py:545} INFO - Filling up the DagBag from /opt/airflow/dags/monitoring_retraining_dag.py
[2026-01-15T12:18:55.956+0000] {processor.py:840} INFO - DAG(s) 'monitoring_retraining_pipeline' retrieved from /opt/airflow/dags/monitoring_retraining_dag.py
[2026-01-15T12:18:55.994+0000] {logging_mixin.py:188} INFO - [2026-01-15T12:18:55.994+0000] {dag.py:3089} INFO - Sync 1 DAGs
[2026-01-15T12:18:56.016+0000] {logging_mixin.py:188} INFO - [2026-01-15T12:18:56.016+0000] {dag.py:3947} INFO - Setting next_dagrun for monitoring_retraining_pipeline to 2026-01-14 00:00:00+00:00, run_after=2026-01-15 00:00:00+00:00
[2026-01-15T12:18:56.036+0000] {processor.py:183} INFO - Processing /opt/airflow/dags/monitoring_retraining_dag.py took 0.433 seconds
[2026-01-15T12:19:26.345+0000] {processor.py:161} INFO - Started process (PID=266) to work on /opt/airflow/dags/monitoring_retraining_dag.py
[2026-01-15T12:19:26.347+0000] {processor.py:830} INFO - Processing file /opt/airflow/dags/monitoring_retraining_dag.py for tasks to queue
[2026-01-15T12:19:26.349+0000] {logging_mixin.py:188} INFO - [2026-01-15T12:19:26.348+0000] {dagbag.py:545} INFO - Filling up the DagBag from /opt/airflow/dags/monitoring_retraining_dag.py
[2026-01-15T12:19:26.681+0000] {processor.py:840} INFO - DAG(s) 'monitoring_retraining_pipeline' retrieved from /opt/airflow/dags/monitoring_retraining_dag.py
[2026-01-15T12:19:26.718+0000] {logging_mixin.py:188} INFO - [2026-01-15T12:19:26.717+0000] {dag.py:3089} INFO - Sync 1 DAGs
[2026-01-15T12:19:26.739+0000] {logging_mixin.py:188} INFO - [2026-01-15T12:19:26.739+0000] {dag.py:3947} INFO - Setting next_dagrun for monitoring_retraining_pipeline to 2026-01-14 00:00:00+00:00, run_after=2026-01-15 00:00:00+00:00
[2026-01-15T12:19:26.758+0000] {processor.py:183} INFO - Processing /opt/airflow/dags/monitoring_retraining_dag.py took 0.419 seconds
[2026-01-15T12:19:57.063+0000] {processor.py:161} INFO - Started process (PID=272) to work on /opt/airflow/dags/monitoring_retraining_dag.py
[2026-01-15T12:19:57.065+0000] {processor.py:830} INFO - Processing file /opt/airflow/dags/monitoring_retraining_dag.py for tasks to queue
[2026-01-15T12:19:57.067+0000] {logging_mixin.py:188} INFO - [2026-01-15T12:19:57.067+0000] {dagbag.py:545} INFO - Filling up the DagBag from /opt/airflow/dags/monitoring_retraining_dag.py
[2026-01-15T12:19:57.387+0000] {processor.py:840} INFO - DAG(s) 'monitoring_retraining_pipeline' retrieved from /opt/airflow/dags/monitoring_retraining_dag.py
[2026-01-15T12:19:57.423+0000] {logging_mixin.py:188} INFO - [2026-01-15T12:19:57.423+0000] {dag.py:3089} INFO - Sync 1 DAGs
[2026-01-15T12:19:57.446+0000] {logging_mixin.py:188} INFO - [2026-01-15T12:19:57.445+0000] {dag.py:3947} INFO - Setting next_dagrun for monitoring_retraining_pipeline to 2026-01-14 00:00:00+00:00, run_after=2026-01-15 00:00:00+00:00
[2026-01-15T12:19:57.467+0000] {processor.py:183} INFO - Processing /opt/airflow/dags/monitoring_retraining_dag.py took 0.410 seconds
[2026-01-15T12:20:27.778+0000] {processor.py:161} INFO - Started process (PID=278) to work on /opt/airflow/dags/monitoring_retraining_dag.py
[2026-01-15T12:20:27.780+0000] {processor.py:830} INFO - Processing file /opt/airflow/dags/monitoring_retraining_dag.py for tasks to queue
[2026-01-15T12:20:27.783+0000] {logging_mixin.py:188} INFO - [2026-01-15T12:20:27.782+0000] {dagbag.py:545} INFO - Filling up the DagBag from /opt/airflow/dags/monitoring_retraining_dag.py
[2026-01-15T12:20:28.116+0000] {processor.py:840} INFO - DAG(s) 'monitoring_retraining_pipeline' retrieved from /opt/airflow/dags/monitoring_retraining_dag.py
[2026-01-15T12:20:28.155+0000] {logging_mixin.py:188} INFO - [2026-01-15T12:20:28.154+0000] {dag.py:3089} INFO - Sync 1 DAGs
[2026-01-15T12:20:28.176+0000] {logging_mixin.py:188} INFO - [2026-01-15T12:20:28.176+0000] {dag.py:3947} INFO - Setting next_dagrun for monitoring_retraining_pipeline to 2026-01-14 00:00:00+00:00, run_after=2026-01-15 00:00:00+00:00
[2026-01-15T12:20:28.195+0000] {processor.py:183} INFO - Processing /opt/airflow/dags/monitoring_retraining_dag.py took 0.424 seconds
[2026-01-15T12:20:58.509+0000] {processor.py:161} INFO - Started process (PID=284) to work on /opt/airflow/dags/monitoring_retraining_dag.py
[2026-01-15T12:20:58.510+0000] {processor.py:830} INFO - Processing file /opt/airflow/dags/monitoring_retraining_dag.py for tasks to queue
[2026-01-15T12:20:58.512+0000] {logging_mixin.py:188} INFO - [2026-01-15T12:20:58.512+0000] {dagbag.py:545} INFO - Filling up the DagBag from /opt/airflow/dags/monitoring_retraining_dag.py
[2026-01-15T12:20:58.834+0000] {processor.py:840} INFO - DAG(s) 'monitoring_retraining_pipeline' retrieved from /opt/airflow/dags/monitoring_retraining_dag.py
[2026-01-15T12:20:58.870+0000] {logging_mixin.py:188} INFO - [2026-01-15T12:20:58.870+0000] {dag.py:3089} INFO - Sync 1 DAGs
[2026-01-15T12:20:58.892+0000] {logging_mixin.py:188} INFO - [2026-01-15T12:20:58.891+0000] {dag.py:3947} INFO - Setting next_dagrun for monitoring_retraining_pipeline to 2026-01-14 00:00:00+00:00, run_after=2026-01-15 00:00:00+00:00
[2026-01-15T12:20:58.911+0000] {processor.py:183} INFO - Processing /opt/airflow/dags/monitoring_retraining_dag.py took 0.408 seconds
[2026-01-15T12:21:29.169+0000] {processor.py:161} INFO - Started process (PID=290) to work on /opt/airflow/dags/monitoring_retraining_dag.py
[2026-01-15T12:21:29.171+0000] {processor.py:830} INFO - Processing file /opt/airflow/dags/monitoring_retraining_dag.py for tasks to queue
[2026-01-15T12:21:29.173+0000] {logging_mixin.py:188} INFO - [2026-01-15T12:21:29.172+0000] {dagbag.py:545} INFO - Filling up the DagBag from /opt/airflow/dags/monitoring_retraining_dag.py
[2026-01-15T12:21:29.504+0000] {processor.py:840} INFO - DAG(s) 'monitoring_retraining_pipeline' retrieved from /opt/airflow/dags/monitoring_retraining_dag.py
[2026-01-15T12:21:29.540+0000] {logging_mixin.py:188} INFO - [2026-01-15T12:21:29.539+0000] {dag.py:3089} INFO - Sync 1 DAGs
[2026-01-15T12:21:29.561+0000] {logging_mixin.py:188} INFO - [2026-01-15T12:21:29.561+0000] {dag.py:3947} INFO - Setting next_dagrun for monitoring_retraining_pipeline to 2026-01-14 00:00:00+00:00, run_after=2026-01-15 00:00:00+00:00
[2026-01-15T12:21:29.582+0000] {processor.py:183} INFO - Processing /opt/airflow/dags/monitoring_retraining_dag.py took 0.419 seconds
[2026-01-15T12:21:59.891+0000] {processor.py:161} INFO - Started process (PID=296) to work on /opt/airflow/dags/monitoring_retraining_dag.py
[2026-01-15T12:21:59.892+0000] {processor.py:830} INFO - Processing file /opt/airflow/dags/monitoring_retraining_dag.py for tasks to queue
[2026-01-15T12:21:59.894+0000] {logging_mixin.py:188} INFO - [2026-01-15T12:21:59.893+0000] {dagbag.py:545} INFO - Filling up the DagBag from /opt/airflow/dags/monitoring_retraining_dag.py
[2026-01-15T12:22:00.219+0000] {processor.py:840} INFO - DAG(s) 'monitoring_retraining_pipeline' retrieved from /opt/airflow/dags/monitoring_retraining_dag.py
[2026-01-15T12:22:00.256+0000] {logging_mixin.py:188} INFO - [2026-01-15T12:22:00.256+0000] {dag.py:3089} INFO - Sync 1 DAGs
[2026-01-15T12:22:00.278+0000] {logging_mixin.py:188} INFO - [2026-01-15T12:22:00.278+0000] {dag.py:3947} INFO - Setting next_dagrun for monitoring_retraining_pipeline to 2026-01-14 00:00:00+00:00, run_after=2026-01-15 00:00:00+00:00
[2026-01-15T12:22:00.298+0000] {processor.py:183} INFO - Processing /opt/airflow/dags/monitoring_retraining_dag.py took 0.415 seconds
[2026-01-15T12:22:30.579+0000] {processor.py:161} INFO - Started process (PID=302) to work on /opt/airflow/dags/monitoring_retraining_dag.py
[2026-01-15T12:22:30.580+0000] {processor.py:830} INFO - Processing file /opt/airflow/dags/monitoring_retraining_dag.py for tasks to queue
[2026-01-15T12:22:30.582+0000] {logging_mixin.py:188} INFO - [2026-01-15T12:22:30.582+0000] {dagbag.py:545} INFO - Filling up the DagBag from /opt/airflow/dags/monitoring_retraining_dag.py
[2026-01-15T12:22:30.913+0000] {processor.py:840} INFO - DAG(s) 'monitoring_retraining_pipeline' retrieved from /opt/airflow/dags/monitoring_retraining_dag.py
[2026-01-15T12:22:30.950+0000] {logging_mixin.py:188} INFO - [2026-01-15T12:22:30.950+0000] {dag.py:3089} INFO - Sync 1 DAGs
[2026-01-15T12:22:30.975+0000] {logging_mixin.py:188} INFO - [2026-01-15T12:22:30.975+0000] {dag.py:3947} INFO - Setting next_dagrun for monitoring_retraining_pipeline to 2026-01-14 00:00:00+00:00, run_after=2026-01-15 00:00:00+00:00
[2026-01-15T12:22:30.995+0000] {processor.py:183} INFO - Processing /opt/airflow/dags/monitoring_retraining_dag.py took 0.423 seconds
[2026-01-15T12:23:01.294+0000] {processor.py:161} INFO - Started process (PID=350) to work on /opt/airflow/dags/monitoring_retraining_dag.py
[2026-01-15T12:23:01.296+0000] {processor.py:830} INFO - Processing file /opt/airflow/dags/monitoring_retraining_dag.py for tasks to queue
[2026-01-15T12:23:01.300+0000] {logging_mixin.py:188} INFO - [2026-01-15T12:23:01.300+0000] {dagbag.py:545} INFO - Filling up the DagBag from /opt/airflow/dags/monitoring_retraining_dag.py
[2026-01-15T12:23:01.910+0000] {processor.py:840} INFO - DAG(s) 'monitoring_retraining_pipeline' retrieved from /opt/airflow/dags/monitoring_retraining_dag.py
[2026-01-15T12:23:01.954+0000] {logging_mixin.py:188} INFO - [2026-01-15T12:23:01.954+0000] {dag.py:3089} INFO - Sync 1 DAGs
[2026-01-15T12:23:01.980+0000] {logging_mixin.py:188} INFO - [2026-01-15T12:23:01.980+0000] {dag.py:3947} INFO - Setting next_dagrun for monitoring_retraining_pipeline to 2026-01-15 00:00:00+00:00, run_after=2026-01-16 00:00:00+00:00
[2026-01-15T12:23:01.999+0000] {processor.py:183} INFO - Processing /opt/airflow/dags/monitoring_retraining_dag.py took 0.717 seconds
[2026-01-15T12:23:32.235+0000] {processor.py:161} INFO - Started process (PID=610) to work on /opt/airflow/dags/monitoring_retraining_dag.py
[2026-01-15T12:23:32.237+0000] {processor.py:830} INFO - Processing file /opt/airflow/dags/monitoring_retraining_dag.py for tasks to queue
[2026-01-15T12:23:32.241+0000] {logging_mixin.py:188} INFO - [2026-01-15T12:23:32.240+0000] {dagbag.py:545} INFO - Filling up the DagBag from /opt/airflow/dags/monitoring_retraining_dag.py
[2026-01-15T12:23:32.644+0000] {processor.py:840} INFO - DAG(s) 'monitoring_retraining_pipeline' retrieved from /opt/airflow/dags/monitoring_retraining_dag.py
[2026-01-15T12:23:32.743+0000] {logging_mixin.py:188} INFO - [2026-01-15T12:23:32.742+0000] {dag.py:3089} INFO - Sync 1 DAGs
[2026-01-15T12:23:32.826+0000] {logging_mixin.py:188} INFO - [2026-01-15T12:23:32.826+0000] {dag.py:3947} INFO - Setting next_dagrun for monitoring_retraining_pipeline to 2026-01-15 00:00:00+00:00, run_after=2026-01-16 00:00:00+00:00
[2026-01-15T12:23:32.894+0000] {processor.py:183} INFO - Processing /opt/airflow/dags/monitoring_retraining_dag.py took 0.669 seconds
[2026-01-15T12:24:03.372+0000] {processor.py:161} INFO - Started process (PID=806) to work on /opt/airflow/dags/monitoring_retraining_dag.py
[2026-01-15T12:24:03.374+0000] {processor.py:830} INFO - Processing file /opt/airflow/dags/monitoring_retraining_dag.py for tasks to queue
[2026-01-15T12:24:03.379+0000] {logging_mixin.py:188} INFO - [2026-01-15T12:24:03.378+0000] {dagbag.py:545} INFO - Filling up the DagBag from /opt/airflow/dags/monitoring_retraining_dag.py
[2026-01-15T12:24:03.939+0000] {processor.py:840} INFO - DAG(s) 'monitoring_retraining_pipeline' retrieved from /opt/airflow/dags/monitoring_retraining_dag.py
[2026-01-15T12:24:03.979+0000] {logging_mixin.py:188} INFO - [2026-01-15T12:24:03.978+0000] {dag.py:3089} INFO - Sync 1 DAGs
[2026-01-15T12:24:04.004+0000] {logging_mixin.py:188} INFO - [2026-01-15T12:24:04.003+0000] {dag.py:3947} INFO - Setting next_dagrun for monitoring_retraining_pipeline to 2026-01-15 00:00:00+00:00, run_after=2026-01-16 00:00:00+00:00
[2026-01-15T12:24:04.025+0000] {processor.py:183} INFO - Processing /opt/airflow/dags/monitoring_retraining_dag.py took 0.670 seconds
[2026-01-15T12:24:34.285+0000] {processor.py:161} INFO - Started process (PID=947) to work on /opt/airflow/dags/monitoring_retraining_dag.py
[2026-01-15T12:24:34.287+0000] {processor.py:830} INFO - Processing file /opt/airflow/dags/monitoring_retraining_dag.py for tasks to queue
[2026-01-15T12:24:34.293+0000] {logging_mixin.py:188} INFO - [2026-01-15T12:24:34.292+0000] {dagbag.py:545} INFO - Filling up the DagBag from /opt/airflow/dags/monitoring_retraining_dag.py
[2026-01-15T12:24:34.657+0000] {processor.py:840} INFO - DAG(s) 'monitoring_retraining_pipeline' retrieved from /opt/airflow/dags/monitoring_retraining_dag.py
[2026-01-15T12:24:34.694+0000] {logging_mixin.py:188} INFO - [2026-01-15T12:24:34.693+0000] {dag.py:3089} INFO - Sync 1 DAGs
[2026-01-15T12:24:34.718+0000] {logging_mixin.py:188} INFO - [2026-01-15T12:24:34.717+0000] {dag.py:3947} INFO - Setting next_dagrun for monitoring_retraining_pipeline to 2026-01-15 00:00:00+00:00, run_after=2026-01-16 00:00:00+00:00
[2026-01-15T12:24:34.739+0000] {processor.py:183} INFO - Processing /opt/airflow/dags/monitoring_retraining_dag.py took 0.473 seconds
[2026-01-15T12:25:04.966+0000] {processor.py:161} INFO - Started process (PID=953) to work on /opt/airflow/dags/monitoring_retraining_dag.py
[2026-01-15T12:25:04.968+0000] {processor.py:830} INFO - Processing file /opt/airflow/dags/monitoring_retraining_dag.py for tasks to queue
[2026-01-15T12:25:04.970+0000] {logging_mixin.py:188} INFO - [2026-01-15T12:25:04.969+0000] {dagbag.py:545} INFO - Filling up the DagBag from /opt/airflow/dags/monitoring_retraining_dag.py
[2026-01-15T12:25:05.284+0000] {processor.py:840} INFO - DAG(s) 'monitoring_retraining_pipeline' retrieved from /opt/airflow/dags/monitoring_retraining_dag.py
[2026-01-15T12:25:05.315+0000] {logging_mixin.py:188} INFO - [2026-01-15T12:25:05.315+0000] {dag.py:3089} INFO - Sync 1 DAGs
[2026-01-15T12:25:05.335+0000] {logging_mixin.py:188} INFO - [2026-01-15T12:25:05.334+0000] {dag.py:3947} INFO - Setting next_dagrun for monitoring_retraining_pipeline to 2026-01-15 00:00:00+00:00, run_after=2026-01-16 00:00:00+00:00
[2026-01-15T12:25:05.352+0000] {processor.py:183} INFO - Processing /opt/airflow/dags/monitoring_retraining_dag.py took 0.393 seconds
[2026-01-15T12:25:35.696+0000] {processor.py:161} INFO - Started process (PID=959) to work on /opt/airflow/dags/monitoring_retraining_dag.py
[2026-01-15T12:25:35.698+0000] {processor.py:830} INFO - Processing file /opt/airflow/dags/monitoring_retraining_dag.py for tasks to queue
[2026-01-15T12:25:35.699+0000] {logging_mixin.py:188} INFO - [2026-01-15T12:25:35.699+0000] {dagbag.py:545} INFO - Filling up the DagBag from /opt/airflow/dags/monitoring_retraining_dag.py
[2026-01-15T12:25:36.063+0000] {processor.py:840} INFO - DAG(s) 'monitoring_retraining_pipeline' retrieved from /opt/airflow/dags/monitoring_retraining_dag.py
[2026-01-15T12:25:36.098+0000] {logging_mixin.py:188} INFO - [2026-01-15T12:25:36.097+0000] {dag.py:3089} INFO - Sync 1 DAGs
[2026-01-15T12:25:36.119+0000] {logging_mixin.py:188} INFO - [2026-01-15T12:25:36.119+0000] {dag.py:3947} INFO - Setting next_dagrun for monitoring_retraining_pipeline to 2026-01-15 00:00:00+00:00, run_after=2026-01-16 00:00:00+00:00
[2026-01-15T12:25:36.142+0000] {processor.py:183} INFO - Processing /opt/airflow/dags/monitoring_retraining_dag.py took 0.453 seconds
[2026-01-15T12:26:06.470+0000] {processor.py:161} INFO - Started process (PID=975) to work on /opt/airflow/dags/monitoring_retraining_dag.py
[2026-01-15T12:26:06.472+0000] {processor.py:830} INFO - Processing file /opt/airflow/dags/monitoring_retraining_dag.py for tasks to queue
[2026-01-15T12:26:06.475+0000] {logging_mixin.py:188} INFO - [2026-01-15T12:26:06.474+0000] {dagbag.py:545} INFO - Filling up the DagBag from /opt/airflow/dags/monitoring_retraining_dag.py
[2026-01-15T12:26:06.851+0000] {processor.py:840} INFO - DAG(s) 'monitoring_retraining_pipeline' retrieved from /opt/airflow/dags/monitoring_retraining_dag.py
[2026-01-15T12:26:06.889+0000] {logging_mixin.py:188} INFO - [2026-01-15T12:26:06.889+0000] {dag.py:3089} INFO - Sync 1 DAGs
[2026-01-15T12:26:06.915+0000] {logging_mixin.py:188} INFO - [2026-01-15T12:26:06.915+0000] {dag.py:3947} INFO - Setting next_dagrun for monitoring_retraining_pipeline to 2026-01-15 00:00:00+00:00, run_after=2026-01-16 00:00:00+00:00
[2026-01-15T12:26:06.936+0000] {processor.py:183} INFO - Processing /opt/airflow/dags/monitoring_retraining_dag.py took 0.476 seconds
[2026-01-15T12:26:37.189+0000] {processor.py:161} INFO - Started process (PID=981) to work on /opt/airflow/dags/monitoring_retraining_dag.py
[2026-01-15T12:26:37.190+0000] {processor.py:830} INFO - Processing file /opt/airflow/dags/monitoring_retraining_dag.py for tasks to queue
[2026-01-15T12:26:37.193+0000] {logging_mixin.py:188} INFO - [2026-01-15T12:26:37.192+0000] {dagbag.py:545} INFO - Filling up the DagBag from /opt/airflow/dags/monitoring_retraining_dag.py
[2026-01-15T12:26:37.509+0000] {processor.py:840} INFO - DAG(s) 'monitoring_retraining_pipeline' retrieved from /opt/airflow/dags/monitoring_retraining_dag.py
[2026-01-15T12:26:37.546+0000] {logging_mixin.py:188} INFO - [2026-01-15T12:26:37.546+0000] {dag.py:3089} INFO - Sync 1 DAGs
[2026-01-15T12:26:37.568+0000] {logging_mixin.py:188} INFO - [2026-01-15T12:26:37.568+0000] {dag.py:3947} INFO - Setting next_dagrun for monitoring_retraining_pipeline to 2026-01-15 00:00:00+00:00, run_after=2026-01-16 00:00:00+00:00
[2026-01-15T12:26:37.587+0000] {processor.py:183} INFO - Processing /opt/airflow/dags/monitoring_retraining_dag.py took 0.407 seconds
[2026-01-15T12:27:07.946+0000] {processor.py:161} INFO - Started process (PID=997) to work on /opt/airflow/dags/monitoring_retraining_dag.py
[2026-01-15T12:27:07.947+0000] {processor.py:830} INFO - Processing file /opt/airflow/dags/monitoring_retraining_dag.py for tasks to queue
[2026-01-15T12:27:07.950+0000] {logging_mixin.py:188} INFO - [2026-01-15T12:27:07.949+0000] {dagbag.py:545} INFO - Filling up the DagBag from /opt/airflow/dags/monitoring_retraining_dag.py
[2026-01-15T12:27:08.271+0000] {processor.py:840} INFO - DAG(s) 'monitoring_retraining_pipeline' retrieved from /opt/airflow/dags/monitoring_retraining_dag.py
[2026-01-15T12:27:08.305+0000] {logging_mixin.py:188} INFO - [2026-01-15T12:27:08.305+0000] {dag.py:3089} INFO - Sync 1 DAGs
[2026-01-15T12:27:08.325+0000] {logging_mixin.py:188} INFO - [2026-01-15T12:27:08.324+0000] {dag.py:3947} INFO - Setting next_dagrun for monitoring_retraining_pipeline to 2026-01-15 00:00:00+00:00, run_after=2026-01-16 00:00:00+00:00
[2026-01-15T12:27:08.343+0000] {processor.py:183} INFO - Processing /opt/airflow/dags/monitoring_retraining_dag.py took 0.404 seconds
[2026-01-15T12:27:38.657+0000] {processor.py:161} INFO - Started process (PID=1003) to work on /opt/airflow/dags/monitoring_retraining_dag.py
[2026-01-15T12:27:38.658+0000] {processor.py:830} INFO - Processing file /opt/airflow/dags/monitoring_retraining_dag.py for tasks to queue
[2026-01-15T12:27:38.660+0000] {logging_mixin.py:188} INFO - [2026-01-15T12:27:38.660+0000] {dagbag.py:545} INFO - Filling up the DagBag from /opt/airflow/dags/monitoring_retraining_dag.py
[2026-01-15T12:27:38.968+0000] {processor.py:840} INFO - DAG(s) 'monitoring_retraining_pipeline' retrieved from /opt/airflow/dags/monitoring_retraining_dag.py
[2026-01-15T12:27:39.004+0000] {logging_mixin.py:188} INFO - [2026-01-15T12:27:39.004+0000] {dag.py:3089} INFO - Sync 1 DAGs
[2026-01-15T12:27:39.030+0000] {logging_mixin.py:188} INFO - [2026-01-15T12:27:39.029+0000] {dag.py:3947} INFO - Setting next_dagrun for monitoring_retraining_pipeline to 2026-01-15 00:00:00+00:00, run_after=2026-01-16 00:00:00+00:00
[2026-01-15T12:27:39.053+0000] {processor.py:183} INFO - Processing /opt/airflow/dags/monitoring_retraining_dag.py took 0.403 seconds
[2026-01-15T12:28:09.365+0000] {processor.py:161} INFO - Started process (PID=1009) to work on /opt/airflow/dags/monitoring_retraining_dag.py
[2026-01-15T12:28:09.366+0000] {processor.py:830} INFO - Processing file /opt/airflow/dags/monitoring_retraining_dag.py for tasks to queue
[2026-01-15T12:28:09.369+0000] {logging_mixin.py:188} INFO - [2026-01-15T12:28:09.368+0000] {dagbag.py:545} INFO - Filling up the DagBag from /opt/airflow/dags/monitoring_retraining_dag.py
[2026-01-15T12:28:09.678+0000] {processor.py:840} INFO - DAG(s) 'monitoring_retraining_pipeline' retrieved from /opt/airflow/dags/monitoring_retraining_dag.py
[2026-01-15T12:28:09.713+0000] {logging_mixin.py:188} INFO - [2026-01-15T12:28:09.713+0000] {dag.py:3089} INFO - Sync 1 DAGs
[2026-01-15T12:28:09.736+0000] {logging_mixin.py:188} INFO - [2026-01-15T12:28:09.736+0000] {dag.py:3947} INFO - Setting next_dagrun for monitoring_retraining_pipeline to 2026-01-15 00:00:00+00:00, run_after=2026-01-16 00:00:00+00:00
[2026-01-15T12:28:09.757+0000] {processor.py:183} INFO - Processing /opt/airflow/dags/monitoring_retraining_dag.py took 0.399 seconds
[2026-01-15T12:28:40.061+0000] {processor.py:161} INFO - Started process (PID=1015) to work on /opt/airflow/dags/monitoring_retraining_dag.py
[2026-01-15T12:28:40.063+0000] {processor.py:830} INFO - Processing file /opt/airflow/dags/monitoring_retraining_dag.py for tasks to queue
[2026-01-15T12:28:40.065+0000] {logging_mixin.py:188} INFO - [2026-01-15T12:28:40.065+0000] {dagbag.py:545} INFO - Filling up the DagBag from /opt/airflow/dags/monitoring_retraining_dag.py
[2026-01-15T12:28:40.381+0000] {processor.py:840} INFO - DAG(s) 'monitoring_retraining_pipeline' retrieved from /opt/airflow/dags/monitoring_retraining_dag.py
[2026-01-15T12:28:40.421+0000] {logging_mixin.py:188} INFO - [2026-01-15T12:28:40.420+0000] {dag.py:3089} INFO - Sync 1 DAGs
[2026-01-15T12:28:40.444+0000] {logging_mixin.py:188} INFO - [2026-01-15T12:28:40.444+0000] {dag.py:3947} INFO - Setting next_dagrun for monitoring_retraining_pipeline to 2026-01-15 00:00:00+00:00, run_after=2026-01-16 00:00:00+00:00
[2026-01-15T12:28:40.465+0000] {processor.py:183} INFO - Processing /opt/airflow/dags/monitoring_retraining_dag.py took 0.411 seconds
[2026-01-15T12:29:10.724+0000] {processor.py:161} INFO - Started process (PID=1031) to work on /opt/airflow/dags/monitoring_retraining_dag.py
[2026-01-15T12:29:10.726+0000] {processor.py:830} INFO - Processing file /opt/airflow/dags/monitoring_retraining_dag.py for tasks to queue
[2026-01-15T12:29:10.729+0000] {logging_mixin.py:188} INFO - [2026-01-15T12:29:10.728+0000] {dagbag.py:545} INFO - Filling up the DagBag from /opt/airflow/dags/monitoring_retraining_dag.py
[2026-01-15T12:29:11.046+0000] {processor.py:840} INFO - DAG(s) 'monitoring_retraining_pipeline' retrieved from /opt/airflow/dags/monitoring_retraining_dag.py
[2026-01-15T12:29:11.079+0000] {logging_mixin.py:188} INFO - [2026-01-15T12:29:11.079+0000] {dag.py:3089} INFO - Sync 1 DAGs
[2026-01-15T12:29:11.099+0000] {logging_mixin.py:188} INFO - [2026-01-15T12:29:11.099+0000] {dag.py:3947} INFO - Setting next_dagrun for monitoring_retraining_pipeline to 2026-01-15 00:00:00+00:00, run_after=2026-01-16 00:00:00+00:00
[2026-01-15T12:29:11.120+0000] {processor.py:183} INFO - Processing /opt/airflow/dags/monitoring_retraining_dag.py took 0.404 seconds
[2026-01-15T12:29:41.443+0000] {processor.py:161} INFO - Started process (PID=1037) to work on /opt/airflow/dags/monitoring_retraining_dag.py
[2026-01-15T12:29:41.444+0000] {processor.py:830} INFO - Processing file /opt/airflow/dags/monitoring_retraining_dag.py for tasks to queue
[2026-01-15T12:29:41.446+0000] {logging_mixin.py:188} INFO - [2026-01-15T12:29:41.446+0000] {dagbag.py:545} INFO - Filling up the DagBag from /opt/airflow/dags/monitoring_retraining_dag.py
[2026-01-15T12:29:41.738+0000] {processor.py:840} INFO - DAG(s) 'monitoring_retraining_pipeline' retrieved from /opt/airflow/dags/monitoring_retraining_dag.py
[2026-01-15T12:29:41.772+0000] {logging_mixin.py:188} INFO - [2026-01-15T12:29:41.771+0000] {dag.py:3089} INFO - Sync 1 DAGs
[2026-01-15T12:29:41.793+0000] {logging_mixin.py:188} INFO - [2026-01-15T12:29:41.793+0000] {dag.py:3947} INFO - Setting next_dagrun for monitoring_retraining_pipeline to 2026-01-15 00:00:00+00:00, run_after=2026-01-16 00:00:00+00:00
[2026-01-15T12:29:41.812+0000] {processor.py:183} INFO - Processing /opt/airflow/dags/monitoring_retraining_dag.py took 0.376 seconds
[2026-01-15T12:30:12.182+0000] {processor.py:161} INFO - Started process (PID=1043) to work on /opt/airflow/dags/monitoring_retraining_dag.py
[2026-01-15T12:30:12.183+0000] {processor.py:830} INFO - Processing file /opt/airflow/dags/monitoring_retraining_dag.py for tasks to queue
[2026-01-15T12:30:12.186+0000] {logging_mixin.py:188} INFO - [2026-01-15T12:30:12.185+0000] {dagbag.py:545} INFO - Filling up the DagBag from /opt/airflow/dags/monitoring_retraining_dag.py
[2026-01-15T12:30:12.482+0000] {processor.py:840} INFO - DAG(s) 'monitoring_retraining_pipeline' retrieved from /opt/airflow/dags/monitoring_retraining_dag.py
[2026-01-15T12:30:12.517+0000] {logging_mixin.py:188} INFO - [2026-01-15T12:30:12.517+0000] {dag.py:3089} INFO - Sync 1 DAGs
[2026-01-15T12:30:12.539+0000] {logging_mixin.py:188} INFO - [2026-01-15T12:30:12.539+0000] {dag.py:3947} INFO - Setting next_dagrun for monitoring_retraining_pipeline to 2026-01-15 00:00:00+00:00, run_after=2026-01-16 00:00:00+00:00
[2026-01-15T12:30:12.559+0000] {processor.py:183} INFO - Processing /opt/airflow/dags/monitoring_retraining_dag.py took 0.384 seconds
[2026-01-15T12:30:42.874+0000] {processor.py:161} INFO - Started process (PID=1049) to work on /opt/airflow/dags/monitoring_retraining_dag.py
[2026-01-15T12:30:42.875+0000] {processor.py:830} INFO - Processing file /opt/airflow/dags/monitoring_retraining_dag.py for tasks to queue
[2026-01-15T12:30:42.878+0000] {logging_mixin.py:188} INFO - [2026-01-15T12:30:42.877+0000] {dagbag.py:545} INFO - Filling up the DagBag from /opt/airflow/dags/monitoring_retraining_dag.py
[2026-01-15T12:30:43.540+0000] {processor.py:840} INFO - DAG(s) 'monitoring_retraining_pipeline' retrieved from /opt/airflow/dags/monitoring_retraining_dag.py
[2026-01-15T12:30:43.674+0000] {logging_mixin.py:188} INFO - [2026-01-15T12:30:43.674+0000] {dag.py:3089} INFO - Sync 1 DAGs
[2026-01-15T12:30:43.724+0000] {logging_mixin.py:188} INFO - [2026-01-15T12:30:43.723+0000] {dag.py:3947} INFO - Setting next_dagrun for monitoring_retraining_pipeline to 2026-01-15 00:00:00+00:00, run_after=2026-01-16 00:00:00+00:00
[2026-01-15T12:30:43.757+0000] {processor.py:183} INFO - Processing /opt/airflow/dags/monitoring_retraining_dag.py took 0.890 seconds
[2026-01-15T12:31:14.127+0000] {processor.py:161} INFO - Started process (PID=1055) to work on /opt/airflow/dags/monitoring_retraining_dag.py
[2026-01-15T12:31:14.128+0000] {processor.py:830} INFO - Processing file /opt/airflow/dags/monitoring_retraining_dag.py for tasks to queue
[2026-01-15T12:31:14.131+0000] {logging_mixin.py:188} INFO - [2026-01-15T12:31:14.130+0000] {dagbag.py:545} INFO - Filling up the DagBag from /opt/airflow/dags/monitoring_retraining_dag.py
[2026-01-15T12:31:14.452+0000] {processor.py:840} INFO - DAG(s) 'monitoring_retraining_pipeline' retrieved from /opt/airflow/dags/monitoring_retraining_dag.py
[2026-01-15T12:31:14.487+0000] {logging_mixin.py:188} INFO - [2026-01-15T12:31:14.487+0000] {dag.py:3089} INFO - Sync 1 DAGs
[2026-01-15T12:31:14.509+0000] {logging_mixin.py:188} INFO - [2026-01-15T12:31:14.509+0000] {dag.py:3947} INFO - Setting next_dagrun for monitoring_retraining_pipeline to 2026-01-15 00:00:00+00:00, run_after=2026-01-16 00:00:00+00:00
[2026-01-15T12:31:14.528+0000] {processor.py:183} INFO - Processing /opt/airflow/dags/monitoring_retraining_dag.py took 0.409 seconds
[2026-01-15T12:31:44.818+0000] {processor.py:161} INFO - Started process (PID=1061) to work on /opt/airflow/dags/monitoring_retraining_dag.py
[2026-01-15T12:31:44.820+0000] {processor.py:830} INFO - Processing file /opt/airflow/dags/monitoring_retraining_dag.py for tasks to queue
[2026-01-15T12:31:44.822+0000] {logging_mixin.py:188} INFO - [2026-01-15T12:31:44.821+0000] {dagbag.py:545} INFO - Filling up the DagBag from /opt/airflow/dags/monitoring_retraining_dag.py
[2026-01-15T12:31:45.189+0000] {processor.py:840} INFO - DAG(s) 'monitoring_retraining_pipeline' retrieved from /opt/airflow/dags/monitoring_retraining_dag.py
[2026-01-15T12:31:45.226+0000] {logging_mixin.py:188} INFO - [2026-01-15T12:31:45.226+0000] {dag.py:3089} INFO - Sync 1 DAGs
[2026-01-15T12:31:45.253+0000] {logging_mixin.py:188} INFO - [2026-01-15T12:31:45.253+0000] {dag.py:3947} INFO - Setting next_dagrun for monitoring_retraining_pipeline to 2026-01-15 00:00:00+00:00, run_after=2026-01-16 00:00:00+00:00
[2026-01-15T12:31:45.275+0000] {processor.py:183} INFO - Processing /opt/airflow/dags/monitoring_retraining_dag.py took 0.464 seconds
[2026-01-15T12:32:15.631+0000] {processor.py:161} INFO - Started process (PID=1067) to work on /opt/airflow/dags/monitoring_retraining_dag.py
[2026-01-15T12:32:15.633+0000] {processor.py:830} INFO - Processing file /opt/airflow/dags/monitoring_retraining_dag.py for tasks to queue
[2026-01-15T12:32:15.635+0000] {logging_mixin.py:188} INFO - [2026-01-15T12:32:15.635+0000] {dagbag.py:545} INFO - Filling up the DagBag from /opt/airflow/dags/monitoring_retraining_dag.py
[2026-01-15T12:32:15.971+0000] {processor.py:840} INFO - DAG(s) 'monitoring_retraining_pipeline' retrieved from /opt/airflow/dags/monitoring_retraining_dag.py
[2026-01-15T12:32:16.009+0000] {logging_mixin.py:188} INFO - [2026-01-15T12:32:16.008+0000] {dag.py:3089} INFO - Sync 1 DAGs
[2026-01-15T12:32:16.032+0000] {logging_mixin.py:188} INFO - [2026-01-15T12:32:16.032+0000] {dag.py:3947} INFO - Setting next_dagrun for monitoring_retraining_pipeline to 2026-01-15 00:00:00+00:00, run_after=2026-01-16 00:00:00+00:00
[2026-01-15T12:32:16.051+0000] {processor.py:183} INFO - Processing /opt/airflow/dags/monitoring_retraining_dag.py took 0.429 seconds
[2026-01-15T12:32:30.279+0000] {processor.py:161} INFO - Started process (PID=1073) to work on /opt/airflow/dags/monitoring_retraining_dag.py
[2026-01-15T12:32:30.280+0000] {processor.py:830} INFO - Processing file /opt/airflow/dags/monitoring_retraining_dag.py for tasks to queue
[2026-01-15T12:32:30.283+0000] {logging_mixin.py:188} INFO - [2026-01-15T12:32:30.282+0000] {dagbag.py:545} INFO - Filling up the DagBag from /opt/airflow/dags/monitoring_retraining_dag.py
[2026-01-15T12:32:30.598+0000] {processor.py:840} INFO - DAG(s) 'monitoring_retraining_pipeline' retrieved from /opt/airflow/dags/monitoring_retraining_dag.py
[2026-01-15T12:32:30.635+0000] {logging_mixin.py:188} INFO - [2026-01-15T12:32:30.634+0000] {dag.py:3089} INFO - Sync 1 DAGs
[2026-01-15T12:32:30.657+0000] {logging_mixin.py:188} INFO - [2026-01-15T12:32:30.657+0000] {dag.py:3947} INFO - Setting next_dagrun for monitoring_retraining_pipeline to 2026-01-15 00:00:00+00:00, run_after=2026-01-16 00:00:00+00:00
[2026-01-15T12:32:30.690+0000] {processor.py:183} INFO - Processing /opt/airflow/dags/monitoring_retraining_dag.py took 0.418 seconds
[2026-01-15T12:33:00.960+0000] {processor.py:161} INFO - Started process (PID=1106) to work on /opt/airflow/dags/monitoring_retraining_dag.py
[2026-01-15T12:33:00.961+0000] {processor.py:830} INFO - Processing file /opt/airflow/dags/monitoring_retraining_dag.py for tasks to queue
[2026-01-15T12:33:00.964+0000] {logging_mixin.py:188} INFO - [2026-01-15T12:33:00.964+0000] {dagbag.py:545} INFO - Filling up the DagBag from /opt/airflow/dags/monitoring_retraining_dag.py
[2026-01-15T12:33:01.295+0000] {processor.py:840} INFO - DAG(s) 'monitoring_retraining_pipeline' retrieved from /opt/airflow/dags/monitoring_retraining_dag.py
[2026-01-15T12:33:01.338+0000] {logging_mixin.py:188} INFO - [2026-01-15T12:33:01.337+0000] {dag.py:3089} INFO - Sync 1 DAGs
[2026-01-15T12:33:01.361+0000] {logging_mixin.py:188} INFO - [2026-01-15T12:33:01.361+0000] {dag.py:3947} INFO - Setting next_dagrun for monitoring_retraining_pipeline to 2026-01-15 00:00:00+00:00, run_after=2026-01-16 00:00:00+00:00
[2026-01-15T12:33:01.382+0000] {processor.py:183} INFO - Processing /opt/airflow/dags/monitoring_retraining_dag.py took 0.432 seconds
[2026-01-15T12:33:31.761+0000] {processor.py:161} INFO - Started process (PID=1379) to work on /opt/airflow/dags/monitoring_retraining_dag.py
[2026-01-15T12:33:31.763+0000] {processor.py:830} INFO - Processing file /opt/airflow/dags/monitoring_retraining_dag.py for tasks to queue
[2026-01-15T12:33:31.767+0000] {logging_mixin.py:188} INFO - [2026-01-15T12:33:31.766+0000] {dagbag.py:545} INFO - Filling up the DagBag from /opt/airflow/dags/monitoring_retraining_dag.py
[2026-01-15T12:33:32.120+0000] {processor.py:840} INFO - DAG(s) 'monitoring_retraining_pipeline' retrieved from /opt/airflow/dags/monitoring_retraining_dag.py
[2026-01-15T12:33:32.154+0000] {logging_mixin.py:188} INFO - [2026-01-15T12:33:32.154+0000] {dag.py:3089} INFO - Sync 1 DAGs
[2026-01-15T12:33:32.174+0000] {logging_mixin.py:188} INFO - [2026-01-15T12:33:32.173+0000] {dag.py:3947} INFO - Setting next_dagrun for monitoring_retraining_pipeline to 2026-01-15 00:00:00+00:00, run_after=2026-01-16 00:00:00+00:00
[2026-01-15T12:33:32.194+0000] {processor.py:183} INFO - Processing /opt/airflow/dags/monitoring_retraining_dag.py took 0.444 seconds
[2026-01-15T12:34:02.537+0000] {processor.py:161} INFO - Started process (PID=1399) to work on /opt/airflow/dags/monitoring_retraining_dag.py
[2026-01-15T12:34:02.539+0000] {processor.py:830} INFO - Processing file /opt/airflow/dags/monitoring_retraining_dag.py for tasks to queue
[2026-01-15T12:34:02.541+0000] {logging_mixin.py:188} INFO - [2026-01-15T12:34:02.540+0000] {dagbag.py:545} INFO - Filling up the DagBag from /opt/airflow/dags/monitoring_retraining_dag.py
[2026-01-15T12:34:02.852+0000] {processor.py:840} INFO - DAG(s) 'monitoring_retraining_pipeline' retrieved from /opt/airflow/dags/monitoring_retraining_dag.py
[2026-01-15T12:34:02.886+0000] {logging_mixin.py:188} INFO - [2026-01-15T12:34:02.885+0000] {dag.py:3089} INFO - Sync 1 DAGs
[2026-01-15T12:34:02.909+0000] {logging_mixin.py:188} INFO - [2026-01-15T12:34:02.909+0000] {dag.py:3947} INFO - Setting next_dagrun for monitoring_retraining_pipeline to 2026-01-15 00:00:00+00:00, run_after=2026-01-16 00:00:00+00:00
[2026-01-15T12:34:02.930+0000] {processor.py:183} INFO - Processing /opt/airflow/dags/monitoring_retraining_dag.py took 0.399 seconds
[2026-01-15T12:34:33.250+0000] {processor.py:161} INFO - Started process (PID=1405) to work on /opt/airflow/dags/monitoring_retraining_dag.py
[2026-01-15T12:34:33.251+0000] {processor.py:830} INFO - Processing file /opt/airflow/dags/monitoring_retraining_dag.py for tasks to queue
[2026-01-15T12:34:33.253+0000] {logging_mixin.py:188} INFO - [2026-01-15T12:34:33.253+0000] {dagbag.py:545} INFO - Filling up the DagBag from /opt/airflow/dags/monitoring_retraining_dag.py
[2026-01-15T12:34:34.076+0000] {processor.py:840} INFO - DAG(s) 'monitoring_retraining_pipeline' retrieved from /opt/airflow/dags/monitoring_retraining_dag.py
[2026-01-15T12:34:34.113+0000] {logging_mixin.py:188} INFO - [2026-01-15T12:34:34.112+0000] {dag.py:3089} INFO - Sync 1 DAGs
[2026-01-15T12:34:34.134+0000] {logging_mixin.py:188} INFO - [2026-01-15T12:34:34.134+0000] {dag.py:3947} INFO - Setting next_dagrun for monitoring_retraining_pipeline to 2026-01-15 00:00:00+00:00, run_after=2026-01-16 00:00:00+00:00
[2026-01-15T12:34:34.160+0000] {processor.py:183} INFO - Processing /opt/airflow/dags/monitoring_retraining_dag.py took 0.917 seconds
[2026-01-15T12:35:04.475+0000] {processor.py:161} INFO - Started process (PID=1411) to work on /opt/airflow/dags/monitoring_retraining_dag.py
[2026-01-15T12:35:04.477+0000] {processor.py:830} INFO - Processing file /opt/airflow/dags/monitoring_retraining_dag.py for tasks to queue
[2026-01-15T12:35:04.479+0000] {logging_mixin.py:188} INFO - [2026-01-15T12:35:04.479+0000] {dagbag.py:545} INFO - Filling up the DagBag from /opt/airflow/dags/monitoring_retraining_dag.py
[2026-01-15T12:35:04.779+0000] {processor.py:840} INFO - DAG(s) 'monitoring_retraining_pipeline' retrieved from /opt/airflow/dags/monitoring_retraining_dag.py
[2026-01-15T12:35:04.814+0000] {logging_mixin.py:188} INFO - [2026-01-15T12:35:04.813+0000] {dag.py:3089} INFO - Sync 1 DAGs
[2026-01-15T12:35:04.835+0000] {logging_mixin.py:188} INFO - [2026-01-15T12:35:04.834+0000] {dag.py:3947} INFO - Setting next_dagrun for monitoring_retraining_pipeline to 2026-01-15 00:00:00+00:00, run_after=2026-01-16 00:00:00+00:00
[2026-01-15T12:35:04.853+0000] {processor.py:183} INFO - Processing /opt/airflow/dags/monitoring_retraining_dag.py took 0.385 seconds
[2026-01-15T12:35:35.212+0000] {processor.py:161} INFO - Started process (PID=1417) to work on /opt/airflow/dags/monitoring_retraining_dag.py
[2026-01-15T12:35:35.213+0000] {processor.py:830} INFO - Processing file /opt/airflow/dags/monitoring_retraining_dag.py for tasks to queue
[2026-01-15T12:35:35.215+0000] {logging_mixin.py:188} INFO - [2026-01-15T12:35:35.215+0000] {dagbag.py:545} INFO - Filling up the DagBag from /opt/airflow/dags/monitoring_retraining_dag.py
[2026-01-15T12:35:35.506+0000] {processor.py:840} INFO - DAG(s) 'monitoring_retraining_pipeline' retrieved from /opt/airflow/dags/monitoring_retraining_dag.py
[2026-01-15T12:35:35.537+0000] {logging_mixin.py:188} INFO - [2026-01-15T12:35:35.536+0000] {dag.py:3089} INFO - Sync 1 DAGs
[2026-01-15T12:35:35.558+0000] {logging_mixin.py:188} INFO - [2026-01-15T12:35:35.558+0000] {dag.py:3947} INFO - Setting next_dagrun for monitoring_retraining_pipeline to 2026-01-15 00:00:00+00:00, run_after=2026-01-16 00:00:00+00:00
[2026-01-15T12:35:35.577+0000] {processor.py:183} INFO - Processing /opt/airflow/dags/monitoring_retraining_dag.py took 0.372 seconds
[2026-01-15T12:36:05.880+0000] {processor.py:161} INFO - Started process (PID=1423) to work on /opt/airflow/dags/monitoring_retraining_dag.py
[2026-01-15T12:36:05.881+0000] {processor.py:830} INFO - Processing file /opt/airflow/dags/monitoring_retraining_dag.py for tasks to queue
[2026-01-15T12:36:05.884+0000] {logging_mixin.py:188} INFO - [2026-01-15T12:36:05.883+0000] {dagbag.py:545} INFO - Filling up the DagBag from /opt/airflow/dags/monitoring_retraining_dag.py
[2026-01-15T12:36:06.207+0000] {processor.py:840} INFO - DAG(s) 'monitoring_retraining_pipeline' retrieved from /opt/airflow/dags/monitoring_retraining_dag.py
[2026-01-15T12:36:06.243+0000] {logging_mixin.py:188} INFO - [2026-01-15T12:36:06.242+0000] {dag.py:3089} INFO - Sync 1 DAGs
[2026-01-15T12:36:06.265+0000] {logging_mixin.py:188} INFO - [2026-01-15T12:36:06.265+0000] {dag.py:3947} INFO - Setting next_dagrun for monitoring_retraining_pipeline to 2026-01-15 00:00:00+00:00, run_after=2026-01-16 00:00:00+00:00
[2026-01-15T12:36:06.285+0000] {processor.py:183} INFO - Processing /opt/airflow/dags/monitoring_retraining_dag.py took 0.412 seconds
[2026-01-15T12:36:36.601+0000] {processor.py:161} INFO - Started process (PID=1429) to work on /opt/airflow/dags/monitoring_retraining_dag.py
[2026-01-15T12:36:36.603+0000] {processor.py:830} INFO - Processing file /opt/airflow/dags/monitoring_retraining_dag.py for tasks to queue
[2026-01-15T12:36:36.605+0000] {logging_mixin.py:188} INFO - [2026-01-15T12:36:36.604+0000] {dagbag.py:545} INFO - Filling up the DagBag from /opt/airflow/dags/monitoring_retraining_dag.py
[2026-01-15T12:36:36.933+0000] {processor.py:840} INFO - DAG(s) 'monitoring_retraining_pipeline' retrieved from /opt/airflow/dags/monitoring_retraining_dag.py
[2026-01-15T12:36:36.972+0000] {logging_mixin.py:188} INFO - [2026-01-15T12:36:36.972+0000] {dag.py:3089} INFO - Sync 1 DAGs
[2026-01-15T12:36:36.995+0000] {logging_mixin.py:188} INFO - [2026-01-15T12:36:36.995+0000] {dag.py:3947} INFO - Setting next_dagrun for monitoring_retraining_pipeline to 2026-01-15 00:00:00+00:00, run_after=2026-01-16 00:00:00+00:00
[2026-01-15T12:36:37.014+0000] {processor.py:183} INFO - Processing /opt/airflow/dags/monitoring_retraining_dag.py took 0.421 seconds
[2026-01-15T12:37:07.333+0000] {processor.py:161} INFO - Started process (PID=1435) to work on /opt/airflow/dags/monitoring_retraining_dag.py
[2026-01-15T12:37:07.335+0000] {processor.py:830} INFO - Processing file /opt/airflow/dags/monitoring_retraining_dag.py for tasks to queue
[2026-01-15T12:37:07.337+0000] {logging_mixin.py:188} INFO - [2026-01-15T12:37:07.337+0000] {dagbag.py:545} INFO - Filling up the DagBag from /opt/airflow/dags/monitoring_retraining_dag.py
[2026-01-15T12:37:07.680+0000] {processor.py:840} INFO - DAG(s) 'monitoring_retraining_pipeline' retrieved from /opt/airflow/dags/monitoring_retraining_dag.py
[2026-01-15T12:37:07.719+0000] {logging_mixin.py:188} INFO - [2026-01-15T12:37:07.718+0000] {dag.py:3089} INFO - Sync 1 DAGs
[2026-01-15T12:37:07.743+0000] {logging_mixin.py:188} INFO - [2026-01-15T12:37:07.742+0000] {dag.py:3947} INFO - Setting next_dagrun for monitoring_retraining_pipeline to 2026-01-15 00:00:00+00:00, run_after=2026-01-16 00:00:00+00:00
[2026-01-15T12:37:07.764+0000] {processor.py:183} INFO - Processing /opt/airflow/dags/monitoring_retraining_dag.py took 0.438 seconds
[2026-01-15T12:37:38.122+0000] {processor.py:161} INFO - Started process (PID=1441) to work on /opt/airflow/dags/monitoring_retraining_dag.py
[2026-01-15T12:37:38.123+0000] {processor.py:830} INFO - Processing file /opt/airflow/dags/monitoring_retraining_dag.py for tasks to queue
[2026-01-15T12:37:38.125+0000] {logging_mixin.py:188} INFO - [2026-01-15T12:37:38.125+0000] {dagbag.py:545} INFO - Filling up the DagBag from /opt/airflow/dags/monitoring_retraining_dag.py
[2026-01-15T12:37:38.439+0000] {processor.py:840} INFO - DAG(s) 'monitoring_retraining_pipeline' retrieved from /opt/airflow/dags/monitoring_retraining_dag.py
[2026-01-15T12:37:38.477+0000] {logging_mixin.py:188} INFO - [2026-01-15T12:37:38.476+0000] {dag.py:3089} INFO - Sync 1 DAGs
[2026-01-15T12:37:38.498+0000] {logging_mixin.py:188} INFO - [2026-01-15T12:37:38.497+0000] {dag.py:3947} INFO - Setting next_dagrun for monitoring_retraining_pipeline to 2026-01-15 00:00:00+00:00, run_after=2026-01-16 00:00:00+00:00
[2026-01-15T12:37:38.516+0000] {processor.py:183} INFO - Processing /opt/airflow/dags/monitoring_retraining_dag.py took 0.401 seconds
[2026-01-15T12:38:08.826+0000] {processor.py:161} INFO - Started process (PID=1447) to work on /opt/airflow/dags/monitoring_retraining_dag.py
[2026-01-15T12:38:08.827+0000] {processor.py:830} INFO - Processing file /opt/airflow/dags/monitoring_retraining_dag.py for tasks to queue
[2026-01-15T12:38:08.830+0000] {logging_mixin.py:188} INFO - [2026-01-15T12:38:08.829+0000] {dagbag.py:545} INFO - Filling up the DagBag from /opt/airflow/dags/monitoring_retraining_dag.py
[2026-01-15T12:38:09.130+0000] {processor.py:840} INFO - DAG(s) 'monitoring_retraining_pipeline' retrieved from /opt/airflow/dags/monitoring_retraining_dag.py
[2026-01-15T12:38:09.169+0000] {logging_mixin.py:188} INFO - [2026-01-15T12:38:09.169+0000] {dag.py:3089} INFO - Sync 1 DAGs
[2026-01-15T12:38:09.192+0000] {logging_mixin.py:188} INFO - [2026-01-15T12:38:09.192+0000] {dag.py:3947} INFO - Setting next_dagrun for monitoring_retraining_pipeline to 2026-01-15 00:00:00+00:00, run_after=2026-01-16 00:00:00+00:00
[2026-01-15T12:38:09.212+0000] {processor.py:183} INFO - Processing /opt/airflow/dags/monitoring_retraining_dag.py took 0.393 seconds
[2026-01-15T12:38:39.615+0000] {processor.py:161} INFO - Started process (PID=1453) to work on /opt/airflow/dags/monitoring_retraining_dag.py
[2026-01-15T12:38:39.616+0000] {processor.py:830} INFO - Processing file /opt/airflow/dags/monitoring_retraining_dag.py for tasks to queue
[2026-01-15T12:38:39.619+0000] {logging_mixin.py:188} INFO - [2026-01-15T12:38:39.618+0000] {dagbag.py:545} INFO - Filling up the DagBag from /opt/airflow/dags/monitoring_retraining_dag.py
[2026-01-15T12:38:39.924+0000] {processor.py:840} INFO - DAG(s) 'monitoring_retraining_pipeline' retrieved from /opt/airflow/dags/monitoring_retraining_dag.py
[2026-01-15T12:38:39.960+0000] {logging_mixin.py:188} INFO - [2026-01-15T12:38:39.960+0000] {dag.py:3089} INFO - Sync 1 DAGs
[2026-01-15T12:38:39.983+0000] {logging_mixin.py:188} INFO - [2026-01-15T12:38:39.983+0000] {dag.py:3947} INFO - Setting next_dagrun for monitoring_retraining_pipeline to 2026-01-15 00:00:00+00:00, run_after=2026-01-16 00:00:00+00:00
[2026-01-15T12:38:40.003+0000] {processor.py:183} INFO - Processing /opt/airflow/dags/monitoring_retraining_dag.py took 0.394 seconds
[2026-01-15T12:39:10.317+0000] {processor.py:161} INFO - Started process (PID=1459) to work on /opt/airflow/dags/monitoring_retraining_dag.py
[2026-01-15T12:39:10.318+0000] {processor.py:830} INFO - Processing file /opt/airflow/dags/monitoring_retraining_dag.py for tasks to queue
[2026-01-15T12:39:10.320+0000] {logging_mixin.py:188} INFO - [2026-01-15T12:39:10.320+0000] {dagbag.py:545} INFO - Filling up the DagBag from /opt/airflow/dags/monitoring_retraining_dag.py
[2026-01-15T12:39:10.658+0000] {processor.py:840} INFO - DAG(s) 'monitoring_retraining_pipeline' retrieved from /opt/airflow/dags/monitoring_retraining_dag.py
[2026-01-15T12:39:10.695+0000] {logging_mixin.py:188} INFO - [2026-01-15T12:39:10.694+0000] {dag.py:3089} INFO - Sync 1 DAGs
[2026-01-15T12:39:10.741+0000] {logging_mixin.py:188} INFO - [2026-01-15T12:39:10.741+0000] {dag.py:3947} INFO - Setting next_dagrun for monitoring_retraining_pipeline to 2026-01-15 00:00:00+00:00, run_after=2026-01-16 00:00:00+00:00
[2026-01-15T12:39:10.782+0000] {processor.py:183} INFO - Processing /opt/airflow/dags/monitoring_retraining_dag.py took 0.473 seconds
[2026-01-15T12:39:41.140+0000] {processor.py:161} INFO - Started process (PID=1465) to work on /opt/airflow/dags/monitoring_retraining_dag.py
[2026-01-15T12:39:41.142+0000] {processor.py:830} INFO - Processing file /opt/airflow/dags/monitoring_retraining_dag.py for tasks to queue
[2026-01-15T12:39:41.144+0000] {logging_mixin.py:188} INFO - [2026-01-15T12:39:41.144+0000] {dagbag.py:545} INFO - Filling up the DagBag from /opt/airflow/dags/monitoring_retraining_dag.py
[2026-01-15T12:39:41.467+0000] {processor.py:840} INFO - DAG(s) 'monitoring_retraining_pipeline' retrieved from /opt/airflow/dags/monitoring_retraining_dag.py
[2026-01-15T12:39:41.505+0000] {logging_mixin.py:188} INFO - [2026-01-15T12:39:41.504+0000] {dag.py:3089} INFO - Sync 1 DAGs
[2026-01-15T12:39:41.528+0000] {logging_mixin.py:188} INFO - [2026-01-15T12:39:41.527+0000] {dag.py:3947} INFO - Setting next_dagrun for monitoring_retraining_pipeline to 2026-01-15 00:00:00+00:00, run_after=2026-01-16 00:00:00+00:00
[2026-01-15T12:39:41.552+0000] {processor.py:183} INFO - Processing /opt/airflow/dags/monitoring_retraining_dag.py took 0.419 seconds
[2026-01-15T12:40:11.920+0000] {processor.py:161} INFO - Started process (PID=1471) to work on /opt/airflow/dags/monitoring_retraining_dag.py
[2026-01-15T12:40:11.921+0000] {processor.py:830} INFO - Processing file /opt/airflow/dags/monitoring_retraining_dag.py for tasks to queue
[2026-01-15T12:40:11.923+0000] {logging_mixin.py:188} INFO - [2026-01-15T12:40:11.923+0000] {dagbag.py:545} INFO - Filling up the DagBag from /opt/airflow/dags/monitoring_retraining_dag.py
[2026-01-15T12:40:12.223+0000] {processor.py:840} INFO - DAG(s) 'monitoring_retraining_pipeline' retrieved from /opt/airflow/dags/monitoring_retraining_dag.py
[2026-01-15T12:40:12.268+0000] {logging_mixin.py:188} INFO - [2026-01-15T12:40:12.268+0000] {dag.py:3089} INFO - Sync 1 DAGs
[2026-01-15T12:40:12.292+0000] {logging_mixin.py:188} INFO - [2026-01-15T12:40:12.292+0000] {dag.py:3947} INFO - Setting next_dagrun for monitoring_retraining_pipeline to 2026-01-15 00:00:00+00:00, run_after=2026-01-16 00:00:00+00:00
[2026-01-15T12:40:12.313+0000] {processor.py:183} INFO - Processing /opt/airflow/dags/monitoring_retraining_dag.py took 0.400 seconds
[2026-01-15T12:40:42.652+0000] {processor.py:161} INFO - Started process (PID=1477) to work on /opt/airflow/dags/monitoring_retraining_dag.py
[2026-01-15T12:40:42.653+0000] {processor.py:830} INFO - Processing file /opt/airflow/dags/monitoring_retraining_dag.py for tasks to queue
[2026-01-15T12:40:42.655+0000] {logging_mixin.py:188} INFO - [2026-01-15T12:40:42.655+0000] {dagbag.py:545} INFO - Filling up the DagBag from /opt/airflow/dags/monitoring_retraining_dag.py
[2026-01-15T12:40:42.981+0000] {processor.py:840} INFO - DAG(s) 'monitoring_retraining_pipeline' retrieved from /opt/airflow/dags/monitoring_retraining_dag.py
[2026-01-15T12:40:43.018+0000] {logging_mixin.py:188} INFO - [2026-01-15T12:40:43.018+0000] {dag.py:3089} INFO - Sync 1 DAGs
[2026-01-15T12:40:43.041+0000] {logging_mixin.py:188} INFO - [2026-01-15T12:40:43.041+0000] {dag.py:3947} INFO - Setting next_dagrun for monitoring_retraining_pipeline to 2026-01-15 00:00:00+00:00, run_after=2026-01-16 00:00:00+00:00
[2026-01-15T12:40:43.061+0000] {processor.py:183} INFO - Processing /opt/airflow/dags/monitoring_retraining_dag.py took 0.416 seconds
[2026-01-15T12:41:13.396+0000] {processor.py:161} INFO - Started process (PID=1483) to work on /opt/airflow/dags/monitoring_retraining_dag.py
[2026-01-15T12:41:13.397+0000] {processor.py:830} INFO - Processing file /opt/airflow/dags/monitoring_retraining_dag.py for tasks to queue
[2026-01-15T12:41:13.399+0000] {logging_mixin.py:188} INFO - [2026-01-15T12:41:13.399+0000] {dagbag.py:545} INFO - Filling up the DagBag from /opt/airflow/dags/monitoring_retraining_dag.py
[2026-01-15T12:41:14.096+0000] {processor.py:840} INFO - DAG(s) 'monitoring_retraining_pipeline' retrieved from /opt/airflow/dags/monitoring_retraining_dag.py
[2026-01-15T12:41:14.144+0000] {logging_mixin.py:188} INFO - [2026-01-15T12:41:14.143+0000] {dag.py:3089} INFO - Sync 1 DAGs
[2026-01-15T12:41:14.176+0000] {logging_mixin.py:188} INFO - [2026-01-15T12:41:14.176+0000] {dag.py:3947} INFO - Setting next_dagrun for monitoring_retraining_pipeline to 2026-01-15 00:00:00+00:00, run_after=2026-01-16 00:00:00+00:00
[2026-01-15T12:41:14.202+0000] {processor.py:183} INFO - Processing /opt/airflow/dags/monitoring_retraining_dag.py took 0.813 seconds
[2026-01-15T12:41:44.529+0000] {processor.py:161} INFO - Started process (PID=1489) to work on /opt/airflow/dags/monitoring_retraining_dag.py
[2026-01-15T12:41:44.531+0000] {processor.py:830} INFO - Processing file /opt/airflow/dags/monitoring_retraining_dag.py for tasks to queue
[2026-01-15T12:41:44.534+0000] {logging_mixin.py:188} INFO - [2026-01-15T12:41:44.533+0000] {dagbag.py:545} INFO - Filling up the DagBag from /opt/airflow/dags/monitoring_retraining_dag.py
[2026-01-15T12:41:44.853+0000] {processor.py:840} INFO - DAG(s) 'monitoring_retraining_pipeline' retrieved from /opt/airflow/dags/monitoring_retraining_dag.py
[2026-01-15T12:41:44.893+0000] {logging_mixin.py:188} INFO - [2026-01-15T12:41:44.893+0000] {dag.py:3089} INFO - Sync 1 DAGs
[2026-01-15T12:41:44.918+0000] {logging_mixin.py:188} INFO - [2026-01-15T12:41:44.918+0000] {dag.py:3947} INFO - Setting next_dagrun for monitoring_retraining_pipeline to 2026-01-15 00:00:00+00:00, run_after=2026-01-16 00:00:00+00:00
[2026-01-15T12:41:44.938+0000] {processor.py:183} INFO - Processing /opt/airflow/dags/monitoring_retraining_dag.py took 0.418 seconds
[2026-01-15T12:42:15.296+0000] {processor.py:161} INFO - Started process (PID=1495) to work on /opt/airflow/dags/monitoring_retraining_dag.py
[2026-01-15T12:42:15.297+0000] {processor.py:830} INFO - Processing file /opt/airflow/dags/monitoring_retraining_dag.py for tasks to queue
[2026-01-15T12:42:15.300+0000] {logging_mixin.py:188} INFO - [2026-01-15T12:42:15.300+0000] {dagbag.py:545} INFO - Filling up the DagBag from /opt/airflow/dags/monitoring_retraining_dag.py
[2026-01-15T12:42:15.645+0000] {processor.py:840} INFO - DAG(s) 'monitoring_retraining_pipeline' retrieved from /opt/airflow/dags/monitoring_retraining_dag.py
[2026-01-15T12:42:15.689+0000] {logging_mixin.py:188} INFO - [2026-01-15T12:42:15.689+0000] {dag.py:3089} INFO - Sync 1 DAGs
[2026-01-15T12:42:15.733+0000] {logging_mixin.py:188} INFO - [2026-01-15T12:42:15.733+0000] {dag.py:3947} INFO - Setting next_dagrun for monitoring_retraining_pipeline to 2026-01-15 00:00:00+00:00, run_after=2026-01-16 00:00:00+00:00
[2026-01-15T12:42:15.762+0000] {processor.py:183} INFO - Processing /opt/airflow/dags/monitoring_retraining_dag.py took 0.475 seconds
[2026-01-15T12:42:46.113+0000] {processor.py:161} INFO - Started process (PID=1501) to work on /opt/airflow/dags/monitoring_retraining_dag.py
[2026-01-15T12:42:46.114+0000] {processor.py:830} INFO - Processing file /opt/airflow/dags/monitoring_retraining_dag.py for tasks to queue
[2026-01-15T12:42:46.117+0000] {logging_mixin.py:188} INFO - [2026-01-15T12:42:46.116+0000] {dagbag.py:545} INFO - Filling up the DagBag from /opt/airflow/dags/monitoring_retraining_dag.py
[2026-01-15T12:42:46.462+0000] {processor.py:840} INFO - DAG(s) 'monitoring_retraining_pipeline' retrieved from /opt/airflow/dags/monitoring_retraining_dag.py
[2026-01-15T12:42:46.498+0000] {logging_mixin.py:188} INFO - [2026-01-15T12:42:46.497+0000] {dag.py:3089} INFO - Sync 1 DAGs
[2026-01-15T12:42:46.520+0000] {logging_mixin.py:188} INFO - [2026-01-15T12:42:46.520+0000] {dag.py:3947} INFO - Setting next_dagrun for monitoring_retraining_pipeline to 2026-01-15 00:00:00+00:00, run_after=2026-01-16 00:00:00+00:00
[2026-01-15T12:42:46.541+0000] {processor.py:183} INFO - Processing /opt/airflow/dags/monitoring_retraining_dag.py took 0.441 seconds
[2026-01-15T12:43:16.883+0000] {processor.py:161} INFO - Started process (PID=1507) to work on /opt/airflow/dags/monitoring_retraining_dag.py
[2026-01-15T12:43:16.884+0000] {processor.py:830} INFO - Processing file /opt/airflow/dags/monitoring_retraining_dag.py for tasks to queue
[2026-01-15T12:43:16.887+0000] {logging_mixin.py:188} INFO - [2026-01-15T12:43:16.886+0000] {dagbag.py:545} INFO - Filling up the DagBag from /opt/airflow/dags/monitoring_retraining_dag.py
[2026-01-15T12:43:17.240+0000] {processor.py:840} INFO - DAG(s) 'monitoring_retraining_pipeline' retrieved from /opt/airflow/dags/monitoring_retraining_dag.py
[2026-01-15T12:43:17.276+0000] {logging_mixin.py:188} INFO - [2026-01-15T12:43:17.276+0000] {dag.py:3089} INFO - Sync 1 DAGs
[2026-01-15T12:43:17.298+0000] {logging_mixin.py:188} INFO - [2026-01-15T12:43:17.298+0000] {dag.py:3947} INFO - Setting next_dagrun for monitoring_retraining_pipeline to 2026-01-15 00:00:00+00:00, run_after=2026-01-16 00:00:00+00:00
[2026-01-15T12:43:17.318+0000] {processor.py:183} INFO - Processing /opt/airflow/dags/monitoring_retraining_dag.py took 0.442 seconds
[2026-01-15T12:43:47.581+0000] {processor.py:161} INFO - Started process (PID=1513) to work on /opt/airflow/dags/monitoring_retraining_dag.py
[2026-01-15T12:43:47.583+0000] {processor.py:830} INFO - Processing file /opt/airflow/dags/monitoring_retraining_dag.py for tasks to queue
[2026-01-15T12:43:47.589+0000] {logging_mixin.py:188} INFO - [2026-01-15T12:43:47.589+0000] {dagbag.py:545} INFO - Filling up the DagBag from /opt/airflow/dags/monitoring_retraining_dag.py
[2026-01-15T12:43:47.902+0000] {processor.py:840} INFO - DAG(s) 'monitoring_retraining_pipeline' retrieved from /opt/airflow/dags/monitoring_retraining_dag.py
[2026-01-15T12:43:47.936+0000] {logging_mixin.py:188} INFO - [2026-01-15T12:43:47.936+0000] {dag.py:3089} INFO - Sync 1 DAGs
[2026-01-15T12:43:47.957+0000] {logging_mixin.py:188} INFO - [2026-01-15T12:43:47.957+0000] {dag.py:3947} INFO - Setting next_dagrun for monitoring_retraining_pipeline to 2026-01-15 00:00:00+00:00, run_after=2026-01-16 00:00:00+00:00
[2026-01-15T12:43:47.978+0000] {processor.py:183} INFO - Processing /opt/airflow/dags/monitoring_retraining_dag.py took 0.404 seconds
[2026-01-15T12:44:18.302+0000] {processor.py:161} INFO - Started process (PID=1519) to work on /opt/airflow/dags/monitoring_retraining_dag.py
[2026-01-15T12:44:18.303+0000] {processor.py:830} INFO - Processing file /opt/airflow/dags/monitoring_retraining_dag.py for tasks to queue
[2026-01-15T12:44:18.306+0000] {logging_mixin.py:188} INFO - [2026-01-15T12:44:18.305+0000] {dagbag.py:545} INFO - Filling up the DagBag from /opt/airflow/dags/monitoring_retraining_dag.py
[2026-01-15T12:44:18.623+0000] {processor.py:840} INFO - DAG(s) 'monitoring_retraining_pipeline' retrieved from /opt/airflow/dags/monitoring_retraining_dag.py
[2026-01-15T12:44:18.659+0000] {logging_mixin.py:188} INFO - [2026-01-15T12:44:18.658+0000] {dag.py:3089} INFO - Sync 1 DAGs
[2026-01-15T12:44:18.681+0000] {logging_mixin.py:188} INFO - [2026-01-15T12:44:18.681+0000] {dag.py:3947} INFO - Setting next_dagrun for monitoring_retraining_pipeline to 2026-01-15 00:00:00+00:00, run_after=2026-01-16 00:00:00+00:00
[2026-01-15T12:44:18.701+0000] {processor.py:183} INFO - Processing /opt/airflow/dags/monitoring_retraining_dag.py took 0.407 seconds
[2026-01-15T12:44:49.042+0000] {processor.py:161} INFO - Started process (PID=1525) to work on /opt/airflow/dags/monitoring_retraining_dag.py
[2026-01-15T12:44:49.043+0000] {processor.py:830} INFO - Processing file /opt/airflow/dags/monitoring_retraining_dag.py for tasks to queue
[2026-01-15T12:44:49.045+0000] {logging_mixin.py:188} INFO - [2026-01-15T12:44:49.044+0000] {dagbag.py:545} INFO - Filling up the DagBag from /opt/airflow/dags/monitoring_retraining_dag.py
[2026-01-15T12:44:49.360+0000] {processor.py:840} INFO - DAG(s) 'monitoring_retraining_pipeline' retrieved from /opt/airflow/dags/monitoring_retraining_dag.py
[2026-01-15T12:44:49.395+0000] {logging_mixin.py:188} INFO - [2026-01-15T12:44:49.395+0000] {dag.py:3089} INFO - Sync 1 DAGs
[2026-01-15T12:44:49.417+0000] {logging_mixin.py:188} INFO - [2026-01-15T12:44:49.417+0000] {dag.py:3947} INFO - Setting next_dagrun for monitoring_retraining_pipeline to 2026-01-15 00:00:00+00:00, run_after=2026-01-16 00:00:00+00:00
[2026-01-15T12:44:49.436+0000] {processor.py:183} INFO - Processing /opt/airflow/dags/monitoring_retraining_dag.py took 0.401 seconds
[2026-01-15T12:45:19.758+0000] {processor.py:161} INFO - Started process (PID=1531) to work on /opt/airflow/dags/monitoring_retraining_dag.py
[2026-01-15T12:45:19.759+0000] {processor.py:830} INFO - Processing file /opt/airflow/dags/monitoring_retraining_dag.py for tasks to queue
[2026-01-15T12:45:19.761+0000] {logging_mixin.py:188} INFO - [2026-01-15T12:45:19.761+0000] {dagbag.py:545} INFO - Filling up the DagBag from /opt/airflow/dags/monitoring_retraining_dag.py
[2026-01-15T12:45:20.102+0000] {processor.py:840} INFO - DAG(s) 'monitoring_retraining_pipeline' retrieved from /opt/airflow/dags/monitoring_retraining_dag.py
[2026-01-15T12:45:20.140+0000] {logging_mixin.py:188} INFO - [2026-01-15T12:45:20.139+0000] {dag.py:3089} INFO - Sync 1 DAGs
[2026-01-15T12:45:20.163+0000] {logging_mixin.py:188} INFO - [2026-01-15T12:45:20.163+0000] {dag.py:3947} INFO - Setting next_dagrun for monitoring_retraining_pipeline to 2026-01-15 00:00:00+00:00, run_after=2026-01-16 00:00:00+00:00
[2026-01-15T12:45:20.184+0000] {processor.py:183} INFO - Processing /opt/airflow/dags/monitoring_retraining_dag.py took 0.434 seconds
[2026-01-15T12:45:50.490+0000] {processor.py:161} INFO - Started process (PID=1537) to work on /opt/airflow/dags/monitoring_retraining_dag.py
[2026-01-15T12:45:50.492+0000] {processor.py:830} INFO - Processing file /opt/airflow/dags/monitoring_retraining_dag.py for tasks to queue
[2026-01-15T12:45:50.494+0000] {logging_mixin.py:188} INFO - [2026-01-15T12:45:50.493+0000] {dagbag.py:545} INFO - Filling up the DagBag from /opt/airflow/dags/monitoring_retraining_dag.py
[2026-01-15T12:45:50.828+0000] {processor.py:840} INFO - DAG(s) 'monitoring_retraining_pipeline' retrieved from /opt/airflow/dags/monitoring_retraining_dag.py
[2026-01-15T12:45:50.864+0000] {logging_mixin.py:188} INFO - [2026-01-15T12:45:50.864+0000] {dag.py:3089} INFO - Sync 1 DAGs
[2026-01-15T12:45:50.886+0000] {logging_mixin.py:188} INFO - [2026-01-15T12:45:50.886+0000] {dag.py:3947} INFO - Setting next_dagrun for monitoring_retraining_pipeline to 2026-01-15 00:00:00+00:00, run_after=2026-01-16 00:00:00+00:00
[2026-01-15T12:45:50.908+0000] {processor.py:183} INFO - Processing /opt/airflow/dags/monitoring_retraining_dag.py took 0.425 seconds
[2026-01-15T12:46:21.266+0000] {processor.py:161} INFO - Started process (PID=1543) to work on /opt/airflow/dags/monitoring_retraining_dag.py
[2026-01-15T12:46:21.268+0000] {processor.py:830} INFO - Processing file /opt/airflow/dags/monitoring_retraining_dag.py for tasks to queue
[2026-01-15T12:46:21.270+0000] {logging_mixin.py:188} INFO - [2026-01-15T12:46:21.270+0000] {dagbag.py:545} INFO - Filling up the DagBag from /opt/airflow/dags/monitoring_retraining_dag.py
[2026-01-15T12:46:21.579+0000] {processor.py:840} INFO - DAG(s) 'monitoring_retraining_pipeline' retrieved from /opt/airflow/dags/monitoring_retraining_dag.py
[2026-01-15T12:46:21.614+0000] {logging_mixin.py:188} INFO - [2026-01-15T12:46:21.614+0000] {dag.py:3089} INFO - Sync 1 DAGs
[2026-01-15T12:46:21.636+0000] {logging_mixin.py:188} INFO - [2026-01-15T12:46:21.636+0000] {dag.py:3947} INFO - Setting next_dagrun for monitoring_retraining_pipeline to 2026-01-15 00:00:00+00:00, run_after=2026-01-16 00:00:00+00:00
[2026-01-15T12:46:21.655+0000] {processor.py:183} INFO - Processing /opt/airflow/dags/monitoring_retraining_dag.py took 0.396 seconds
[2026-01-15T12:46:51.940+0000] {processor.py:161} INFO - Started process (PID=1549) to work on /opt/airflow/dags/monitoring_retraining_dag.py
[2026-01-15T12:46:51.942+0000] {processor.py:830} INFO - Processing file /opt/airflow/dags/monitoring_retraining_dag.py for tasks to queue
[2026-01-15T12:46:51.944+0000] {logging_mixin.py:188} INFO - [2026-01-15T12:46:51.943+0000] {dagbag.py:545} INFO - Filling up the DagBag from /opt/airflow/dags/monitoring_retraining_dag.py
[2026-01-15T12:46:52.270+0000] {processor.py:840} INFO - DAG(s) 'monitoring_retraining_pipeline' retrieved from /opt/airflow/dags/monitoring_retraining_dag.py
[2026-01-15T12:46:52.307+0000] {logging_mixin.py:188} INFO - [2026-01-15T12:46:52.307+0000] {dag.py:3089} INFO - Sync 1 DAGs
[2026-01-15T12:46:52.329+0000] {logging_mixin.py:188} INFO - [2026-01-15T12:46:52.329+0000] {dag.py:3947} INFO - Setting next_dagrun for monitoring_retraining_pipeline to 2026-01-15 00:00:00+00:00, run_after=2026-01-16 00:00:00+00:00
[2026-01-15T12:46:52.350+0000] {processor.py:183} INFO - Processing /opt/airflow/dags/monitoring_retraining_dag.py took 0.417 seconds
[2026-01-15T12:47:22.643+0000] {processor.py:161} INFO - Started process (PID=1555) to work on /opt/airflow/dags/monitoring_retraining_dag.py
[2026-01-15T12:47:22.644+0000] {processor.py:830} INFO - Processing file /opt/airflow/dags/monitoring_retraining_dag.py for tasks to queue
[2026-01-15T12:47:22.647+0000] {logging_mixin.py:188} INFO - [2026-01-15T12:47:22.646+0000] {dagbag.py:545} INFO - Filling up the DagBag from /opt/airflow/dags/monitoring_retraining_dag.py
[2026-01-15T12:47:22.967+0000] {processor.py:840} INFO - DAG(s) 'monitoring_retraining_pipeline' retrieved from /opt/airflow/dags/monitoring_retraining_dag.py
[2026-01-15T12:47:23.003+0000] {logging_mixin.py:188} INFO - [2026-01-15T12:47:23.003+0000] {dag.py:3089} INFO - Sync 1 DAGs
[2026-01-15T12:47:23.026+0000] {logging_mixin.py:188} INFO - [2026-01-15T12:47:23.026+0000] {dag.py:3947} INFO - Setting next_dagrun for monitoring_retraining_pipeline to 2026-01-15 00:00:00+00:00, run_after=2026-01-16 00:00:00+00:00
[2026-01-15T12:47:23.045+0000] {processor.py:183} INFO - Processing /opt/airflow/dags/monitoring_retraining_dag.py took 0.409 seconds
[2026-01-15T12:47:53.338+0000] {processor.py:161} INFO - Started process (PID=1561) to work on /opt/airflow/dags/monitoring_retraining_dag.py
[2026-01-15T12:47:53.340+0000] {processor.py:830} INFO - Processing file /opt/airflow/dags/monitoring_retraining_dag.py for tasks to queue
[2026-01-15T12:47:53.342+0000] {logging_mixin.py:188} INFO - [2026-01-15T12:47:53.342+0000] {dagbag.py:545} INFO - Filling up the DagBag from /opt/airflow/dags/monitoring_retraining_dag.py
[2026-01-15T12:47:53.662+0000] {processor.py:840} INFO - DAG(s) 'monitoring_retraining_pipeline' retrieved from /opt/airflow/dags/monitoring_retraining_dag.py
[2026-01-15T12:47:53.699+0000] {logging_mixin.py:188} INFO - [2026-01-15T12:47:53.698+0000] {dag.py:3089} INFO - Sync 1 DAGs
[2026-01-15T12:47:53.721+0000] {logging_mixin.py:188} INFO - [2026-01-15T12:47:53.720+0000] {dag.py:3947} INFO - Setting next_dagrun for monitoring_retraining_pipeline to 2026-01-15 00:00:00+00:00, run_after=2026-01-16 00:00:00+00:00
[2026-01-15T12:47:53.741+0000] {processor.py:183} INFO - Processing /opt/airflow/dags/monitoring_retraining_dag.py took 0.410 seconds
[2026-01-15T12:48:24.154+0000] {processor.py:161} INFO - Started process (PID=1567) to work on /opt/airflow/dags/monitoring_retraining_dag.py
[2026-01-15T12:48:24.172+0000] {processor.py:830} INFO - Processing file /opt/airflow/dags/monitoring_retraining_dag.py for tasks to queue
[2026-01-15T12:48:24.177+0000] {logging_mixin.py:188} INFO - [2026-01-15T12:48:24.176+0000] {dagbag.py:545} INFO - Filling up the DagBag from /opt/airflow/dags/monitoring_retraining_dag.py
[2026-01-15T12:48:25.226+0000] {processor.py:840} INFO - DAG(s) 'monitoring_retraining_pipeline' retrieved from /opt/airflow/dags/monitoring_retraining_dag.py
[2026-01-15T12:48:25.263+0000] {logging_mixin.py:188} INFO - [2026-01-15T12:48:25.263+0000] {dag.py:3089} INFO - Sync 1 DAGs
[2026-01-15T12:48:25.287+0000] {logging_mixin.py:188} INFO - [2026-01-15T12:48:25.287+0000] {dag.py:3947} INFO - Setting next_dagrun for monitoring_retraining_pipeline to 2026-01-15 00:00:00+00:00, run_after=2026-01-16 00:00:00+00:00
[2026-01-15T12:48:25.309+0000] {processor.py:183} INFO - Processing /opt/airflow/dags/monitoring_retraining_dag.py took 1.198 seconds
[2026-01-15T12:48:55.578+0000] {processor.py:161} INFO - Started process (PID=1573) to work on /opt/airflow/dags/monitoring_retraining_dag.py
[2026-01-15T12:48:55.580+0000] {processor.py:830} INFO - Processing file /opt/airflow/dags/monitoring_retraining_dag.py for tasks to queue
[2026-01-15T12:48:55.582+0000] {logging_mixin.py:188} INFO - [2026-01-15T12:48:55.581+0000] {dagbag.py:545} INFO - Filling up the DagBag from /opt/airflow/dags/monitoring_retraining_dag.py
[2026-01-15T12:48:55.896+0000] {processor.py:840} INFO - DAG(s) 'monitoring_retraining_pipeline' retrieved from /opt/airflow/dags/monitoring_retraining_dag.py
[2026-01-15T12:48:55.932+0000] {logging_mixin.py:188} INFO - [2026-01-15T12:48:55.932+0000] {dag.py:3089} INFO - Sync 1 DAGs
[2026-01-15T12:48:55.955+0000] {logging_mixin.py:188} INFO - [2026-01-15T12:48:55.955+0000] {dag.py:3947} INFO - Setting next_dagrun for monitoring_retraining_pipeline to 2026-01-15 00:00:00+00:00, run_after=2026-01-16 00:00:00+00:00
[2026-01-15T12:48:55.975+0000] {processor.py:183} INFO - Processing /opt/airflow/dags/monitoring_retraining_dag.py took 0.404 seconds
[2026-01-15T12:49:26.352+0000] {processor.py:161} INFO - Started process (PID=1579) to work on /opt/airflow/dags/monitoring_retraining_dag.py
[2026-01-15T12:49:26.353+0000] {processor.py:830} INFO - Processing file /opt/airflow/dags/monitoring_retraining_dag.py for tasks to queue
[2026-01-15T12:49:26.356+0000] {logging_mixin.py:188} INFO - [2026-01-15T12:49:26.355+0000] {dagbag.py:545} INFO - Filling up the DagBag from /opt/airflow/dags/monitoring_retraining_dag.py
[2026-01-15T12:49:26.690+0000] {processor.py:840} INFO - DAG(s) 'monitoring_retraining_pipeline' retrieved from /opt/airflow/dags/monitoring_retraining_dag.py
[2026-01-15T12:49:26.729+0000] {logging_mixin.py:188} INFO - [2026-01-15T12:49:26.728+0000] {dag.py:3089} INFO - Sync 1 DAGs
[2026-01-15T12:49:26.752+0000] {logging_mixin.py:188} INFO - [2026-01-15T12:49:26.752+0000] {dag.py:3947} INFO - Setting next_dagrun for monitoring_retraining_pipeline to 2026-01-15 00:00:00+00:00, run_after=2026-01-16 00:00:00+00:00
[2026-01-15T12:49:26.774+0000] {processor.py:183} INFO - Processing /opt/airflow/dags/monitoring_retraining_dag.py took 0.430 seconds
[2026-01-15T12:49:57.074+0000] {processor.py:161} INFO - Started process (PID=1585) to work on /opt/airflow/dags/monitoring_retraining_dag.py
[2026-01-15T12:49:57.075+0000] {processor.py:830} INFO - Processing file /opt/airflow/dags/monitoring_retraining_dag.py for tasks to queue
[2026-01-15T12:49:57.078+0000] {logging_mixin.py:188} INFO - [2026-01-15T12:49:57.077+0000] {dagbag.py:545} INFO - Filling up the DagBag from /opt/airflow/dags/monitoring_retraining_dag.py
[2026-01-15T12:49:57.400+0000] {processor.py:840} INFO - DAG(s) 'monitoring_retraining_pipeline' retrieved from /opt/airflow/dags/monitoring_retraining_dag.py
[2026-01-15T12:49:57.435+0000] {logging_mixin.py:188} INFO - [2026-01-15T12:49:57.435+0000] {dag.py:3089} INFO - Sync 1 DAGs
[2026-01-15T12:49:57.457+0000] {logging_mixin.py:188} INFO - [2026-01-15T12:49:57.457+0000] {dag.py:3947} INFO - Setting next_dagrun for monitoring_retraining_pipeline to 2026-01-15 00:00:00+00:00, run_after=2026-01-16 00:00:00+00:00
[2026-01-15T12:49:57.477+0000] {processor.py:183} INFO - Processing /opt/airflow/dags/monitoring_retraining_dag.py took 0.409 seconds
[2026-01-15T12:50:26.746+0000] {processor.py:161} INFO - Started process (PID=1591) to work on /opt/airflow/dags/monitoring_retraining_dag.py
[2026-01-15T12:50:26.747+0000] {processor.py:830} INFO - Processing file /opt/airflow/dags/monitoring_retraining_dag.py for tasks to queue
[2026-01-15T12:50:26.749+0000] {logging_mixin.py:188} INFO - [2026-01-15T12:50:26.749+0000] {dagbag.py:545} INFO - Filling up the DagBag from /opt/airflow/dags/monitoring_retraining_dag.py
[2026-01-15T12:50:27.080+0000] {processor.py:840} INFO - DAG(s) 'monitoring_retraining_pipeline' retrieved from /opt/airflow/dags/monitoring_retraining_dag.py
[2026-01-15T12:50:27.120+0000] {logging_mixin.py:188} INFO - [2026-01-15T12:50:27.119+0000] {dag.py:3089} INFO - Sync 1 DAGs
[2026-01-15T12:50:27.146+0000] {logging_mixin.py:188} INFO - [2026-01-15T12:50:27.145+0000] {dag.py:3947} INFO - Setting next_dagrun for monitoring_retraining_pipeline to 2026-01-15 00:00:00+00:00, run_after=2026-01-16 00:00:00+00:00
[2026-01-15T12:50:27.172+0000] {processor.py:183} INFO - Processing /opt/airflow/dags/monitoring_retraining_dag.py took 0.432 seconds
